order,node_id_1based,x,y,next_node_id_1based
0,1,12661.6667,86437.2222,1454
1,1454,12661.6667,86437.2222,3087
2,3087,12661.6667,86437.2222,561
3,561,12616.6667,86450.0,1823
4,1823,12600.0,86450.0,3119
5,3119,12583.3333,86400.0,1888
6,1888,12583.3333,86400.0,3128
7,3128,12566.6667,86416.6667,3120
8,3120,12566.6667,86416.6667,548
9,548,12533.3333,86400.0,3076
10,3076,12533.3333,86400.0,109
11,109,12500.0,86366.6667,1009
12,1009,12492.2222,86357.5,1472
13,1472,12466.6667,86400.0,2931
14,2931,12482.7778,86433.6111,779
15,779,12500.0,86433.3333,1470
16,1470,12500.0,86450.0,2553
17,2553,12472.7778,86464.4444,124
18,124,12450.0,86466.6667,2791
19,2791,12400.0,86483.3333,1351
20,1351,12350.0,86483.3333,2683
21,2683,12250.0,86466.6667,461
22,461,12266.6667,86483.3333,3253
23,3253,12283.3333,86533.3333,2828
24,2828,12283.3333,86533.3333,1613
25,1613,12300.0,86566.6667,2030
26,2030,12300.0,86600.0,3057
27,3057,12300.0,86600.0,1980
28,1980,12283.3333,86600.0,2485
29,2485,12283.3333,86616.6667,834
30,834,12300.0,86650.0,2561
31,2561,12333.3333,86633.3333,2463
32,2463,12350.0,86650.0,2440
33,2440,12383.3333,86616.6667,1067
34,1067,12405.5556,86611.6667,1350
35,1350,12405.5556,86611.6667,1352
36,1352,12405.5556,86611.6667,3484
37,3484,12411.1111,86618.3333,1692
38,1692,12416.6667,86633.3333,1267
39,1267,12450.0,86616.6667,3361
40,3361,12433.3333,86666.6667,575
41,575,12400.0,86666.6667,1539
42,1539,12366.6667,86666.6667,1866
43,1866,12340.0,86675.2778,1865
44,1865,12340.0,86675.2778,1864
45,1864,12340.0,86675.2778,1175
46,1175,12340.0,86675.2778,1174
47,1174,12350.0,86700.0,1861
48,1861,12350.0,86700.0,1862
49,1862,12350.0,86700.0,416
50,416,12366.6667,86700.0,707
51,707,12383.3333,86716.6667,1724
52,1724,12400.0,86733.3333,1808
53,1808,12433.3333,86733.3333,1722
54,1722,12433.3333,86750.0,614
55,614,12416.6667,86766.6667,482
56,482,12400.0,86766.6667,3411
57,3411,12383.3333,86750.0,582
58,582,12366.6667,86750.0,3410
59,3410,12366.6667,86750.0,3412
60,3412,12366.6667,86750.0,108
61,108,12333.3333,86733.3333,432
62,432,12300.0,86716.6667,1746
63,1746,12300.0,86683.3333,470
64,470,12283.3333,86683.3333,2774
65,2774,12266.6667,86683.3333,2689
66,2689,12233.3333,86666.6667,885
67,885,12250.0,86633.3333,1834
68,1834,12233.3333,86616.6667,164
69,164,12250.0,86600.0,725
70,725,12266.6667,86583.3333,1304
71,1304,12267.5,86565.2778,1303
72,1303,12267.5,86565.2778,2552
73,2552,12250.0,86550.0,678
74,678,12233.3333,86550.0,3077
75,3077,12233.3333,86550.0,2387
76,2387,12233.3333,86566.6667,708
77,708,12200.0,86600.0,1513
78,1513,12183.3333,86583.3333,3316
79,3316,12150.0,86566.6667,3301
80,3301,12133.3333,86583.3333,260
81,260,12133.3333,86583.3333,720
82,720,12116.6667,86566.6667,3303
83,3303,12116.6667,86566.6667,2049
84,2049,12100.0,86583.3333,3191
85,3191,12100.0,86583.3333,3312
86,3312,12100.0,86600.0,719
87,719,12116.6667,86616.6667,2653
88,2653,12133.3333,86650.0,1375
89,1375,12116.6667,86683.3333,2268
90,2268,12100.0,86666.6667,2652
91,2652,12100.0,86666.6667,2767
92,2767,12083.3333,86633.3333,798
93,798,12066.6667,86666.6667,2482
94,2482,12050.0,86666.6667,356
95,356,12033.3333,86633.3333,960
96,960,11983.3333,86650.0,2409
97,2409,12016.6667,86683.3333,1763
98,1763,12050.0,86700.0,223
99,223,12054.1667,86705.2778,2404
100,2404,12054.1667,86705.2778,2859
101,2859,12066.6667,86700.0,784
102,784,12100.0,86733.3333,783
103,783,12150.0,86750.0,3496
104,3496,12162.5,86755.0,1828
105,1828,12166.6667,86750.0,323
106,323,12199.4444,86763.0556,877
107,877,12199.4444,86763.0556,1061
108,1061,12199.4444,86763.0556,1063
109,1063,12199.4444,86763.0556,1072
110,1072,12199.4444,86763.0556,2429
111,2429,12199.4444,86763.0556,1131
112,1131,12216.6667,86733.3333,2428
113,2428,12237.5,86721.6667,2186
114,2186,12266.6667,86733.3333,454
115,454,12283.3333,86750.0,1819
116,1819,12283.3333,86750.0,431
117,431,12300.0,86766.6667,2402
118,2402,12300.0,86783.3333,283
119,283,12266.6667,86783.3333,2420
120,2420,12266.6667,86783.3333,550
121,550,12250.0,86800.0,1898
122,1898,12266.6667,86833.3333,958
123,958,12250.0,86866.6667,957
124,957,12250.0,86866.6667,2753
125,2753,12283.3333,86883.3333,3165
126,3165,12316.6667,86900.0,2002
127,2002,12333.3333,86883.3333,627
128,627,12300.0,86866.6667,1725
129,1725,12283.3333,86850.0,3495
130,3495,12275.2778,86842.5,927
131,927,12300.0,86816.6667,677
132,677,12333.3333,86816.6667,2853
133,2853,12333.3333,86783.3333,2851
134,2851,12333.3333,86783.3333,1553
135,1553,12333.3333,86783.3333,1794
136,1794,12350.0,86783.3333,1793
137,1793,12350.0,86783.3333,3072
138,3072,12350.0,86800.0,1166
139,1166,12350.0,86816.6667,1557
140,1557,12366.6667,86816.6667,3375
141,3375,12366.6667,86833.3333,2781
142,2781,12383.3333,86833.3333,1415
143,1415,12400.0,86833.3333,2033
144,2033,12400.0,86816.6667,2240
145,2240,12400.0,86816.6667,3058
146,3058,12400.0,86816.6667,706
147,706,12400.0,86800.0,881
148,881,12416.6667,86800.0,815
149,815,12433.3333,86800.0,518
150,518,12466.6667,86766.6667,778
151,778,12516.6667,86783.3333,2279
152,2279,12516.6667,86750.0,646
153,646,12533.3333,86733.3333,986
154,986,12533.3333,86716.6667,1815
155,1815,12533.3333,86716.6667,1093
156,1093,12566.6667,86716.6667,2497
157,2497,12566.6667,86716.6667,166
158,166,12583.3333,86716.6667,833
159,833,12566.6667,86683.3333,613
160,613,12550.0,86666.6667,1431
161,1431,12592.5,86679.7222,1253
162,1253,12616.6667,86683.3333,2569
163,2569,12616.6667,86683.3333,3121
164,3121,12616.6667,86700.0,2954
165,2954,12616.6667,86700.0,1655
166,1655,12627.7778,86702.5,177
167,177,12627.7778,86702.5,13
168,13,12627.7778,86702.5,12
169,12,12627.7778,86702.5,2386
170,2386,12627.7778,86702.5,3485
171,3485,12627.7778,86702.5,2524
172,2524,12650.0,86700.0,3108
173,3108,12650.0,86700.0,671
174,671,12650.0,86666.6667,2677
175,2677,12683.3333,86683.3333,623
176,623,12700.0,86683.3333,1369
177,1369,12736.9444,86698.6111,1842
178,1842,12716.6667,86716.6667,3220
179,3220,12700.0,86716.6667,3490
180,3490,12694.4444,86718.6111,2439
181,2439,12683.3333,86750.0,1756
182,1756,12683.3333,86783.3333,2619
183,2619,12716.6667,86783.3333,1894
184,1894,12733.3333,86783.3333,2031
185,2031,12733.3333,86816.6667,3440
186,3440,12700.0,86816.6667,2493
187,2493,12700.0,86816.6667,1188
188,1188,12700.0,86816.6667,1255
189,1255,12683.3333,86816.6667,774
190,774,12683.3333,86800.0,2725
191,2725,12666.6667,86800.0,568
192,568,12633.3333,86800.0,2985
193,2985,12616.6667,86766.6667,2825
194,2825,12616.6667,86750.0,809
195,809,12575.0,86779.7222,1008
196,1008,12550.0,86816.6667,1779
197,1779,12550.0,86816.6667,3080
198,3080,12550.0,86816.6667,3097
199,3097,12550.0,86816.6667,2988
200,2988,12533.3333,86816.6667,2632
201,2632,12533.3333,86816.6667,2176
202,2176,12533.3333,86816.6667,452
203,452,12500.0,86816.6667,1486
204,1486,12483.3333,86816.6667,2986
205,2986,12500.0,86833.3333,2989
206,2989,12500.0,86833.3333,247
207,247,12500.0,86833.3333,920
208,920,12483.3333,86850.0,716
209,716,12500.0,86850.0,289
210,289,12520.5556,86860.0,850
211,850,12550.0,86850.0,2029
212,2029,12550.0,86866.6667,919
213,919,12533.3333,86883.3333,704
214,704,12533.3333,86900.0,657
215,657,12516.6667,86916.6667,478
216,478,12516.6667,86916.6667,1039
217,1039,12506.1111,86903.3333,1041
218,1041,12506.1111,86903.3333,1132
219,1132,12483.3333,86883.3333,2987
220,2987,12483.3333,86883.3333,2780
221,2780,12483.3333,86916.6667,2199
222,2199,12500.0,86933.3333,318
223,318,12516.6667,86950.0,2424
224,2424,12516.6667,86950.0,911
225,911,12566.6667,86966.6667,489
226,489,12566.6667,86983.3333,3493
227,3493,12553.0556,86978.3333,1115
228,1115,12543.0556,86978.8889,1114
229,1114,12543.0556,86978.8889,664
230,664,12533.3333,86983.3333,2398
231,2398,12516.6667,86983.3333,1721
232,1721,12500.0,86983.3333,2952
233,2952,12483.3333,86983.3333,2962
234,2962,12483.3333,86983.3333,2964
235,2964,12483.3333,86983.3333,2963
236,2963,12483.3333,86983.3333,453
237,453,12466.6667,86966.6667,1043
238,1043,12450.0,86966.6667,1870
239,1870,12450.0,86950.0,2083
240,2083,12450.0,86933.3333,1908
241,1908,12433.3333,86933.3333,2638
242,2638,12416.6667,86933.3333,503
243,503,12400.0,86933.3333,1871
244,1871,12400.0,86916.6667,2291
245,2291,12416.6667,86883.3333,1609
246,1609,12435.5556,86879.4444,1942
247,1942,12433.3333,86850.0,3101
248,3101,12433.3333,86850.0,2180
249,2180,12450.0,86850.0,2758
250,2758,12450.0,86833.3333,430
251,430,12433.3333,86833.3333,502
252,502,12416.6667,86833.3333,2733
253,2733,12416.6667,86850.0,2967
254,2967,12416.6667,86850.0,2432
255,2432,12400.0,86866.6667,2401
256,2401,12383.3333,86866.6667,1633
257,1633,12366.6667,86866.6667,1473
258,1473,12366.6667,86883.3333,2755
259,2755,12366.6667,86883.3333,2478
260,2478,12366.6667,86900.0,598
261,598,12366.6667,86933.3333,2782
262,2782,12350.0,86966.6667,1222
263,1222,12383.3333,86983.3333,1226
264,1226,12383.3333,86983.3333,3222
265,3222,12383.3333,87000.0,1421
266,1421,12383.3333,87016.6667,1694
267,1694,12366.6667,87016.6667,1203
268,1203,12366.6667,87033.3333,1123
269,1123,12366.6667,87033.3333,597
270,597,12383.3333,87050.0,1363
271,1363,12400.0,87033.3333,923
272,923,12400.0,87016.6667,549
273,549,12416.6667,86983.3333,2290
274,2290,12416.6667,87016.6667,395
275,395,12433.3333,87033.3333,1124
276,1124,12450.0,87050.0,1208
277,1208,12450.0,87050.0,2202
278,2202,12450.0,87050.0,2516
279,2516,12450.0,87050.0,2001
280,2001,12466.6667,87033.3333,3000
281,3000,12483.3333,87050.0,3001
282,3001,12483.3333,87050.0,1192
283,1192,12466.6667,87066.6667,1069
284,1069,12483.3333,87116.6667,1073
285,1073,12466.6667,87116.6667,2837
286,2837,12466.6667,87116.6667,3326
287,3326,12466.6667,87116.6667,1586
288,1586,12450.0,87166.6667,2960
289,2960,12483.3333,87166.6667,3083
290,3083,12516.6667,87200.0,1196
291,1196,12516.6667,87200.0,2377
292,2377,12533.3333,87216.6667,1197
293,1197,12550.0,87233.3333,3084
294,3084,12550.0,87233.3333,2321
295,2321,12566.6667,87233.3333,860
296,860,12566.6667,87216.6667,766
297,766,12583.3333,87200.0,428
298,428,12583.3333,87200.0,777
299,777,12583.3333,87200.0,3056
300,3056,12583.3333,87233.3333,681
301,681,12583.3333,87266.6667,9
302,9,12566.6667,87300.0,1059
303,1059,12566.6667,87300.0,2370
304,2370,12566.6667,87300.0,3086
305,3086,12583.3333,87283.3333,1440
306,1440,12583.3333,87283.3333,1845
307,1845,12600.0,87283.3333,1988
308,1988,12616.6667,87283.3333,2027
309,2027,12616.6667,87300.0,1344
310,1344,12650.0,87300.0,1787
311,1787,12666.6667,87283.3333,2676
312,2676,12650.0,87266.6667,2501
313,2501,12633.3333,87266.6667,2844
314,2844,12616.6667,87233.3333,3334
315,3334,12616.6667,87233.3333,546
316,546,12650.0,87233.3333,803
317,803,12650.0,87216.6667,1970
318,1970,12666.6667,87216.6667,123
319,123,12650.0,87200.0,3317
320,3317,12633.3333,87200.0,2531
321,2531,12616.6667,87183.3333,3037
322,3037,12616.6667,87150.0,2507
323,2507,12633.3333,87150.0,1949
324,1949,12633.3333,87150.0,1622
325,1622,12633.3333,87150.0,2166
326,2166,12650.0,87150.0,111
327,111,12666.6667,87166.6667,2379
328,2379,12666.6667,87166.6667,1556
329,1556,12683.3333,87166.6667,1824
330,1824,12700.0,87166.6667,1600
331,1600,12733.3333,87183.3333,761
332,761,12716.6667,87183.3333,1978
333,1978,12700.0,87200.0,2343
334,2343,12700.0,87200.0,235
335,235,12683.3333,87200.0,2201
336,2201,12700.0,87233.3333,1331
337,1331,12700.0,87233.3333,1733
338,1733,12700.0,87250.0,344
339,344,12683.3333,87250.0,624
340,624,12683.3333,87250.0,391
341,391,12683.3333,87250.0,586
342,586,12700.0,87283.3333,397
343,397,12716.6667,87300.0,377
344,377,12716.6667,87300.0,559
345,559,12733.3333,87333.3333,2450
346,2450,12716.6667,87333.3333,950
347,950,12716.6667,87333.3333,410
348,410,12700.0,87333.3333,238
349,238,12700.0,87333.3333,1935
350,1935,12683.3333,87333.3333,1918
351,1918,12683.3333,87333.3333,2308
352,2308,12666.6667,87350.0,3380
353,3380,12633.3333,87366.6667,1160
354,1160,12700.0,87383.3333,255
355,255,12733.3333,87433.3333,2168
356,2168,12733.3333,87433.3333,1482
357,1482,12733.3333,87400.0,405
358,405,12750.0,87383.3333,419
359,419,12750.0,87383.3333,890
360,890,12766.6667,87383.3333,3064
361,3064,12766.6667,87383.3333,2243
362,2243,12800.0,87400.0,95
363,95,12800.0,87400.0,2236
364,2236,12816.6667,87416.6667,2239
365,2239,12816.6667,87416.6667,2735
366,2735,12816.6667,87416.6667,849
367,849,12816.6667,87450.0,122
368,122,12783.3333,87483.3333,1079
369,1079,12850.0,87500.0,1635
370,1635,12850.0,87533.3333,694
371,694,12883.3333,87533.3333,2495
372,2495,12866.6667,87566.6667,1762
373,1762,12833.3333,87583.3333,545
374,545,12850.0,87600.0,1052
375,1052,12900.0,87633.3333,319
376,319,12900.0,87633.3333,317
377,317,12900.0,87633.3333,2422
378,2422,12900.0,87633.3333,2778
379,2778,12983.3333,87650.0,2461
380,2461,13050.0,87583.3333,991
381,991,13050.0,87583.3333,1673
382,1673,13033.3333,87533.3333,1112
383,1112,13016.6667,87500.0,2797
384,2797,12983.3333,87483.3333,3151
385,3151,12983.3333,87483.3333,2951
386,2951,12916.6667,87500.0,2950
387,2950,12916.6667,87500.0,2541
388,2541,12916.6667,87500.0,2028
389,2028,12883.3333,87500.0,1424
390,1424,12883.3333,87400.0,3230
391,3230,12833.3333,87383.3333,3388
392,3388,12833.3333,87350.0,1843
393,1843,12783.3333,87350.0,1225
394,1225,12783.3333,87300.0,764
395,764,12766.6667,87283.3333,771
396,771,12766.6667,87283.3333,3035
397,3035,12750.0,87283.3333,2331
398,2331,12783.3333,87250.0,2812
399,2812,12850.0,87266.6667,1040
400,1040,12883.3333,87283.3333,1130
401,1130,12883.3333,87283.3333,281
402,281,12866.6667,87216.6667,1872
403,1872,12850.0,87200.0,1328
404,1328,12850.0,87183.3333,1066
405,1066,12850.0,87183.3333,2565
406,2565,12833.3333,87200.0,326
407,326,12800.0,87216.6667,1507
408,1507,12766.6667,87183.3333,822
409,822,12766.6667,87166.6667,675
410,675,12783.3333,87133.3333,237
411,237,12766.6667,87133.3333,2544
412,2544,12733.3333,87116.6667,218
413,218,12716.6667,87133.3333,773
414,773,12716.6667,87116.6667,980
415,980,12716.6667,87100.0,644
416,644,12700.0,87100.0,1420
417,1420,12683.3333,87116.6667,400
418,400,12666.6667,87100.0,581
419,581,12666.6667,87083.3333,1471
420,1471,12666.6667,87083.3333,2021
421,2021,12683.3333,87083.3333,1555
422,1555,12716.6667,87066.6667,917
423,917,12733.3333,87050.0,2075
424,2075,12700.0,87033.3333,2740
425,2740,12683.3333,87033.3333,2530
426,2530,12666.6667,87066.6667,1782
427,1782,12633.3333,87083.3333,1884
428,1884,12633.3333,87083.3333,1386
429,1386,12616.6667,87083.3333,739
430,739,12616.6667,87116.6667,500
431,500,12600.0,87133.3333,2484
432,2484,12600.0,87133.3333,2976
433,2976,12583.3333,87150.0,1749
434,1749,12550.0,87150.0,1922
435,1922,12550.0,87150.0,813
436,813,12550.0,87166.6667,1019
437,1019,12533.3333,87166.6667,2489
438,2489,12533.3333,87166.6667,1075
439,1075,12516.6667,87133.3333,1071
440,1071,12516.6667,87133.3333,2997
441,2997,12516.6667,87116.6667,449
442,449,12566.6667,87116.6667,2320
443,2320,12583.3333,87116.6667,2203
444,2203,12583.3333,87100.0,2949
445,2949,12583.3333,87066.6667,2013
446,2013,12566.6667,87066.6667,1224
447,1224,12566.6667,87066.6667,918
448,918,12533.3333,87050.0,2200
449,2200,12533.3333,87050.0,3003
450,3003,12533.3333,87050.0,905
451,905,12550.0,87033.3333,2179
452,2179,12550.0,87016.6667,3042
453,3042,12566.6667,87033.3333,90
454,90,12583.3333,87033.3333,2155
455,2155,12600.0,87016.6667,1807
456,1807,12616.6667,87016.6667,1702
457,1702,12616.6667,87000.0,115
458,115,12600.0,86983.3333,3287
459,3287,12616.6667,86983.3333,1459
460,1459,12633.3333,86966.6667,3387
461,3387,12650.0,86983.3333,3290
462,3290,12666.6667,86950.0,3373
463,3373,12666.6667,86950.0,775
464,775,12650.0,86933.3333,479
465,479,12633.3333,86950.0,1719
466,1719,12616.6667,86933.3333,2405
467,2405,12600.0,86950.0,1606
468,1606,12600.0,86933.3333,1457
469,1457,12583.3333,86933.3333,3293
470,3293,12566.6667,86916.6667,2991
471,2991,12550.0,86916.6667,1792
472,1792,12566.6667,86900.0,282
473,282,12583.3333,86900.0,3494
474,3494,12610.8333,86899.1667,3425
475,3425,12633.3333,86900.0,1484
476,1484,12633.3333,86883.3333,3088
477,3088,12633.3333,86883.3333,3089
478,3089,12650.0,86866.6667,1503
479,1503,12650.0,86866.6667,547
480,547,12650.0,86833.3333,1734
481,1734,12666.6667,86850.0,1769
482,1769,12666.6667,86866.6667,3096
483,3096,12666.6667,86866.6667,1343
484,1343,12683.3333,86866.6667,1859
485,1859,12683.3333,86900.0,714
486,714,12700.0,86883.3333,1986
487,1986,12700.0,86883.3333,1248
488,1248,12716.6667,86866.6667,2644
489,2644,12716.6667,86883.3333,2294
490,2294,12733.3333,86883.3333,1759
491,1759,12733.3333,86883.3333,327
492,327,12750.0,86866.6667,3421
493,3421,12750.0,86900.0,743
494,743,12766.6667,86916.6667,736
495,736,12766.6667,86916.6667,3163
496,3163,12783.3333,86916.6667,538
497,538,12766.6667,86933.3333,100
498,100,12789.4444,86945.0,101
499,101,12789.4444,86945.0,1083
500,1083,12789.4444,86945.0,2496
501,2496,12789.4444,86945.0,97
502,97,12789.4444,86945.0,96
503,96,12789.4444,86945.0,2577
504,2577,12800.0,86966.6667,1266
505,1266,12800.0,86966.6667,2368
506,2368,12783.3333,86983.3333,3492
507,3492,12797.2222,86987.5,139
508,139,12797.2222,86987.5,1837
509,1837,12816.6667,86983.3333,1873
510,1873,12800.0,87033.3333,1357
511,1357,12783.3333,87050.0,3177
512,3177,12783.3333,87066.6667,1012
513,1012,12783.3333,87083.3333,2037
514,2037,12833.3333,87083.3333,3157
515,3157,12866.6667,87133.3333,2088
516,2088,12983.3333,87083.3333,1541
517,1541,12983.3333,87066.6667,1214
518,1214,12983.3333,87016.6667,610
519,610,12950.0,87000.0,607
520,607,12950.0,87000.0,1382
521,1382,12983.3333,86966.6667,1712
522,1712,12983.3333,86966.6667,1714
523,1714,12983.3333,86966.6667,1101
524,1101,13033.3333,86916.6667,354
525,354,13033.3333,86916.6667,426
526,426,13066.6667,86883.3333,1523
527,1523,12983.3333,86900.0,1766
528,1766,12950.0,86900.0,1768
529,1768,12950.0,86900.0,2893
530,2893,12950.0,86900.0,2894
531,2894,12950.0,86900.0,3065
532,3065,12909.7222,86916.6667,3169
533,3169,12933.3333,86866.6667,2238
534,2238,12933.3333,86850.0,1976
535,1976,12983.3333,86850.0,103
536,103,12963.6111,86814.7222,642
537,642,12950.0,86800.0,669
538,669,12966.6667,86766.6667,2512
539,2512,12983.3333,86800.0,872
540,872,13000.0,86800.0,154
541,154,13000.0,86766.6667,155
542,155,13000.0,86766.6667,1679
543,1679,13000.0,86766.6667,2899
544,2899,13066.6667,86766.6667,2898
545,2898,13066.6667,86766.6667,170
546,170,13066.6667,86766.6667,995
547,995,13133.3333,86783.3333,836
548,836,13200.0,86766.6667,843
549,843,13200.0,86766.6667,844
550,844,13200.0,86766.6667,846
551,846,13200.0,86766.6667,2941
552,2941,13200.0,86766.6667,838
553,838,13200.0,86766.6667,842
554,842,13200.0,86766.6667,8
555,8,13200.0,86800.0,2366
556,2366,13200.0,86800.0,2995
557,2995,13166.6667,86816.6667,3053
558,3053,13166.6667,86816.6667,403
559,403,13183.3333,86933.3333,402
560,402,13183.3333,86933.3333,404
561,404,13183.3333,86933.3333,640
562,640,13266.6667,86883.3333,633
563,633,13266.6667,86883.3333,636
564,636,13266.6667,86883.3333,634
565,634,13266.6667,86883.3333,3032
566,3032,13233.3333,86866.6667,3379
567,3379,13250.0,86833.3333,2854
568,2854,13250.0,86833.3333,2162
569,2162,13250.0,86783.3333,3378
570,3378,13250.0,86766.6667,3377
571,3377,13250.0,86766.6667,1554
572,1554,13250.0,86766.6667,2617
573,2617,13233.3333,86700.0,1601
574,1601,13233.3333,86700.0,3398
575,3398,13266.6667,86666.6667,2858
576,2858,13266.6667,86666.6667,173
577,173,13266.6667,86666.6667,2913
578,2913,13283.3333,86650.0,760
579,760,13283.3333,86650.0,1090
580,1090,13350.0,86616.6667,972
581,972,13350.0,86616.6667,387
582,387,13350.0,86616.6667,1667
583,1667,13350.0,86616.6667,2599
584,2599,13366.6667,86650.0,1404
585,1404,13366.6667,86650.0,2664
586,2664,13400.0,86733.3333,1106
587,1106,13450.0,86700.0,1479
588,1479,13450.0,86700.0,2340
589,2340,13450.0,86716.6667,2679
590,2679,13450.0,86716.6667,1239
591,1239,13483.3333,86733.3333,1237
592,1237,13483.3333,86733.3333,1238
593,1238,13483.3333,86733.3333,325
594,325,13533.3333,86716.6667,321
595,321,13533.3333,86716.6667,285
596,285,13533.3333,86716.6667,163
597,163,13533.3333,86716.6667,767
598,767,13583.3333,86700.0,1385
599,1385,13600.0,86616.6667,1384
600,1384,13600.0,86616.6667,1381
601,1381,13600.0,86616.6667,1380
602,1380,13600.0,86616.6667,1443
603,1443,13650.0,86616.6667,2861
604,2861,13633.3333,86633.3333,3413
605,3413,13633.3333,86633.3333,3414
606,3414,13633.3333,86633.3333,2207
607,2207,13633.3333,86683.3333,1467
608,1467,13683.3333,86700.0,10
609,10,13700.0,86766.6667,486
610,486,13750.0,86716.6667,1829
611,1829,13733.3333,86700.0,2715
612,2715,13733.3333,86700.0,2946
613,2946,13733.3333,86700.0,1260
614,1260,13733.3333,86616.6667,1261
615,1261,13733.3333,86616.6667,1262
616,1262,13733.3333,86616.6667,1736
617,1736,13783.3333,86566.6667,1137
618,1137,13783.3333,86550.0,1488
619,1488,13783.3333,86550.0,1135
620,1135,13783.3333,86550.0,2888
621,2888,13733.3333,86516.6667,2889
622,2889,13716.6667,86500.0,1030
623,1030,13666.6667,86433.3333,1324
624,1324,13650.0,86450.0,1322
625,1322,13650.0,86450.0,1258
626,1258,13633.3333,86483.3333,3394
627,3394,13633.3333,86516.6667,3395
628,3395,13633.3333,86516.6667,112
629,112,13566.6667,86533.3333,7
630,7,13516.6667,86533.3333,136
631,136,13516.6667,86533.3333,2364
632,2364,13516.6667,86533.3333,742
633,742,13516.6667,86533.3333,132
634,132,13533.3333,86516.6667,409
635,409,13533.3333,86516.6667,227
636,227,13566.6667,86500.0,6
637,6,13583.3333,86433.3333,2362
638,2362,13583.3333,86433.3333,2156
639,2156,13516.6667,86400.0,2620
640,2620,13516.6667,86400.0,2010
641,2010,13500.0,86383.3333,2975
642,2975,13500.0,86383.3333,1227
643,1227,13450.0,86400.0,174
644,174,13416.6667,86400.0,2880
645,2880,13416.6667,86400.0,2895
646,2895,13416.6667,86400.0,463
647,463,13400.0,86383.3333,878
648,878,13383.3333,86366.6667,2971
649,2971,13350.0,86400.0,2833
650,2833,13333.3333,86450.0,1107
651,1107,13316.6667,86466.6667,1108
652,1108,13316.6667,86466.6667,1111
653,1111,13316.6667,86466.6667,2503
654,2503,13316.6667,86466.6667,1014
655,1014,13366.6667,86450.0,1085
656,1085,13383.3333,86483.3333,609
657,609,13433.3333,86466.6667,222
658,222,13450.0,86483.3333,2399
659,2399,13450.0,86483.3333,151
660,151,13466.6667,86466.6667,1520
661,1520,13466.6667,86466.6667,29
662,29,13483.3333,86483.3333,142
663,142,13466.6667,86533.3333,914
664,914,13466.6667,86533.3333,579
665,579,13450.0,86533.3333,425
666,425,13450.0,86566.6667,421
667,421,13450.0,86566.6667,133
668,133,13450.0,86566.6667,353
669,353,13483.3333,86583.3333,134
670,134,13450.0,86600.0,513
671,513,13450.0,86600.0,713
672,713,13416.6667,86600.0,423
673,423,13416.6667,86550.0,2273
674,2273,13416.6667,86550.0,2270
675,2270,13416.6667,86550.0,1542
676,1542,13400.0,86550.0,3153
677,3153,13400.0,86550.0,3189
678,3189,13400.0,86550.0,2610
679,2610,13366.6667,86516.6667,1591
680,1591,13366.6667,86516.6667,976
681,976,13350.0,86550.0,1505
682,1505,13300.0,86566.6667,1941
683,1941,13183.3333,86566.6667,2299
684,2299,13183.3333,86566.6667,1598
685,1598,13166.6667,86616.6667,735
686,735,13166.6667,86616.6667,338
687,338,13100.0,86616.6667,1662
688,1662,13100.0,86616.6667,3193
689,3193,13083.3333,86633.3333,2051
690,2051,13083.3333,86633.3333,2618
691,2618,13083.3333,86550.0,1951
692,1951,13083.3333,86550.0,3448
693,3448,13050.0,86583.3333,765
694,765,13050.0,86583.3333,1570
695,1570,13016.6667,86600.0,1538
696,1538,13033.3333,86616.6667,3148
697,3148,13033.3333,86616.6667,2506
698,2506,13000.0,86650.0,1914
699,1914,12966.6667,86666.6667,1410
700,1410,12966.6667,86666.6667,1338
701,1338,12933.3333,86683.3333,2307
702,2307,12950.0,86716.6667,2639
703,2639,12916.6667,86750.0,2052
704,2052,12883.3333,86783.3333,3491
705,3491,12862.7778,86845.5556,2866
706,2866,12833.3333,86800.0,2289
707,2289,12800.0,86766.6667,540
708,540,12766.6667,86766.6667,1453
709,1453,12766.6667,86766.6667,1370
710,1370,12751.3889,86738.0556,2611
711,2611,12751.3889,86738.0556,1373
712,1373,12751.3889,86738.0556,1592
713,1592,12751.3889,86738.0556,1700
714,1700,12766.6667,86716.6667,2713
715,2713,12800.0,86716.6667,703
716,703,12783.3333,86683.3333,2076
717,2076,12833.3333,86666.6667,695
718,695,12850.0,86700.0,2012
719,2012,12866.6667,86716.6667,1665
720,1665,12866.6667,86733.3333,662
721,662,12883.3333,86716.6667,2390
722,2390,12883.3333,86700.0,2671
723,2671,12900.0,86683.3333,3048
724,3048,12900.0,86650.0,3050
725,3050,12900.0,86650.0,1015
726,1015,12883.3333,86633.3333,1519
727,1519,12883.3333,86616.6667,580
728,580,12866.6667,86600.0,1506
729,1506,12900.0,86583.3333,2234
730,2234,12916.6667,86616.6667,2235
731,2235,12933.3333,86616.6667,2237
732,2237,12933.3333,86616.6667,1798
733,1798,12933.3333,86633.3333,1504
734,1504,12966.6667,86616.6667,1680
735,1680,12950.0,86583.3333,1006
736,1006,12983.8889,86573.0556,1813
737,1813,12966.6667,86550.0,2953
738,2953,12950.0,86516.6667,2769
739,2769,12933.3333,86533.3333,1164
740,1164,12916.6667,86516.6667,1491
741,1491,12916.6667,86516.6667,1161
742,1161,12916.6667,86516.6667,2457
743,2457,12916.6667,86533.3333,956
744,956,12916.6667,86533.3333,889
745,889,12916.6667,86550.0,1509
746,1509,12900.0,86566.6667,2536
747,2536,12900.0,86566.6667,2867
748,2867,12883.3333,86550.0,2447
749,2447,12886.9444,86538.0556,390
750,390,12886.9444,86538.0556,1659
751,1659,12866.6667,86533.3333,246
752,246,12850.0,86533.3333,1461
753,1461,12850.0,86533.3333,612
754,612,12850.0,86516.6667,2654
755,2654,12850.0,86500.0,2737
756,2737,12833.3333,86516.6667,979
757,979,12816.6667,86483.3333,1718
758,1718,12833.3333,86466.6667,1388
759,1388,12833.3333,86466.6667,2626
760,2626,12850.0,86450.0,1883
761,1883,12866.6667,86433.3333,1886
762,1886,12883.3333,86433.3333,2576
763,2576,12883.3333,86466.6667,176
764,176,12883.3333,86466.6667,1259
765,1259,12883.3333,86466.6667,1785
766,1785,12900.0,86466.6667,961
767,961,12933.8889,86462.7778,1531
768,1531,12950.0,86466.6667,3183
769,3183,12983.3333,86483.3333,3184
770,3184,12983.3333,86483.3333,2803
771,2803,12983.3333,86483.3333,1306
772,1306,13000.0,86483.3333,1308
773,1308,13000.0,86483.3333,1138
774,1138,13066.6667,86450.0,2520
775,2520,13066.6667,86450.0,1329
776,1329,13083.3333,86450.0,2594
777,2594,13083.3333,86450.0,996
778,996,13133.3333,86450.0,1148
779,1148,13083.3333,86400.0,1147
780,1147,13083.3333,86400.0,1851
781,1851,13083.3333,86400.0,2537
782,2537,13050.0,86383.3333,2327
783,2327,13083.3333,86350.0,641
784,641,13116.6667,86333.3333,2041
785,2041,13133.3333,86300.0,2195
786,2195,13133.3333,86333.3333,1755
787,1755,13183.3333,86366.6667,2868
788,2868,13283.3333,86333.3333,2750
789,2750,13283.3333,86333.3333,768
790,768,13233.3333,86300.0,138
791,138,13233.3333,86300.0,2471
792,2471,13233.3333,86283.3333,997
793,997,13233.3333,86283.3333,1669
794,1669,13200.0,86233.3333,1016
795,1016,13200.0,86233.3333,1327
796,1327,13150.0,86233.3333,2192
797,2192,13116.6667,86216.6667,1572
798,1572,13100.0,86166.6667,17
799,17,13116.6667,86166.6667,3004
800,3004,13116.6667,86166.6667,2284
801,2284,13150.0,86183.3333,1939
802,1939,13150.0,86183.3333,396
803,396,13150.0,86183.3333,2972
804,2972,13183.3333,86166.6667,2007
805,2007,13183.3333,86166.6667,2452
806,2452,13216.6667,86183.3333,621
807,621,13216.6667,86116.6667,977
808,977,13200.0,86100.0,2597
809,2597,13216.6667,86050.0,1358
810,1358,13216.6667,86050.0,21
811,21,13183.3333,86033.3333,242
812,242,13150.0,86066.6667,832
813,832,13150.0,86066.6667,345
814,345,13150.0,86100.0,693
815,693,13133.3333,86100.0,971
816,971,13083.3333,86100.0,1565
817,1565,13066.6667,86133.3333,1462
818,1462,13066.6667,86133.3333,1604
819,1604,13033.3333,86166.6667,1104
820,1104,12950.0,86166.6667,812
821,812,12931.9444,86195.2778,443
822,443,12900.0,86200.0,2770
823,2770,12900.0,86233.3333,3136
824,3136,12900.0,86233.3333,939
825,939,12883.3333,86233.3333,2158
826,2158,12866.6667,86200.0,2621
827,2621,12866.6667,86200.0,2172
828,2172,12866.6667,86200.0,1737
829,1737,12838.6111,86217.5,940
830,940,12816.6667,86233.3333,1641
831,1641,12800.0,86266.6667,608
832,608,12816.6667,86283.3333,1578
833,1578,12833.3333,86266.6667,1430
834,1430,12850.0,86266.6667,1940
835,1940,12883.3333,86283.3333,2230
836,2230,12900.0,86283.3333,2641
837,2641,12900.0,86283.3333,1599
838,1599,12900.0,86316.6667,2834
839,2834,12916.6667,86316.6667,670
840,670,12933.0556,86348.6111,1654
841,1654,12966.6667,86366.6667,1917
842,1917,12966.6667,86333.3333,1802
843,1802,12983.3333,86316.6667,1744
844,1744,12983.3333,86300.0,2628
845,2628,12966.6667,86300.0,1695
846,1695,12933.3333,86266.6667,2811
847,2811,12950.0,86266.6667,1646
848,1646,12969.4444,86236.6667,220
849,220,12969.4444,86236.6667,1395
850,1395,13000.0,86250.0,3176
851,3176,13033.3333,86233.3333,2040
852,2040,13033.3333,86233.3333,3201
853,3201,13050.0,86250.0,3147
854,3147,13050.0,86250.0,2794
855,2794,13050.0,86250.0,1332
856,1332,13066.6667,86283.3333,2341
857,2341,13050.0,86283.3333,2681
858,2681,13050.0,86283.3333,2339
859,2339,13050.0,86283.3333,1529
860,1529,13050.0,86283.3333,1916
861,1916,13050.0,86300.0,1933
862,1933,13050.0,86300.0,1915
863,1915,13050.0,86300.0,1571
864,1571,13033.3333,86300.0,135
865,135,13016.6667,86316.6667,557
866,557,13016.6667,86316.6667,2572
867,2572,13016.6667,86333.3333,2328
868,2328,13016.6667,86350.0,1103
869,1103,13000.0,86400.0,1508
870,1508,12966.6667,86433.3333,1216
871,1216,12900.0,86400.0,1924
872,1924,12866.6667,86383.3333,567
873,567,12883.3333,86350.0,1510
874,1510,12866.6667,86333.3333,2592
875,2592,12833.3333,86350.0,2280
876,2280,12833.3333,86316.6667,2473
877,2473,12816.6667,86316.6667,604
878,604,12816.6667,86316.6667,2423
879,2423,12800.0,86300.0,3436
880,3436,12766.6667,86283.3333,1372
881,1372,12748.8889,86302.5,1926
882,1926,12748.8889,86302.5,1996
883,1996,12748.8889,86302.5,3251
884,3251,12733.3333,86316.6667,1256
885,1256,12766.6667,86350.0,2573
886,2573,12766.6667,86350.0,445
887,445,12801.1111,86370.5556,442
888,442,12801.1111,86370.5556,465
889,465,12800.0,86400.0,2720
890,2720,12833.3333,86400.0,2526
891,2526,12833.3333,86416.6667,1159
892,1159,12833.3333,86416.6667,330
893,330,12833.3333,86416.6667,3231
894,3231,12800.0,86433.3333,643
895,643,12783.3333,86433.3333,688
896,688,12783.3333,86483.3333,499
897,499,12766.6667,86533.3333,2276
898,2276,12750.0,86566.6667,2278
899,2278,12750.0,86566.6667,2659
900,2659,12750.0,86566.6667,2567
901,2567,12783.3333,86600.0,1117
902,1117,12750.0,86616.6667,93
903,93,12733.3333,86616.6667,2863
904,2863,12716.6667,86650.0,2053
905,2053,12683.3333,86633.3333,2171
906,2171,12683.3333,86600.0,1023
907,1023,12700.0,86566.6667,1814
908,1814,12674.4444,86570.8333,3138
909,3138,12666.6667,86583.3333,3122
910,3122,12666.6667,86583.3333,290
911,290,12616.6667,86616.6667,248
912,248,12616.6667,86616.6667,226
913,226,12616.6667,86616.6667,2415
914,2415,12566.6667,86600.0,3311
915,3311,12566.6667,86600.0,272
916,272,12566.6667,86600.0,1874
917,1874,12566.6667,86600.0,450
918,450,12550.0,86600.0,451
919,451,12516.6667,86616.6667,981
920,981,12500.0,86600.0,1682
921,1682,12516.6667,86600.0,1956
922,1956,12541.1111,86579.4444,3102
923,3102,12541.1111,86579.4444,294
924,294,12544.4444,86546.6667,3314
925,3314,12544.4444,86546.6667,894
926,894,12533.3333,86550.0,569
927,569,12516.6667,86550.0,1460
928,1460,12516.6667,86533.3333,2546
929,2546,12516.6667,86483.3333,944
930,944,12550.0,86483.3333,528
931,528,12600.0,86500.0,3489
932,3489,12586.6667,86505.5556,2680
933,2680,12583.3333,86516.6667,3114
934,3114,12583.3333,86516.6667,516
935,516,12566.6667,86533.3333,2751
936,2751,12600.0,86550.0,3116
937,3116,12600.0,86550.0,3488
938,3488,12613.0556,86557.2222,3118
939,3118,12616.6667,86533.3333,886
940,886,12616.6667,86533.3333,3104
941,3104,12632.2222,86543.6111,3486
942,3486,12632.2222,86543.6111,3487
943,3487,12632.2222,86543.6111,2048
944,2048,12632.2222,86543.6111,424
945,424,12650.0,86533.3333,2178
946,2178,12666.6667,86533.3333,1532
947,1532,12683.3333,86516.6667,1663
948,1663,12683.3333,86483.3333,1887
949,1887,12700.0,86516.6667,446
950,446,12716.6667,86516.6667,2063
951,2063,12733.3333,86516.6667,2942
952,2942,12733.3333,86483.3333,3196
953,3196,12733.3333,86450.0,910
954,910,12750.0,86450.0,2759
955,2759,12750.0,86416.6667,2657
956,2657,12750.0,86400.0,3481
957,3481,12727.2222,86380.8333,2633
958,2633,12727.2222,86380.8333,2177
959,2177,12727.2222,86380.8333,2174
960,2174,12727.2222,86380.8333,1925
961,1925,12727.2222,86380.8333,273
962,273,12683.3333,86350.0,2393
963,2393,12700.0,86316.6667,2771
964,2771,12716.6667,86300.0,2773
965,2773,12716.6667,86300.0,3134
966,3134,12716.6667,86300.0,3137
967,3137,12716.6667,86300.0,2835
968,2835,12700.0,86283.3333,2589
969,2589,12733.3333,86250.0,866
970,866,12716.6667,86233.3333,3124
971,3124,12733.3333,86216.6667,1795
972,1795,12733.3333,86216.6667,2647
973,2647,12766.6667,86200.0,1841
974,1841,12750.0,86183.3333,1825
975,1825,12733.3333,86183.3333,224
976,224,12700.0,86150.0,2003
977,2003,12700.0,86150.0,225
978,225,12700.0,86150.0,488
979,488,12666.6667,86150.0,3093
980,3093,12628.8889,86135.5556,1701
981,1701,12628.8889,86135.5556,328
982,328,12600.0,86150.0,3075
983,3075,12600.0,86150.0,1745
984,1745,12583.3333,86133.3333,3095
985,3095,12583.3333,86133.3333,3106
986,3106,12583.3333,86100.0,2414
987,2414,12583.3333,86100.0,1080
988,1080,12601.3889,86042.7778,3458
989,3458,12612.5,86006.3889,3459
990,3459,12634.7222,86012.5,1681
991,1681,12633.3333,86016.6667,162
992,162,12650.0,86033.3333,560
993,560,12666.6667,86050.0,2779
994,2779,12633.3333,86066.6667,3140
995,3140,12633.3333,86066.6667,143
996,143,12650.0,86100.0,1544
997,1544,12669.1667,86091.1111,1803
998,1803,12669.1667,86091.1111,1804
999,1804,12669.1667,86091.1111,3480
1000,3480,12669.1667,86091.1111,3197
1001,3197,12669.1667,86091.1111,1741
1002,1741,12700.0,86100.0,2426
1003,2426,12716.6667,86116.6667,1378
1004,1378,12730.5556,86125.0,3026
1005,3026,12730.5556,86125.0,2897
1006,2897,12730.5556,86125.0,1636
1007,1636,12750.0,86133.3333,2625
1008,2625,12766.6667,86133.3333,2360
1009,2360,12775.5556,86147.7778,2882
1010,2882,12797.7778,86146.3889,1045
1011,1045,12816.6667,86183.3333,2539
1012,2539,12833.3333,86166.6667,1195
1013,1195,12866.6667,86150.0,661
1014,661,12900.0,86116.6667,2011
1015,2011,12900.0,86116.6667,257
1016,257,12866.6667,86116.6667,1004
1017,1004,12850.0,86116.6667,382
1018,382,12851.1111,86099.4444,381
1019,381,12850.0,86100.0,514
1020,514,12816.6667,86116.6667,3381
1021,3381,12800.0,86100.0,1923
1022,1923,12766.6667,86100.0,3162
1023,3162,12794.7222,86079.1667,3469
1024,3469,12825.5556,86053.0556,3467
1025,3467,12805.8333,86034.7222,3464
1026,3464,12775.8333,86030.5556,3047
1027,3047,12766.6667,86033.3333,3051
1028,3051,12766.6667,86033.3333,2813
1029,2813,12783.3333,86016.6667,3202
1030,3202,12783.3333,86016.6667,3463
1031,3463,12772.5,86009.1667,3190
1032,3190,12783.3333,86000.0,3154
1033,3154,12783.3333,86000.0,3465
1034,3465,12801.1111,86008.3333,3466
1035,3466,12823.0556,86020.0,2244
1036,2244,12833.3333,86033.3333,558
1037,558,12866.6667,86016.6667,2153
1038,2153,12866.6667,85983.3333,2154
1039,2154,12866.6667,85983.3333,3282
1040,3282,12850.0,85966.6667,2831
1041,2831,12850.0,85966.6667,3283
1042,3283,12850.0,85966.6667,2841
1043,2841,12833.3333,85950.0,2796
1044,2796,12816.6667,85983.3333,2578
1045,2578,12800.0,85966.6667,2474
1046,2474,12783.3333,85966.6667,3386
1047,3386,12783.3333,85950.0,1844
1048,1844,12783.3333,85950.0,1213
1049,1213,12783.3333,85950.0,1177
1050,1177,12783.3333,85950.0,1140
1051,1140,12783.3333,85950.0,1406
1052,1406,12800.0,85916.6667,1403
1053,1403,12800.0,85916.6667,1401
1054,1401,12800.0,85916.6667,2726
1055,2726,12783.3333,85900.0,2359
1056,2359,12800.0,85883.3333,341
1057,341,12816.6667,85850.0,2629
1058,2629,12816.6667,85850.0,1156
1059,1156,12833.3333,85883.3333,1157
1060,1157,12833.3333,85883.3333,947
1061,947,12866.6667,85866.6667,949
1062,949,12866.6667,85866.6667,464
1063,464,12883.3333,85883.3333,510
1064,510,12866.6667,85900.0,1905
1065,1905,12850.0,85900.0,1969
1066,1969,12833.3333,85916.6667,2574
1067,2574,12850.0,85933.3333,2152
1068,2152,12866.6667,85933.3333,2438
1069,2438,12900.0,85916.6667,1408
1070,1408,12916.6667,85916.6667,1661
1071,1661,12916.6667,85950.0,68
1072,68,12916.6667,85966.6667,60
1073,60,12916.6667,85966.6667,59
1074,59,12916.6667,85966.6667,1580
1075,1580,12900.0,85966.6667,25
1076,25,12900.0,85983.3333,291
1077,291,12933.3333,85983.3333,2500
1078,2500,12916.6667,86016.6667,1049
1079,1049,12912.7778,86025.8333,1044
1080,1044,12912.7778,86025.8333,2117
1081,2117,12916.6667,86033.3333,3468
1082,3468,12902.5,86059.1667,1537
1083,1537,12884.7222,86055.2778,3049
1084,3049,12885.5556,86081.9444,3046
1085,3046,12885.5556,86081.9444,3391
1086,3391,12916.6667,86066.6667,3471
1087,3471,12935.8333,86073.3333,770
1088,770,12950.0,86050.0,3470
1089,3470,12942.5,86014.7222,2575
1090,2575,12966.6667,86000.0,3473
1091,3473,12971.6667,86002.5,3474
1092,3474,12993.0556,86001.9444,1402
1093,1402,13000.0,86016.6667,1405
1094,1405,13000.0,86016.6667,1288
1095,1288,12992.7778,86030.2778,2582
1096,2582,12992.7778,86030.2778,3472
1097,3472,12979.4444,86029.4444,2004
1098,2004,12970.2778,86045.5556,2959
1099,2959,12970.2778,86045.5556,2513
1100,2513,12966.6667,86066.6667,1337
1101,1337,12983.3333,86083.3333,3475
1102,3475,13000.0,86070.5556,2163
1103,2163,13016.6667,86066.6667,1973
1104,1973,13016.6667,86083.3333,1540
1105,1540,13033.3333,86083.3333,31
1106,31,13050.0,86050.0,1530
1107,1530,13050.0,86033.3333,1379
1108,1379,13083.3333,86033.3333,1711
1109,1711,13083.3333,86033.3333,2605
1110,2605,13116.6667,86016.6667,2564
1111,2564,13133.3333,85983.3333,2170
1112,2170,13100.0,86000.0,153
1113,153,13066.6667,86000.0,254
1114,254,13066.6667,86000.0,292
1115,292,13066.6667,86000.0,2229
1116,2229,13033.3333,86000.0,2640
1117,2640,13033.3333,86000.0,236
1118,236,13016.6667,85983.3333,316
1119,316,13016.6667,85983.3333,2421
1120,2421,13016.6667,85983.3333,3392
1121,3392,13000.0,85966.6667,1155
1122,1155,12966.6667,85950.0,1577
1123,1577,12950.0,85933.3333,1573
1124,1573,12950.0,85933.3333,1355
1125,1355,12966.6667,85916.6667,1356
1126,1356,12966.6667,85916.6667,1178
1127,1178,13000.0,85933.3333,596
1128,596,13000.0,85933.3333,2852
1129,2852,13016.6667,85916.6667,1877
1130,1877,13066.6667,85900.0,1102
1131,1102,13066.6667,85916.6667,1954
1132,1954,13066.6667,85916.6667,2313
1133,2313,13066.6667,85916.6667,2314
1134,2314,13066.6667,85916.6667,1801
1135,1801,13100.0,85916.6667,2044
1136,2044,13100.0,85916.6667,3186
1137,3186,13100.0,85916.6667,180
1138,180,13133.3333,85933.3333,2896
1139,2896,13133.3333,85933.3333,999
1140,999,13166.6667,85950.0,150
1141,150,13166.6667,85950.0,1086
1142,1086,13183.3333,85916.6667,2908
1143,2908,13183.3333,85916.6667,2909
1144,2909,13183.3333,85916.6667,639
1145,639,13183.3333,85916.6667,865
1146,865,13200.0,85916.6667,487
1147,487,13166.6667,85850.0,480
1148,480,13166.6667,85850.0,2494
1149,2494,13116.6667,85816.6667,1789
1150,1789,13150.0,85750.0,3139
1151,3139,13166.6667,85716.6667,3144
1152,3144,13166.6667,85716.6667,916
1153,916,13250.0,85833.3333,912
1154,912,13266.6667,85833.3333,1623
1155,1623,13300.0,85850.0,94
1156,94,13300.0,85850.0,2342
1157,2342,13233.3333,85883.3333,1975
1158,1975,13233.3333,85883.3333,3359
1159,3359,13250.0,85900.0,239
1160,239,13233.3333,85933.3333,2982
1161,2982,13233.3333,85933.3333,240
1162,240,13233.3333,85933.3333,1426
1163,1426,13233.3333,85966.6667,149
1164,149,13233.3333,85966.6667,532
1165,532,13266.6667,86050.0,1748
1166,1748,13300.0,86083.3333,1568
1167,1568,13333.3333,86050.0,485
1168,485,13333.3333,86050.0,1657
1169,1657,13366.6667,86083.3333,128
1170,128,13366.6667,86083.3333,1550
1171,1550,13333.3333,86116.6667,2947
1172,2947,13316.6667,86150.0,2716
1173,2716,13316.6667,86150.0,28
1174,28,13300.0,86183.3333,599
1175,599,13300.0,86183.3333,1048
1176,1048,13283.3333,86216.6667,1047
1177,1047,13283.3333,86216.6667,1042
1178,1042,13283.3333,86216.6667,2267
1179,2267,13300.0,86266.6667,158
1180,158,13300.0,86266.6667,211
1181,211,13316.6667,86250.0,2392
1182,2392,13316.6667,86250.0,3010
1183,3010,13350.0,86266.6667,2165
1184,2165,13350.0,86266.6667,2157
1185,2157,13350.0,86266.6667,169
1186,169,13350.0,86266.6667,2311
1187,2311,13366.6667,86200.0,2672
1188,2672,13366.6667,86200.0,1455
1189,1455,13416.6667,86116.6667,2264
1190,2264,13416.6667,86116.6667,2286
1191,2286,13416.6667,86116.6667,2287
1192,2287,13416.6667,86116.6667,1820
1193,1820,13416.6667,86050.0,1671
1194,1671,13433.3333,85933.3333,556
1195,556,13450.0,85916.6667,1630
1196,1630,13483.3333,85916.6667,1629
1197,1629,13483.3333,85916.6667,3281
1198,3281,13483.3333,85916.6667,1429
1199,1429,13516.6667,85950.0,2285
1200,2285,13516.6667,85950.0,3297
1201,3297,13533.3333,85916.6667,907
1202,907,13533.3333,85916.6667,2363
1203,2363,13550.0,85783.3333,2132
1204,2132,13550.0,85783.3333,2266
1205,2266,13616.6667,85833.3333,2262
1206,2262,13616.6667,85833.3333,47
1207,47,13616.6667,85833.3333,1904
1208,1904,13616.6667,85950.0,1035
1209,1035,13566.6667,86033.3333,3228
1210,3228,13533.3333,86066.6667,1784
1211,1784,13600.0,86083.3333,5
1212,5,13616.6667,86050.0,4
1213,4,13616.6667,86050.0,2
1214,2,13616.6667,86050.0,2361
1215,2361,13616.6667,86050.0,1615
1216,1615,13616.6667,86050.0,585
1217,585,13650.0,86033.3333,2175
1218,2175,13650.0,86083.3333,1788
1219,1788,13666.6667,86116.6667,2974
1220,2974,13666.6667,86116.6667,943
1221,943,13700.0,86100.0,974
1222,974,13733.3333,86116.6667,973
1223,973,13733.3333,86116.6667,146
1224,146,13733.3333,86116.6667,145
1225,145,13733.3333,86116.6667,3023
1226,3023,13716.6667,86133.3333,2627
1227,2627,13716.6667,86133.3333,2173
1228,2173,13716.6667,86133.3333,975
1229,975,13700.0,86150.0,137
1230,137,13700.0,86150.0,342
1231,342,13666.6667,86166.6667,343
1232,343,13666.6667,86166.6667,1920
1233,1920,13650.0,86183.3333,2183
1234,2183,13650.0,86183.3333,2150
1235,2150,13650.0,86183.3333,2209
1236,2209,13650.0,86150.0,89
1237,89,13633.3333,86133.3333,1656
1238,1656,13633.3333,86133.3333,2839
1239,2839,13566.6667,86166.6667,3332
1240,3332,13566.6667,86166.6667,728
1241,728,13550.0,86166.6667,729
1242,729,13550.0,86166.6667,733
1243,733,13550.0,86166.6667,741
1244,741,13550.0,86166.6667,1038
1245,1038,13483.3333,86200.0,937
1246,937,13450.0,86283.3333,144
1247,144,13450.0,86283.3333,1839
1248,1839,13450.0,86333.3333,1128
1249,1128,13450.0,86333.3333,156
1250,156,13450.0,86333.3333,1590
1251,1590,13516.6667,86333.3333,2609
1252,2609,13516.6667,86333.3333,763
1253,763,13566.6667,86350.0,3400
1254,3400,13566.6667,86350.0,288
1255,288,13533.3333,86283.3333,553
1256,553,13566.6667,86233.3333,408
1257,408,13566.6667,86233.3333,2792
1258,2792,13583.3333,86233.3333,3143
1259,3143,13583.3333,86233.3333,140
1260,140,13583.3333,86283.3333,845
1261,845,13583.3333,86283.3333,3027
1262,3027,13633.3333,86316.6667,3370
1263,3370,13683.3333,86316.6667,2850
1264,2850,13683.3333,86316.6667,859
1265,859,13683.3333,86316.6667,566
1266,566,13700.0,86250.0,3393
1267,3393,13683.3333,86233.3333,578
1268,578,13816.6667,86200.0,168
1269,168,13833.3333,86200.0,1589
1270,1589,13833.3333,86200.0,1054
1271,1054,13816.6667,86183.3333,1477
1272,1477,13816.6667,86183.3333,1055
1273,1055,13816.6667,86183.3333,1658
1274,1658,13833.3333,86133.3333,555
1275,555,13833.3333,86133.3333,303
1276,303,13883.3333,86133.3333,2184
1277,2184,13916.6667,86133.3333,3034
1278,3034,13950.0,86116.6667,230
1279,230,14066.6667,86083.3333,228
1280,228,14066.6667,86083.3333,229
1281,229,14066.6667,86083.3333,279
1282,279,14050.0,86066.6667,280
1283,280,14050.0,86066.6667,370
1284,370,13866.6667,86016.6667,2445
1285,2445,13866.6667,86016.6667,1522
1286,1522,13833.3333,86050.0,2356
1287,2356,13833.3333,86050.0,731
1288,731,13766.6667,86016.6667,740
1289,740,13766.6667,86016.6667,1312
1290,1312,13766.6667,86016.6667,2970
1291,2970,13800.0,85866.6667,181
1292,181,13800.0,85866.6667,76
1293,76,13866.6667,85733.3333,2607
1294,2607,13700.0,85683.3333,762
1295,762,13533.3333,85533.3333,1185
1296,1185,13366.6667,85683.3333,1183
1297,1183,13366.6667,85683.3333,2822
1298,2822,13266.6667,85516.6667,544
1299,544,13266.6667,85516.6667,67
1300,67,13233.3333,85383.3333,104
1301,104,13200.0,85250.0,1767
1302,1767,13250.0,85250.0,2187
1303,2187,13416.6667,85266.6667,2911
1304,2911,13433.3333,85250.0,3069
1305,3069,13433.3333,85250.0,1060
1306,1060,13516.6667,85250.0,3344
1307,3344,13783.3333,85400.0,3347
1308,3347,13783.3333,85400.0,3374
1309,3374,13783.3333,85400.0,2263
1310,2263,14066.6667,85300.0,50
1311,50,14066.6667,85300.0,37
1312,37,14066.6667,85300.0,1897
1313,1897,14133.3333,85450.0,30
1314,30,14133.3333,85466.6667,1127
1315,1127,14150.0,85433.3333,340
1316,340,14183.3333,85400.0,3348
1317,3348,14200.0,85383.3333,1254
1318,1254,14166.6667,85266.6667,3369
1319,3369,14200.0,85183.3333,3417
1320,3417,14250.0,85116.6667,462
1321,462,14283.3333,85183.3333,2128
1322,2128,14283.3333,85216.6667,3356
1323,3356,14283.3333,85250.0,1201
1324,1201,14283.3333,85250.0,1202
1325,1202,14300.0,85166.6667,1076
1326,1076,14316.6667,85166.6667,3258
1327,3258,14316.6667,85166.6667,2095
1328,2095,14350.0,85183.3333,55
1329,55,14366.6667,85200.0,1316
1330,1316,14366.6667,85216.6667,190
1331,190,14383.3333,85200.0,2197
1332,2197,14466.6667,85183.3333,1315
1333,1315,14466.6667,85166.6667,84
1334,84,14533.3333,85083.3333,3376
1335,3376,14500.0,85000.0,54
1336,54,14566.6667,85000.0,1028
1337,1028,14583.3333,85033.3333,372
1338,372,14733.3333,85000.0,373
1339,373,14733.3333,85000.0,374
1340,374,14733.3333,85000.0,3396
1341,3396,14766.6667,84933.3333,3135
1342,3135,14800.0,84783.3333,512
1343,512,14766.6667,84766.6667,3365
1344,3365,14733.3333,84750.0,3368
1345,3368,14733.3333,84750.0,3366
1346,3366,14733.3333,84750.0,2115
1347,2115,14700.0,84750.0,2114
1348,2114,14700.0,84750.0,444
1349,444,14700.0,84733.3333,3011
1350,3011,14600.0,84750.0,3012
1351,3012,14600.0,84750.0,193
1352,193,14650.0,84700.0,192
1353,192,14650.0,84700.0,3416
1354,3416,14666.6667,84700.0,893
1355,893,14666.6667,84700.0,892
1356,892,14666.6667,84700.0,388
1357,388,14683.3333,84683.3333,2330
1358,2330,14666.6667,84650.0,868
1359,868,14666.6667,84650.0,826
1360,826,14633.3333,84650.0,602
1361,602,14633.3333,84650.0,2131
1362,2131,14650.0,84600.0,2127
1363,2127,14650.0,84600.0,210
1364,210,14650.0,84566.6667,2134
1365,2134,14650.0,84550.0,1150
1366,1150,14633.3333,84550.0,1286
1367,1286,14633.3333,84533.3333,348
1368,348,14616.6667,84500.0,1121
1369,1121,14616.6667,84466.6667,46
1370,46,14616.6667,84466.6667,1210
1371,1210,14666.6667,84400.0,1974
1372,1974,14666.6667,84400.0,2739
1373,2739,14600.0,84433.3333,3016
1374,3016,14600.0,84433.3333,2120
1375,2120,14566.6667,84433.3333,2121
1376,2121,14566.6667,84433.3333,1311
1377,1311,14433.3333,84483.3333,3256
1378,3256,14016.6667,84583.3333,3257
1379,3257,14016.6667,84583.3333,3438
1380,3438,13966.6667,84516.6667,2315
1381,2315,13966.6667,84416.6667,989
1382,989,13883.3333,84400.0,1816
1383,1816,13883.3333,84400.0,376
1384,376,13866.6667,84516.6667,2968
1385,2968,13883.3333,84566.6667,2005
1386,2005,13883.3333,84566.6667,2701
1387,2701,13850.0,84566.6667,2451
1388,2451,13850.0,84600.0,2700
1389,2700,13833.3333,84633.3333,2823
1390,2823,13966.6667,84683.3333,63
1391,63,13800.0,84883.3333,62
1392,62,13800.0,84883.3333,2793
1393,2793,13716.6667,84933.3333,2900
1394,2900,13683.3333,84950.0,2901
1395,2901,13683.3333,84950.0,3422
1396,3422,13650.0,84950.0,1817
1397,1817,13650.0,85016.6667,2059
1398,2059,13566.6667,84933.3333,1640
1399,1640,13516.6667,84900.0,1584
1400,1584,13383.3333,84966.6667,157
1401,157,13400.0,84900.0,2104
1402,2104,13400.0,84900.0,2105
1403,2105,13466.6667,84783.3333,2926
1404,2926,13466.6667,84783.3333,2103
1405,2103,13466.6667,84783.3333,335
1406,335,13583.3333,84783.3333,1806
1407,1806,13616.6667,84800.0,184
1408,184,13650.0,84833.3333,2224
1409,2224,13650.0,84833.3333,3401
1410,3401,13650.0,84833.3333,88
1411,88,13650.0,84833.3333,66
1412,66,13666.6667,84866.6667,38
1413,38,13700.0,84850.0,39
1414,39,13700.0,84850.0,2218
1415,2218,13700.0,84850.0,73
1416,73,13700.0,84850.0,75
1417,75,13700.0,84850.0,1902
1418,1902,13733.3333,84783.3333,1903
1419,1903,13733.3333,84783.3333,1907
1420,1907,13733.3333,84783.3333,1371
1421,1371,13733.3333,84783.3333,346
1422,346,13733.3333,84766.6667,360
1423,360,13733.3333,84766.6667,1448
1424,1448,13683.3333,84616.6667,2965
1425,2965,13683.3333,84566.6667,3337
1426,3337,13700.0,84550.0,2694
1427,2694,13666.6667,84450.0,1223
1428,1223,13600.0,84350.0,915
1429,915,13316.6667,84450.0,2188
1430,2188,13316.6667,84433.3333,205
1431,205,13316.6667,84433.3333,2505
1432,2505,13333.3333,84366.6667,2877
1433,2877,13416.6667,84250.0,308
1434,308,13416.6667,84250.0,305
1435,305,13416.6667,84250.0,2222
1436,2222,13450.0,84266.6667,2220
1437,2220,13450.0,84266.6667,82
1438,82,13450.0,84266.6667,80
1439,80,13450.0,84266.6667,78
1440,78,13450.0,84266.6667,42
1441,42,13450.0,84266.6667,2365
1442,2365,13483.3333,84216.6667,3424
1443,3424,13500.0,84216.6667,3426
1444,3426,13500.0,84216.6667,3427
1445,3427,13500.0,84216.6667,1141
1446,1141,13483.3333,84166.6667,1142
1447,1142,13483.3333,84166.6667,2093
1448,2093,13466.6667,84166.6667,2123
1449,2123,13466.6667,84166.6667,1597
1450,1597,13483.3333,84083.3333,1596
1451,1596,13483.3333,84083.3333,1595
1452,1595,13483.3333,84083.3333,3285
1453,3285,13433.3333,83933.3333,2147
1454,2147,13616.6667,84016.6667,35
1455,35,13600.0,83916.6667,339
1456,339,13600.0,83916.6667,1620
1457,1620,13666.6667,83700.0,1619
1458,1619,13666.6667,83700.0,1618
1459,1618,13666.6667,83700.0,2099
1460,2099,13700.0,83700.0,2102
1461,2102,13700.0,83700.0,2929
1462,2929,13700.0,83700.0,2922
1463,2922,13700.0,83700.0,2108
1464,2108,13700.0,83700.0,2107
1465,2107,13700.0,83700.0,2098
1466,2098,13700.0,83700.0,2190
1467,2190,13800.0,83750.0,2189
1468,2189,13800.0,83750.0,1869
1469,1869,13866.6667,83766.6667,2119
1470,2119,13966.6667,83633.3333,2106
1471,2106,13966.6667,83633.3333,19
1472,19,14066.6667,83583.3333,85
1473,85,14083.3333,83583.3333,3364
1474,3364,14100.0,83550.0,3363
1475,3363,14100.0,83550.0,2903
1476,2903,14050.0,83516.6667,1451
1477,1451,14050.0,83483.3333,1621
1478,1621,14050.0,83483.3333,2145
1479,2145,14083.3333,83416.6667,2144
1480,2144,14083.3333,83416.6667,320
1481,320,14083.3333,83416.6667,18
1482,18,14116.6667,83450.0,3214
1483,3214,14150.0,83466.6667,3213
1484,3213,14150.0,83466.6667,3211
1485,3211,14183.3333,83550.0,3210
1486,3210,14183.3333,83550.0,2110
1487,2110,14216.6667,83516.6667,1251
1488,1251,14216.6667,83516.6667,1250
1489,1250,14216.6667,83516.6667,1050
1490,1050,14216.6667,83516.6667,364
1491,364,14266.6667,83550.0,367
1492,367,14266.6667,83550.0,3351
1493,3351,14300.0,83600.0,481
1494,481,14300.0,83633.3333,3349
1495,3349,14300.0,83650.0,668
1496,668,14266.6667,83666.6667,379
1497,379,14200.0,83633.3333,195
1498,195,14150.0,83616.6667,1423
1499,1423,14100.0,83633.3333,1422
1500,1422,14100.0,83633.3333,2939
1501,2939,14116.6667,83650.0,2938
1502,2938,14116.6667,83650.0,2937
1503,2937,14116.6667,83650.0,34
1504,34,14166.6667,83816.6667,3070
1505,3070,14116.6667,83950.0,2921
1506,2921,14116.6667,83950.0,1374
1507,1374,14116.6667,83950.0,1367
1508,1367,14116.6667,83950.0,3345
1509,3345,14366.6667,83950.0,3354
1510,3354,14366.6667,83950.0,1449
1511,1449,14383.3333,83883.3333,1450
1512,1450,14383.3333,83883.3333,3259
1513,3259,14400.0,83883.3333,3265
1514,3265,14400.0,83883.3333,3013
1515,3013,14450.0,83916.6667,2091
1516,2091,14483.3333,83916.6667,2905
1517,2905,14483.3333,83916.6667,2906
1518,2906,14483.3333,83916.6667,293
1519,293,14483.3333,83983.3333,2143
1520,2143,14483.3333,83983.3333,358
1521,358,14616.6667,83933.3333,1376
1522,1376,14550.0,84116.6667,1645
1523,1645,14550.0,84116.6667,304
1524,304,14500.0,84150.0,531
1525,531,14650.0,84300.0,49
1526,49,14683.3333,84250.0,2777
1527,2777,14733.3333,84250.0,801
1528,801,14700.0,84200.0,3212
1529,3212,14716.6667,84150.0,3217
1530,3217,14716.6667,84150.0,584
1531,584,14766.6667,84100.0,1930
1532,1930,14750.0,84083.3333,702
1533,702,14750.0,84083.3333,1610
1534,1610,14733.3333,84083.3333,525
1535,525,14716.6667,84083.3333,3218
1536,3218,14716.6667,84083.3333,2130
1537,2130,14733.3333,84016.6667,1031
1538,1031,14733.3333,84016.6667,2129
1539,2129,14733.3333,84016.6667,2214
1540,2214,14733.3333,83966.6667,65
1541,65,14733.3333,83966.6667,64
1542,64,14733.3333,83966.6667,194
1543,194,14750.0,83950.0,389
1544,389,14750.0,83916.6667,3279
1545,3279,14750.0,83883.3333,3278
1546,3278,14750.0,83883.3333,3277
1547,3277,14750.0,83883.3333,3276
1548,3276,14750.0,83883.3333,3274
1549,3274,14750.0,83883.3333,3273
1550,3273,14750.0,83883.3333,2136
1551,2136,14750.0,83883.3333,2122
1552,2122,14766.6667,83850.0,970
1553,970,14766.6667,83850.0,962
1554,962,14766.6667,83850.0,196
1555,196,14766.6667,83833.3333,3340
1556,3340,14783.3333,83816.6667,3296
1557,3296,14783.3333,83816.6667,199
1558,199,14800.0,83816.6667,201
1559,201,14800.0,83816.6667,202
1560,202,14816.6667,83783.3333,200
1561,200,14816.6667,83783.3333,216
1562,216,14783.3333,83783.3333,232
1563,232,14750.0,83766.6667,217
1564,217,14800.0,83750.0,2215
1565,2215,14800.0,83733.3333,70
1566,70,14800.0,83733.3333,69
1567,69,14800.0,83733.3333,61
1568,61,14800.0,83733.3333,2966
1569,2966,14816.6667,83716.6667,2920
1570,2920,14816.6667,83716.6667,2097
1571,2097,14816.6667,83716.6667,1037
1572,1037,14883.3333,83700.0,2126
1573,2126,14883.3333,83700.0,3022
1574,3022,14883.3333,83700.0,1036
1575,1036,14883.3333,83700.0,1021
1576,1021,14866.6667,83683.3333,1020
1577,1020,14866.6667,83683.3333,3399
1578,3399,14883.3333,83633.3333,3397
1579,3397,14883.3333,83633.3333,1247
1580,1247,14883.3333,83633.3333,964
1581,964,14883.3333,83616.6667,383
1582,383,14883.3333,83616.6667,3021
1583,3021,14900.0,83600.0,2125
1584,2125,14900.0,83600.0,2124
1585,2124,14900.0,83600.0,3255
1586,3255,14916.6667,83600.0,3254
1587,3254,14916.6667,83600.0,3215
1588,3215,14916.6667,83600.0,967
1589,967,14916.6667,83566.6667,385
1590,385,14916.6667,83566.6667,965
1591,965,14916.6667,83566.6667,3350
1592,3350,14933.3333,83550.0,1281
1593,1281,14950.0,83533.3333,375
1594,375,14950.0,83533.3333,197
1595,197,14950.0,83533.3333,1583
1596,1583,14966.6667,83533.3333,1582
1597,1582,14966.6667,83533.3333,186
1598,186,14983.3333,83533.3333,988
1599,988,14983.3333,83516.6667,270
1600,270,14983.3333,83466.6667,1136
1601,1136,14983.3333,83450.0,1581
1602,1581,15000.0,83400.0,1001
1603,1001,15000.0,83350.0,2504
1604,2504,14983.3333,83200.0,1077
1605,1077,14983.3333,83166.6667,3025
1606,3025,14983.3333,83166.6667,3206
1607,3206,14983.3333,83166.6667,3208
1608,3208,14983.3333,83166.6667,3445
1609,3445,14983.3333,83166.6667,3205
1610,3205,14933.3333,83250.0,3204
1611,3204,14933.3333,83250.0,2116
1612,2116,14750.0,83416.6667,3272
1613,3272,14750.0,83416.6667,3271
1614,3271,14750.0,83416.6667,2094
1615,2094,14566.6667,83500.0,52
1616,52,14566.6667,83616.6667,3180
1617,3180,14566.6667,83616.6667,3181
1618,3181,14566.6667,83616.6667,3227
1619,3227,14650.0,83650.0,233
1620,233,14550.0,83716.6667,48
1621,48,14400.0,83783.3333,3362
1622,3362,14400.0,83783.3333,359
1623,359,14333.3333,83800.0,3125
1624,3125,14366.6667,83650.0,72
1625,72,14366.6667,83566.6667,363
1626,363,14283.3333,83483.3333,214
1627,214,14316.6667,83433.3333,207
1628,207,14316.6667,83400.0,1233
1629,1233,14383.3333,83300.0,2217
1630,2217,14450.0,83316.6667,1279
1631,1279,14450.0,83316.6667,87
1632,87,14450.0,83316.6667,86
1633,86,14450.0,83316.6667,53
1634,53,14450.0,83316.6667,2301
1635,2301,14450.0,83283.3333,2296
1636,2296,14450.0,83283.3333,300
1637,300,14466.6667,83283.3333,1277
1638,1277,14466.6667,83283.3333,1278
1639,1278,14466.6667,83283.3333,2135
1640,2135,14466.6667,83283.3333,188
1641,188,14483.3333,83283.3333,1611
1642,1611,14466.6667,83266.6667,1603
1643,1603,14466.6667,83266.6667,1602
1644,1602,14466.6667,83266.6667,1612
1645,1612,14466.6667,83266.6667,2902
1646,2902,14400.0,83216.6667,2904
1647,2904,14400.0,83216.6667,3355
1648,3355,14300.0,83216.6667,3346
1649,3346,14300.0,83216.6667,2944
1650,2944,14166.6667,83316.6667,2112
1651,2112,14166.6667,83316.6667,2111
1652,2111,14166.6667,83316.6667,215
1653,215,14100.0,83333.3333,198
1654,198,14100.0,83333.3333,3249
1655,3249,14033.3333,83383.3333,1078
1656,1078,14033.3333,83383.3333,1447
1657,1447,14016.6667,83416.6667,1893
1658,1893,14016.6667,83416.6667,1896
1659,1896,14016.6667,83416.6667,1901
1660,1901,14016.6667,83416.6667,1446
1661,1446,14016.6667,83416.6667,2138
1662,2138,13916.6667,83483.3333,3146
1663,3146,13916.6667,83483.3333,2227
1664,2227,13883.3333,83466.6667,58
1665,58,13883.3333,83466.6667,1002
1666,1002,13883.3333,83466.6667,2226
1667,2226,13883.3333,83466.6667,3323
1668,3323,13883.3333,83466.6667,2191
1669,2191,13866.6667,83583.3333,3014
1670,3014,13700.0,83516.6667,2231
1671,2231,13700.0,83516.6667,2216
1672,2216,13550.0,83533.3333,2213
1673,2213,13550.0,83533.3333,45
1674,45,13550.0,83533.3333,44
1675,44,13550.0,83533.3333,36
1676,36,13550.0,83533.3333,77
1677,77,13466.6667,83550.0,79
1678,79,13466.6667,83550.0,81
1679,81,13466.6667,83550.0,2219
1680,2219,13466.6667,83550.0,2221
1681,2221,13466.6667,83550.0,40
1682,40,13466.6667,83550.0,41
1683,41,13466.6667,83550.0,3372
1684,3372,13400.0,83583.3333,1097
1685,1097,13400.0,83566.6667,1096
1686,1096,13400.0,83566.6667,1094
1687,1094,13400.0,83566.6667,384
1688,384,13400.0,83566.6667,333
1689,333,13383.3333,83566.6667,302
1690,302,13383.3333,83566.6667,301
1691,301,13383.3333,83566.6667,1070
1692,1070,13366.6667,83566.6667,2109
1693,2109,13316.6667,83600.0,74
1694,74,13216.6667,83583.3333,873
1695,873,12966.6667,83533.3333,2193
1696,2193,12933.3333,83533.3333,2194
1697,2194,12933.3333,83533.3333,2223
1698,2223,12933.3333,83533.3333,2344
1699,2344,12933.3333,83533.3333,3030
1700,3030,12933.3333,83533.3333,3031
1701,3031,12933.3333,83533.3333,43
1702,43,12933.3333,83533.3333,368
1703,368,12933.3333,83533.3333,83
1704,83,12933.3333,83533.3333,1007
1705,1007,12900.0,83533.3333,2073
1706,2073,12900.0,83533.3333,2074
1707,2074,12900.0,83533.3333,2300
1708,2300,12900.0,83533.3333,3319
1709,3319,12900.0,83533.3333,3324
1710,3324,12900.0,83533.3333,2137
1711,2137,12916.6667,83583.3333,3150
1712,3150,12900.0,83583.3333,2139
1713,2139,12900.0,83583.3333,1087
1714,1087,12900.0,83600.0,1585
1715,1585,12900.0,83600.0,1587
1716,1587,12900.0,83666.6667,1179
1717,1179,12933.3333,83733.3333,2981
1718,2981,12800.0,84033.3333,2616
1719,2616,12850.0,84133.3333,231
1720,231,12816.6667,84200.0,1268
1721,1268,12816.6667,84200.0,1219
1722,1219,12866.6667,84183.3333,3289
1723,3289,12866.6667,84183.3333,3043
1724,3043,13116.6667,84133.3333,1205
1725,1205,13150.0,84100.0,987
1726,987,13200.0,84083.3333,990
1727,990,13200.0,84083.3333,2140
1728,2140,13200.0,84083.3333,1437
1729,1437,13250.0,84083.3333,1438
1730,1438,13250.0,84083.3333,1445
1731,1445,13250.0,84083.3333,2133
1732,2133,13166.6667,84133.3333,378
1733,378,13166.6667,84133.3333,1997
1734,1997,13116.6667,84183.3333,1995
1735,1995,13116.6667,84183.3333,2673
1736,2673,13100.0,84216.6667,847
1737,847,13083.3333,84283.3333,371
1738,371,13083.3333,84283.3333,208
1739,208,13000.0,84366.6667,3318
1740,3318,12983.3333,84383.3333,324
1741,324,12983.3333,84383.3333,3130
1742,3130,12950.0,84483.3333,2734
1743,2734,13033.3333,84566.6667,2881
1744,2881,13050.0,84733.3333,1170
1745,1170,13050.0,84733.3333,637
1746,637,13050.0,84733.3333,2529
1747,2529,12916.6667,84683.3333,1143
1748,1143,12916.6667,84850.0,315
1749,315,12916.6667,84883.3333,2754
1750,2754,12866.6667,84933.3333,1209
1751,1209,12816.6667,84983.3333,1125
1752,1125,12816.6667,84983.3333,1674
1753,1674,12816.6667,85016.6667,366
1754,366,12733.3333,85016.6667,1167
1755,1167,12700.0,85100.0,2446
1756,2446,12666.6667,85116.6667,114
1757,114,12700.0,85133.3333,3432
1758,3432,12700.0,85150.0,2383
1759,2383,12683.3333,85183.3333,2772
1760,2772,12766.6667,85233.3333,2656
1761,2656,12816.6667,85266.6667,1959
1762,1959,12833.3333,85266.6667,1229
1763,1229,12850.0,85233.3333,1699
1764,1699,12866.6667,85233.3333,2382
1765,2382,12866.6667,85183.3333,754
1766,754,12800.0,85133.3333,1230
1767,1230,12800.0,85133.3333,1231
1768,1231,12800.0,85133.3333,1232
1769,1232,12800.0,85133.3333,3262
1770,3262,12800.0,85133.3333,1436
1771,1436,12850.0,85083.3333,2397
1772,2397,12883.3333,85100.0,2265
1773,2265,12883.3333,85116.6667,2407
1774,2407,12900.0,85116.6667,3280
1775,3280,12933.3333,85033.3333,1937
1776,1937,13000.0,84916.6667,2269
1777,2269,13000.0,84916.6667,2092
1778,2092,13133.3333,84916.6667,2141
1779,2141,13183.3333,84933.3333,2764
1780,2764,13133.3333,85150.0,2855
1781,2855,13000.0,85150.0,769
1782,769,12983.3333,85116.6667,2381
1783,2381,12950.0,85166.6667,3145
1784,3145,12950.0,85200.0,2454
1785,2454,12983.3333,85216.6667,1309
1786,1309,12983.3333,85216.6667,2453
1787,2453,12983.3333,85216.6667,1013
1788,1013,12933.3333,85216.6667,1835
1789,1835,12900.0,85250.0,1836
1790,1836,12933.3333,85266.6667,2601
1791,2601,12950.0,85266.6667,2624
1792,2624,12916.6667,85283.3333,1228
1793,1228,12883.3333,85316.6667,2367
1794,2367,12950.0,85366.6667,1868
1795,1868,12966.6667,85366.6667,2065
1796,2065,13083.3333,85516.6667,2274
1797,2274,13000.0,85616.6667,312
1798,312,13033.3333,85633.3333,3219
1799,3219,13033.3333,85633.3333,392
1800,392,13066.6667,85650.0,2167
1801,2167,13066.6667,85650.0,2448
1802,2448,13066.6667,85650.0,3442
1803,3442,13050.0,85700.0,3443
1804,3443,13050.0,85700.0,209
1805,209,13066.6667,85750.0,2391
1806,2391,13066.6667,85750.0,113
1807,113,13033.3333,85733.3333,427
1808,427,13000.0,85733.3333,24
1809,24,12983.3333,85733.3333,1489
1810,1489,12983.3333,85750.0,1910
1811,1910,12966.6667,85766.6667,573
1812,573,12950.0,85766.6667,1818
1813,1818,12950.0,85800.0,32
1814,32,12966.6667,85800.0,26
1815,26,12966.6667,85800.0,20
1816,20,12966.6667,85800.0,2205
1817,2205,12983.3333,85783.3333,33
1818,33,13000.0,85800.0,27
1819,27,13000.0,85800.0,2933
1820,2933,13016.6667,85800.0,539
1821,539,12983.3333,85833.3333,2918
1822,2918,13000.0,85850.0,1991
1823,1991,13000.0,85850.0,848
1824,848,12950.0,85866.6667,603
1825,603,12950.0,85866.6667,2310
1826,2310,12933.3333,85866.6667,1952
1827,1952,12933.3333,85866.6667,2309
1828,2309,12933.3333,85866.6667,2026
1829,2026,12916.6667,85866.6667,1607
1830,1607,12933.3333,85833.3333,1912
1831,1912,12933.3333,85833.3333,611
1832,611,12916.6667,85833.3333,2583
1833,2583,12916.6667,85816.6667,1289
1834,1289,12916.6667,85816.6667,1287
1835,1287,12916.6667,85816.6667,1827
1836,1827,12916.6667,85816.6667,2288
1837,2288,12883.3333,85833.3333,2057
1838,2057,12866.6667,85816.6667,1368
1839,1368,12866.6667,85816.6667,3038
1840,3038,12833.3333,85816.6667,2745
1841,2745,12833.3333,85816.6667,1812
1842,1812,12800.0,85800.0,2917
1843,2917,12783.3333,85833.3333,1517
1844,1517,12766.6667,85816.6667,1264
1845,1264,12766.6667,85783.3333,2765
1846,2765,12716.6667,85800.0,2766
1847,2766,12700.0,85783.3333,2919
1848,2919,12683.3333,85716.6667,2250
1849,2250,12683.3333,85716.6667,1149
1850,1149,12733.3333,85733.3333,2475
1851,2475,12750.0,85716.6667,2543
1852,2543,12750.0,85700.0,2303
1853,2303,12733.3333,85700.0,2668
1854,2668,12733.3333,85700.0,533
1855,533,12733.3333,85666.6667,2329
1856,2329,12750.0,85666.6667,831
1857,831,12783.3333,85700.0,802
1858,802,12783.3333,85700.0,2182
1859,2182,12783.3333,85700.0,1977
1860,1977,12816.6667,85750.0,1992
1861,1992,12816.6667,85750.0,1934
1862,1934,12833.3333,85766.6667,1931
1863,1931,12833.3333,85766.6667,663
1864,663,12883.3333,85766.6667,2642
1865,2642,12900.0,85733.3333,498
1866,498,12933.3333,85733.3333,938
1867,938,12933.3333,85700.0,2346
1868,2346,12916.6667,85666.6667,3229
1869,3229,12900.0,85666.6667,1118
1870,1118,12883.3333,85650.0,2472
1871,2472,12883.3333,85683.3333,978
1872,978,12866.6667,85700.0,696
1873,696,12833.3333,85700.0,2890
1874,2890,12833.3333,85683.3333,3367
1875,3367,12850.0,85650.0,3341
1876,3341,12850.0,85650.0,2678
1877,2678,12816.6667,85633.3333,1335
1878,1335,12800.0,85650.0,1310
1879,1310,12766.6667,85633.3333,676
1880,676,12783.3333,85583.3333,1022
1881,1022,12783.3333,85533.3333,1186
1882,1186,12800.0,85516.6667,1184
1883,1184,12800.0,85516.6667,1738
1884,1738,12816.6667,85516.6667,1909
1885,1909,12816.6667,85550.0,985
1886,985,12866.6667,85550.0,3060
1887,3060,12866.6667,85550.0,3061
1888,3061,12866.6667,85550.0,3063
1889,3063,12866.6667,85550.0,622
1890,622,12866.6667,85583.3333,3275
1891,3275,12883.3333,85583.3333,191
1892,191,12916.6667,85616.6667,2358
1893,2358,12933.3333,85616.6667,1857
1894,1857,12950.0,85633.3333,2840
1895,2840,12950.0,85600.0,1204
1896,1204,12933.3333,85566.6667,71
1897,71,12950.0,85566.6667,2087
1898,2087,12983.3333,85566.6667,2459
1899,2459,12966.6667,85533.3333,2272
1900,2272,12933.3333,85533.3333,1717
1901,1717,12900.0,85533.3333,2542
1902,2542,12866.6667,85516.6667,2915
1903,2915,12850.0,85516.6667,261
1904,261,12850.0,85466.6667,1399
1905,1399,12833.3333,85466.6667,1710
1906,1710,12833.3333,85383.3333,2842
1907,2842,12816.6667,85366.6667,3171
1908,3171,12783.3333,85433.3333,3170
1909,3170,12783.3333,85433.3333,3160
1910,3160,12783.3333,85433.3333,3261
1911,3261,12750.0,85433.3333,1697
1912,1697,12716.6667,85483.3333,2795
1913,2795,12716.6667,85516.6667,1441
1914,1441,12683.3333,85533.3333,1739
1915,1739,12683.3333,85533.3333,267
1916,267,12700.0,85550.0,1252
1917,1252,12716.6667,85550.0,2433
1918,2433,12716.6667,85566.6667,1217
1919,1217,12716.6667,85600.0,2824
1920,2824,12716.6667,85633.3333,954
1921,954,12683.3333,85616.6667,955
1922,955,12683.3333,85616.6667,509
1923,509,12683.3333,85633.3333,3333
1924,3333,12666.6667,85650.0,2843
1925,2843,12666.6667,85650.0,3353
1926,3353,12650.0,85650.0,2080
1927,2080,12650.0,85650.0,2992
1928,2992,12633.3333,85666.6667,3155
1929,3155,12633.3333,85650.0,2800
1930,2800,12633.3333,85650.0,2832
1931,2832,12616.6667,85650.0,334
1932,334,12616.6667,85616.6667,625
1933,625,12650.0,85616.6667,2717
1934,2717,12650.0,85583.3333,51
1935,51,12616.6667,85566.6667,448
1936,448,12616.6667,85516.6667,1354
1937,1354,12666.6667,85500.0,2435
1938,2435,12666.6667,85483.3333,185
1939,185,12650.0,85483.3333,3339
1940,3339,12650.0,85483.3333,1360
1941,1360,12633.3333,85433.3333,534
1942,534,12633.3333,85433.3333,3161
1943,3161,12666.6667,85400.0,2400
1944,2400,12700.0,85383.3333,963
1945,963,12750.0,85316.6667,2743
1946,2743,12650.0,85300.0,2742
1947,2742,12650.0,85300.0,1527
1948,1527,12650.0,85300.0,1005
1949,1005,12550.0,85400.0,2058
1950,2058,12466.6667,85333.3333,264
1951,264,12466.6667,85433.3333,1750
1952,1750,12466.6667,85433.3333,1514
1953,1514,12466.6667,85433.3333,206
1954,206,12416.6667,85433.3333,3185
1955,3185,12383.3333,85516.6667,3187
1956,3187,12383.3333,85516.6667,2874
1957,2874,12383.3333,85533.3333,1703
1958,1703,12416.6667,85533.3333,3267
1959,3267,12450.0,85533.3333,212
1960,212,12483.3333,85566.6667,2394
1961,2394,12483.3333,85566.6667,3221
1962,3221,12500.0,85533.3333,517
1963,517,12516.6667,85516.6667,814
1964,814,12550.0,85483.3333,22
1965,22,12550.0,85500.0,1979
1966,1979,12566.6667,85533.3333,941
1967,941,12550.0,85566.6667,2545
1968,2545,12533.3333,85566.6667,744
1969,744,12516.6667,85600.0,968
1970,968,12516.6667,85650.0,16
1971,16,12516.6667,85650.0,966
1972,966,12516.6667,85650.0,1720
1973,1720,12550.0,85666.6667,1389
1974,1389,12550.0,85666.6667,2845
1975,2845,12566.6667,85650.0,3335
1976,3335,12566.6667,85650.0,562
1977,562,12583.3333,85700.0,1432
1978,1432,12600.0,85716.6667,1434
1979,1434,12600.0,85716.6667,332
1980,332,12566.6667,85733.3333,757
1981,757,12600.0,85766.6667,776
1982,776,12600.0,85766.6667,3291
1983,3291,12650.0,85766.6667,2332
1984,2332,12666.6667,85783.3333,2413
1985,2413,12666.6667,85816.6667,1154
1986,1154,12700.0,85833.3333,1483
1987,1483,12733.3333,85833.3333,875
1988,875,12750.0,85850.0,1257
1989,1257,12750.0,85866.6667,2418
1990,2418,12716.6667,85883.3333,1347
1991,1347,12733.3333,85916.6667,2369
1992,2369,12750.0,85916.6667,772
1993,772,12733.3333,85933.3333,3175
1994,3175,12750.0,85950.0,274
1995,274,12733.3333,85966.6667,275
1996,275,12733.3333,85966.6667,1339
1997,1339,12735.0,86000.8333,3462
1998,3462,12741.9444,86013.0556,3461
1999,3461,12722.2222,86047.5,727
2000,727,12700.5556,86054.4444,3460
2001,3460,12682.7778,86028.8889,3172
2002,3172,12682.7778,86002.7778,447
2003,447,12683.3333,85983.3333,1333
2004,1333,12700.0,85950.0,515
2005,515,12683.3333,85933.3333,645
2006,645,12666.6667,85933.3333,3199
2007,3199,12633.3333,85933.3333,3198
2008,3198,12633.3333,85933.3333,2660
2009,2660,12616.6667,85900.0,245
2010,245,12633.3333,85900.0,351
2011,351,12650.0,85866.6667,2480
2012,2480,12633.3333,85850.0,2836
2013,2836,12616.6667,85866.6667,3300
2014,3300,12616.6667,85866.6667,1579
2015,1579,12600.0,85833.3333,1732
2016,1732,12566.6667,85833.3333,243
2017,243,12566.6667,85850.0,2159
2018,2159,12566.6667,85850.0,3338
2019,3338,12566.6667,85850.0,241
2020,241,12566.6667,85850.0,262
2021,262,12566.6667,85866.6667,2809
2022,2809,12516.6667,85850.0,3200
2023,3200,12500.0,85866.6667,2810
2024,2810,12500.0,85866.6667,1485
2025,1485,12466.6667,85850.0,1938
2026,1938,12450.0,85816.6667,879
2027,879,12483.3333,85800.0,1191
2028,1191,12516.6667,85816.6667,2661
2029,2661,12533.3333,85800.0,2727
2030,2727,12533.3333,85783.3333,2014
2031,2014,12533.3333,85750.0,501
2032,501,12533.3333,85716.6667,2481
2033,2481,12516.6667,85716.6667,2380
2034,2380,12500.0,85716.6667,411
2035,411,12483.3333,85750.0,874
2036,874,12483.3333,85750.0,1696
2037,1696,12466.6667,85750.0,3266
2038,3266,12450.0,85750.0,3250
2039,3250,12450.0,85750.0,1340
2040,1340,12416.6667,85750.0,467
2041,467,12400.0,85733.3333,352
2042,352,12416.6667,85700.0,2255
2043,2255,12433.3333,85700.0,3054
2044,3054,12466.6667,85700.0,2517
2045,2517,12483.3333,85700.0,3268
2046,3268,12466.6667,85666.6667,1846
2047,1846,12433.3333,85666.6667,2032
2048,2032,12433.3333,85633.3333,1752
2049,1752,12466.6667,85616.6667,2260
2050,2260,12450.0,85600.0,780
2051,780,12416.6667,85616.6667,752
2052,752,12416.6667,85616.6667,526
2053,526,12383.3333,85616.6667,524
2054,524,12383.3333,85616.6667,3173
2055,3173,12366.6667,85583.3333,2590
2056,2590,12350.0,85550.0,1480
2057,1480,12333.3333,85550.0,829
2058,829,12333.3333,85516.6667,2479
2059,2479,12333.3333,85516.6667,2665
2060,2665,12300.0,85550.0,2994
2061,2994,12283.3333,85516.6667,2160
2062,2160,12250.0,85466.6667,2185
2063,2185,12250.0,85466.6667,2622
2064,2622,12250.0,85466.6667,2396
2065,2396,12233.3333,85450.0,648
2066,648,12216.6667,85416.6667,1575
2067,1575,12216.6667,85416.6667,2940
2068,2940,12266.6667,85383.3333,3019
2069,3019,12266.6667,85383.3333,535
2070,535,12350.0,85250.0,469
2071,469,12300.0,85233.3333,3284
2072,3284,12300.0,85183.3333,1911
2073,1911,12216.6667,85166.6667,1605
2074,1605,12216.6667,85166.6667,471
2075,471,12233.3333,85116.6667,2690
2076,2690,12283.3333,85116.6667,2687
2077,2687,12283.3333,85116.6667,2347
2078,2347,12283.3333,85116.6667,2345
2079,2345,12283.3333,85116.6667,2744
2080,2744,12300.0,85083.3333,2297
2081,2297,12283.3333,85083.3333,830
2082,830,12283.3333,85083.3333,554
2083,554,12266.6667,85083.3333,412
2084,412,12266.6667,85083.3333,1885
2085,1885,12250.0,85066.6667,2317
2086,2317,12283.3333,85016.6667,1958
2087,1958,12283.3333,85016.6667,647
2088,647,12283.3333,85016.6667,3216
2089,3216,12200.0,84900.0,2729
2090,2729,12100.0,84900.0,2956
2091,2956,12100.0,84900.0,1499
2092,1499,12166.6667,84983.3333,1753
2093,1753,12166.6667,85066.6667,1171
2094,1171,12133.3333,85116.6667,649
2095,649,12133.3333,85116.6667,638
2096,638,12133.3333,85116.6667,635
2097,635,12133.3333,85116.6667,1081
2098,1081,12133.3333,85166.6667,908
2099,908,12100.0,85216.6667,3299
2100,3299,12100.0,85216.6667,3298
2101,3298,12100.0,85216.6667,2588
2102,2588,12183.3333,85250.0,2847
2103,2847,12183.3333,85283.3333,1831
2104,1831,12183.3333,85316.6667,1194
2105,1194,12133.3333,85350.0,3433
2106,3433,12150.0,85383.3333,2455
2107,2455,12116.6667,85383.3333,2151
2108,2151,12083.3333,85400.0,1747
2109,1747,12133.3333,85416.6667,867
2110,867,12133.3333,85466.6667,3358
2111,3358,12150.0,85516.6667,2606
2112,2606,12166.6667,85500.0,2784
2113,2784,12200.0,85533.3333,718
2114,718,12183.3333,85566.6667,3428
2115,3428,12183.3333,85600.0,656
2116,656,12200.0,85616.6667,2760
2117,2760,12216.6667,85633.3333,1533
2118,1533,12233.3333,85600.0,2338
2119,2338,12266.6667,85616.6667,298
2120,298,12250.0,85650.0,2486
2121,2486,12216.6667,85666.6667,1858
2122,1858,12200.0,85666.6667,472
2123,472,12200.0,85666.6667,1643
2124,1643,12200.0,85700.0,3294
2125,3294,12166.6667,85683.3333,2372
2126,2372,12166.6667,85666.6667,2697
2127,2697,12150.0,85650.0,329
2128,329,12116.6667,85616.6667,3203
2129,3203,12100.0,85600.0,1860
2130,1860,12050.0,85633.3333,3232
2131,3232,12050.0,85616.6667,130
2132,130,12016.6667,85550.0,1074
2133,1074,11966.6667,85516.6667,2593
2134,2593,11966.6667,85483.3333,2020
2135,2020,11983.3333,85466.6667,2242
2136,2242,11983.3333,85433.3333,1105
2137,1105,11983.3333,85433.3333,2674
2138,2674,11933.3333,85416.6667,701
2139,701,11900.0,85433.3333,3166
2140,3166,11883.3333,85400.0,2872
2141,2872,11883.3333,85366.6667,2871
2142,2871,11883.3333,85366.6667,650
2143,650,11916.6667,85350.0,2817
2144,2817,11933.3333,85333.3333,2650
2145,2650,11950.0,85366.6667,3352
2146,3352,12000.0,85366.6667,2490
2147,2490,11983.3333,85350.0,1032
2148,1032,11966.6667,85333.3333,1675
2149,1675,11983.3333,85300.0,1876
2150,1876,12033.3333,85266.6667,1634
2151,1634,12016.6667,85250.0,658
2152,658,11966.6667,85266.6667,2054
2153,2054,11933.3333,85283.3333,789
2154,789,11883.3333,85300.0,946
2155,946,11850.0,85333.3333,401
2156,401,11850.0,85333.3333,1854
2157,1854,11850.0,85283.3333,1707
2158,1707,11866.6667,85266.6667,2600
2159,2600,11900.0,85250.0,807
2160,807,11850.0,85216.6667,1672
2161,1672,11833.3333,85250.0,659
2162,659,11800.0,85233.3333,1534
2163,1534,11766.6667,85250.0,1927
2164,1927,11733.3333,85183.3333,495
2165,495,11766.6667,85183.3333,484
2166,484,11800.0,85183.3333,738
2167,738,11800.0,85166.6667,1545
2168,1545,11850.0,85150.0,863
2169,863,11850.0,85166.6667,2510
2170,2510,11883.3333,85183.3333,2732
2171,2732,11933.3333,85200.0,930
2172,930,11950.0,85216.6667,710
2173,710,11983.3333,85200.0,1058
2174,1058,11966.6667,85183.3333,1051
2175,1051,11966.6667,85183.3333,3447
2176,3447,11966.6667,85166.6667,600
2177,600,11966.6667,85166.6667,1452
2178,1452,12000.0,85166.6667,715
2179,715,11966.6667,85116.6667,406
2180,406,12066.6667,85083.3333,420
2181,420,12066.6667,85083.3333,98
2182,98,12050.0,84983.3333,99
2183,99,12050.0,84983.3333,107
2184,107,12050.0,84983.3333,2245
2185,2245,12016.6667,84950.0,1033
2186,1033,12000.0,84933.3333,1318
2187,1318,11983.3333,84866.6667,1317
2188,1317,11983.3333,84866.6667,1501
2189,1501,11983.3333,84816.6667,1950
2190,1950,12000.0,84783.3333,23
2191,23,11866.6667,84816.6667,1425
2192,1425,11866.6667,84816.6667,1616
2193,1616,11866.6667,84816.6667,1617
2194,1617,11866.6667,84816.6667,1900
2195,1900,11866.6667,84816.6667,1034
2196,1034,11816.6667,84933.3333,3055
2197,3055,11683.3333,84950.0,1535
2198,1535,11683.3333,84950.0,1325
2199,1325,11616.6667,85083.3333,2591
2200,2591,11616.6667,85083.3333,1065
2201,1065,11616.6667,85083.3333,1964
2202,1964,11566.6667,85033.3333,1172
2203,1172,11433.3333,84933.3333,2535
2204,2535,11433.3333,84933.3333,674
2205,674,11400.0,84900.0,680
2206,680,11400.0,84900.0,1211
2207,1211,11516.6667,84850.0,3423
2208,3423,11683.3333,84700.0,2865
2209,2865,11683.3333,84700.0,2864
2210,2864,11683.3333,84700.0,3002
2211,3002,11650.0,84433.3333,2996
2212,2996,11650.0,84433.3333,2998
2213,2998,11683.3333,84450.0,1269
2214,1269,11683.3333,84450.0,1463
2215,1463,11866.6667,84516.6667,336
2216,336,11866.6667,84516.6667,3039
2217,3039,11966.6667,84616.6667,2747
2218,2747,11966.6667,84616.6667,1948
2219,1948,12016.6667,84650.0,2684
2220,2684,12000.0,84666.6667,2682
2221,2682,12000.0,84666.6667,2815
2222,2815,12000.0,84700.0,2749
2223,2749,12000.0,84733.3333,3041
2224,3041,12000.0,84733.3333,1972
2225,1972,12050.0,84666.6667,2070
2226,2070,12050.0,84616.6667,952
2227,952,12066.6667,84600.0,2547
2228,2547,12150.0,84650.0,2142
2229,2142,12216.6667,84750.0,2096
2230,2096,12216.6667,84750.0,507
2231,507,12383.3333,84816.6667,1134
2232,1134,12400.0,84883.3333,1133
2233,1133,12400.0,84883.3333,314
2234,314,12400.0,84883.3333,313
2235,313,12400.0,84883.3333,2746
2236,2746,12433.3333,84950.0,1220
2237,1220,12400.0,85016.6667,921
2238,921,12483.3333,85150.0,2353
2239,2353,12566.6667,84983.3333,2704
2240,2704,12516.6667,84933.3333,1990
2241,1990,12550.0,84900.0,2912
2242,2912,12550.0,84900.0,1282
2243,1282,12566.6667,84733.3333,1285
2244,1285,12566.6667,84733.3333,951
2245,951,12533.3333,84600.0,1099
2246,1099,12483.3333,84533.3333,2692
2247,2692,12466.6667,84366.6667,1960
2248,1960,12366.6667,84400.0,2907
2249,2907,12333.3333,84466.6667,673
2250,673,12350.0,84550.0,1511
2251,1511,12283.3333,84533.3333,1624
2252,1624,12266.6667,84450.0,1098
2253,1098,12150.0,84416.6667,1705
2254,1705,12133.3333,84433.3333,3207
2255,3207,12116.6667,84416.6667,2856
2256,2856,12116.6667,84450.0,3149
2257,3149,12116.6667,84466.6667,2525
2258,2525,12133.3333,84466.6667,3059
2259,3059,12133.3333,84483.3333,1321
2260,1321,12066.6667,84533.3333,1653
2261,1653,12033.3333,84466.6667,1698
2262,1698,12033.3333,84433.3333,3209
2263,3209,12066.6667,84383.3333,1153
2264,1153,12133.3333,84333.3333,2487
2265,2487,12166.6667,84316.6667,1018
2266,1018,12166.6667,84316.6667,1981
2267,1981,12200.0,84283.3333,3371
2268,3371,12200.0,84283.3333,1320
2269,1320,12250.0,84300.0,1319
2270,1319,12250.0,84300.0,1314
2271,1314,12250.0,84300.0,1407
2272,1407,12300.0,84300.0,1704
2273,1704,12316.6667,84300.0,816
2274,816,12316.6667,84333.3333,925
2275,925,12333.3333,84316.6667,2728
2276,2728,12383.3333,84283.3333,900
2277,900,12416.6667,84266.6667,2316
2278,2316,12383.3333,84233.3333,3020
2279,3020,12333.3333,84233.3333,2325
2280,2325,12316.6667,84233.3333,1838
2281,1838,12333.3333,84100.0,1652
2282,1652,12233.3333,84116.6667,1512
2283,1512,12216.6667,84133.3333,1464
2284,1464,12183.3333,84133.3333,2038
2285,2038,12200.0,84166.6667,782
2286,782,12216.6667,84216.6667,745
2287,745,12166.6667,84200.0,3024
2288,3024,12150.0,84216.6667,1026
2289,1026,12150.0,84216.6667,1345
2290,1345,12133.3333,84266.6667,587
2291,587,12100.0,84216.6667,2009
2292,2009,12083.3333,84216.6667,876
2293,876,12083.3333,84233.3333,355
2294,355,12066.6667,84250.0,3223
2295,3223,12050.0,84266.6667,805
2296,805,11950.0,84250.0,2292
2297,2292,11983.3333,84233.3333,1091
2298,1091,12116.6667,84116.6667,1092
2299,1092,12116.6667,84116.6667,2838
2300,2838,12116.6667,84116.6667,3331
2301,3331,12116.6667,84116.6667,3045
2302,3045,12133.3333,84100.0,369
2303,369,12150.0,84083.3333,365
2304,365,12100.0,84033.3333,2298
2305,2298,12100.0,84033.3333,3263
2306,3263,12083.3333,84000.0,3260
2307,3260,12083.3333,84000.0,1439
2308,1439,12083.3333,84000.0,2113
2309,2113,12083.3333,83950.0,483
2310,483,12150.0,83966.6667,2146
2311,2146,12150.0,83966.6667,3188
2312,3188,12150.0,83966.6667,901
2313,901,12216.6667,84033.3333,2805
2314,2805,12333.3333,83816.6667,1029
2315,1029,12333.3333,83683.3333,1027
2316,1027,12333.3333,83683.3333,998
2317,998,12333.3333,83683.3333,2232
2318,2232,12316.6667,83666.6667,2354
2319,2354,12350.0,83666.6667,1162
2320,1162,12350.0,83666.6667,1163
2321,1163,12350.0,83666.6667,1492
2322,1492,12350.0,83666.6667,1690
2323,1690,12350.0,83666.6667,1691
2324,1691,12350.0,83666.6667,1932
2325,1932,12350.0,83666.6667,2118
2326,2118,12400.0,83733.3333,2148
2327,2148,12400.0,83733.3333,2149
2328,2149,12400.0,83733.3333,3007
2329,3007,12400.0,83733.3333,3017
2330,3017,12400.0,83733.3333,3018
2331,3018,12400.0,83733.3333,3330
2332,3330,12450.0,83733.3333,3240
2333,3240,12450.0,83733.3333,3238
2334,3238,12450.0,83733.3333,3237
2335,3237,12450.0,83733.3333,1821
2336,1821,12450.0,83816.6667,3239
2337,3239,12483.3333,83750.0,1967
2338,1967,12483.3333,83750.0,56
2339,56,12583.3333,83750.0,57
2340,57,12583.3333,83750.0,386
2341,386,12583.3333,83750.0,2225
2342,2225,12583.3333,83750.0,3329
2343,3329,12583.3333,83750.0,1245
2344,1245,12550.0,83716.6667,1419
2345,1419,12566.6667,83700.0,1418
2346,1418,12566.6667,83700.0,1053
2347,1053,12566.6667,83700.0,259
2348,259,12666.6667,83550.0,306
2349,306,12666.6667,83550.0,307
2350,307,12666.6667,83550.0,309
2351,309,12666.6667,83550.0,380
2352,380,12450.0,83483.3333,2958
2353,2958,12166.6667,83033.3333,349
2354,349,12166.6667,83033.3333,2324
2355,2324,12150.0,83683.3333,2924
2356,2924,12233.3333,83750.0,2925
2357,2925,12233.3333,83750.0,258
2358,258,12250.0,83750.0,2101
2359,2101,12250.0,83750.0,2100
2360,2100,12250.0,83750.0,2923
2361,2923,12250.0,83750.0,3182
2362,3182,12250.0,83750.0,1558
2363,1558,12233.3333,83783.3333,1742
2364,1742,12233.3333,83833.3333,1567
2365,1567,12200.0,83833.3333,1566
2366,1566,12200.0,83833.3333,3159
2367,3159,12116.6667,83816.6667,3158
2368,3158,12116.6667,83816.6667,1359
2369,1359,12116.6667,83816.6667,928
2370,928,12066.6667,83833.3333,2731
2371,2731,12016.6667,83816.6667,3269
2372,3269,12000.0,83750.0,3270
2373,3270,12000.0,83750.0,2830
2374,2830,11995.0,83688.8889,1025
2375,1025,11883.3333,83800.0,1348
2376,1348,11600.0,83666.6667,3320
2377,3320,11516.6667,83783.3333,2304
2378,2304,11516.6667,83783.3333,1056
2379,1056,11516.6667,83783.3333,3357
2380,3357,11583.3333,84016.6667,1152
2381,1152,11466.6667,83883.3333,3325
2382,3325,11283.3333,83883.3333,3403
2383,3403,11200.0,83850.0,3402
2384,3402,11200.0,83850.0,2708
2385,2708,11116.6667,83900.0,692
2386,692,11100.0,83933.3333,2233
2387,2233,11100.0,83816.6667,3236
2388,3236,11066.6667,83816.6667,2318
2389,2318,10966.6667,83766.6667,1968
2390,1968,10933.3333,83733.3333,3405
2391,3405,10933.3333,83716.6667,734
2392,734,10916.6667,83700.0,2295
2393,2295,10916.6667,83700.0,2892
2394,2892,10766.6667,83766.6667,2706
2395,2706,10766.6667,83766.6667,3073
2396,3073,11016.6667,84400.0,3071
2397,3071,11016.6667,84400.0,2768
2398,2768,11016.6667,84400.0,2763
2399,2763,11016.6667,84400.0,2762
2400,2762,11016.6667,84400.0,3264
2401,3264,11050.0,84466.6667,2077
2402,2077,11150.0,84633.3333,1326
2403,1326,11250.0,84783.3333,895
2404,895,11116.6667,84783.3333,159
2405,159,11000.0,85050.0,2804
2406,2804,11066.6667,85100.0,3005
2407,3005,11100.0,85216.6667,2248
2408,2248,11100.0,85216.6667,179
2409,179,11100.0,85216.6667,1116
2410,1116,11083.3333,85250.0,3168
2411,3168,11116.6667,85266.6667,393
2412,393,11133.3333,85300.0,2411
2413,2411,11133.3333,85333.3333,256
2414,256,11133.3333,85333.3333,2246
2415,2246,11150.0,85350.0,1244
2416,1244,11150.0,85350.0,3
2417,3,11150.0,85383.3333,2703
2418,2703,11150.0,85433.3333,2458
2419,2458,11183.3333,85466.6667,983
2420,983,11183.3333,85466.6667,984
2421,984,11183.3333,85466.6667,3142
2422,3142,11200.0,85516.6667,2978
2423,2978,11200.0,85516.6667,2018
2424,2018,11200.0,85516.6667,269
2425,269,11400.0,85500.0,655
2426,655,11416.6667,85483.3333,1110
2427,1110,11450.0,85466.6667,1057
2428,1057,11483.3333,85483.3333,1781
2429,1781,11466.6667,85500.0,1780
2430,1780,11483.3333,85516.6667,3336
2431,3336,11483.3333,85516.6667,751
2432,751,11483.3333,85516.6667,182
2433,182,11483.3333,85516.6667,129
2434,129,11483.3333,85516.6667,2085
2435,2085,11450.0,85516.6667,2528
2436,2528,11450.0,85550.0,1387
2437,1387,11433.3333,85566.6667,593
2438,593,11483.3333,85566.6667,440
2439,440,11483.3333,85600.0,189
2440,189,11516.6667,85583.3333,1685
2441,1685,11516.6667,85583.3333,2934
2442,2934,11533.3333,85566.6667,3420
2443,3420,11566.6667,85583.3333,686
2444,686,11583.3333,85583.3333,699
2445,699,11583.3333,85650.0,1963
2446,1963,11566.6667,85650.0,2017
2447,2017,11550.0,85666.6667,1323
2448,1323,11533.3333,85700.0,2335
2449,2335,11500.0,85700.0,2336
2450,2336,11500.0,85700.0,1562
2451,1562,11500.0,85683.3333,794
2452,794,11483.3333,85650.0,756
2453,756,11483.3333,85650.0,724
2454,724,11483.3333,85650.0,722
2455,722,11483.3333,85650.0,126
2456,126,11483.3333,85650.0,969
2457,969,11483.3333,85683.3333,797
2458,797,11450.0,85800.0,1953
2459,1953,11433.3333,85783.3333,2532
2460,2532,11400.0,85800.0,422
2461,422,11400.0,85766.6667,1628
2462,1628,11366.6667,85766.6667,357
2463,357,11366.6667,85783.3333,691
2464,691,11350.0,85800.0,537
2465,537,11366.6667,85800.0,1300
2466,1300,11366.6667,85816.6667,2024
2467,2024,11400.0,85850.0,2790
2468,2790,11366.6667,85866.6667,1651
2469,1651,11350.0,85883.3333,2623
2470,2623,11333.3333,85850.0,2161
2471,2161,11333.3333,85850.0,2068
2472,2068,11300.0,85833.3333,1632
2473,1632,11266.6667,85783.3333,1810
2474,1810,11233.3333,85750.0,2043
2475,2043,11233.3333,85750.0,2247
2476,2247,11233.3333,85750.0,572
2477,572,11300.0,85766.6667,3313
2478,3313,11316.6667,85766.6667,1853
2479,1853,11333.3333,85766.6667,2614
2480,2614,11350.0,85733.3333,1594
2481,1594,11350.0,85733.3333,3407
2482,3407,11316.6667,85700.0,3167
2483,3167,11300.0,85683.3333,350
2484,350,11233.3333,85650.0,394
2485,394,11250.0,85633.3333,2449
2486,2449,11250.0,85616.6667,3288
2487,3288,11216.6667,85616.6667,1168
2488,1168,11216.6667,85616.6667,1169
2489,1169,11216.6667,85616.6667,1330
2490,1330,11166.6667,85650.0,936
2491,936,11150.0,85716.6667,1089
2492,1089,11133.3333,85683.3333,2935
2493,2935,11100.0,85683.3333,1291
2494,1291,11083.3333,85716.6667,1292
2495,1292,11083.3333,85716.6667,2587
2496,2587,11083.3333,85716.6667,1241
2497,1241,11116.6667,85766.6667,1242
2498,1242,11116.6667,85766.6667,2566
2499,2566,11116.6667,85766.6667,1966
2500,1966,11133.3333,85783.3333,1913
2501,1913,11150.0,85766.6667,2350
2502,2350,11166.6667,85800.0,1985
2503,1985,11183.3333,85783.3333,2349
2504,2349,11200.0,85800.0,2351
2505,2351,11200.0,85800.0,2348
2506,2348,11200.0,85800.0,2443
2507,2443,11216.6667,85816.6667,2436
2508,2436,11216.6667,85850.0,2389
2509,2389,11250.0,85850.0,732
2510,732,11250.0,85866.6667,1298
2511,1298,11266.6667,85866.6667,2928
2512,2928,11283.3333,85850.0,1993
2513,1993,11283.3333,85850.0,935
2514,935,11300.0,85850.0,2930
2515,2930,11300.0,85866.6667,2519
2516,2519,11300.0,85883.3333,1984
2517,1984,11316.6667,85900.0,723
2518,723,11300.0,85916.6667,2613
2519,2613,11350.0,85966.6667,2069
2520,2069,11350.0,85983.3333,3241
2521,3241,11350.0,85983.3333,1686
2522,1686,11383.3333,85983.3333,2723
2523,2723,11400.0,85966.6667,1965
2524,1965,11383.3333,85950.0,2319
2525,2319,11383.3333,85950.0,808
2526,808,11383.3333,85916.6667,121
2527,121,11383.3333,85900.0,1011
2528,1011,11400.0,85900.0,249
2529,249,11433.3333,85933.3333,2558
2530,2558,11450.0,85900.0,3052
2531,3052,11466.6667,85900.0,687
2532,687,11466.6667,85883.3333,994
2533,994,11466.6667,85866.6667,2469
2534,2469,11466.6667,85866.6667,1212
2535,1212,11450.0,85850.0,632
2536,632,11433.3333,85850.0,1689
2537,1689,11433.3333,85850.0,102
2538,102,11433.3333,85833.3333,1000
2539,1000,11433.3333,85833.3333,1280
2540,1280,11433.3333,85833.3333,1122
2541,1122,11450.0,85833.3333,3224
2542,3224,11466.6667,85816.6667,1588
2543,1588,11483.3333,85833.3333,2608
2544,2608,11483.3333,85833.3333,2523
2545,2523,11500.0,85816.6667,2560
2546,2560,11500.0,85800.0,793
2547,793,11533.3333,85816.6667,2799
2548,2799,11533.3333,85833.3333,347
2549,347,11516.6667,85833.3333,3383
2550,3383,11516.6667,85850.0,3384
2551,3384,11516.6667,85850.0,3390
2552,3390,11516.6667,85850.0,800
2553,800,11516.6667,85866.6667,871
2554,871,11516.6667,85866.6667,1113
2555,1113,11500.0,85883.3333,3295
2556,3295,11500.0,85883.3333,1088
2557,1088,11516.6667,85900.0,577
2558,577,11533.3333,85900.0,1456
2559,1456,11550.0,85900.0,266
2560,266,11550.0,85900.0,2164
2561,2164,11533.3333,85916.6667,1919
2562,1919,11550.0,85933.3333,1716
2563,1716,11566.6667,85933.3333,2498
2564,2498,11550.0,85950.0,726
2565,726,11533.3333,85966.6667,887
2566,887,11516.6667,85966.6667,1100
2567,1100,11516.6667,85933.3333,1889
2568,1889,11483.3333,85933.3333,888
2569,888,11483.3333,85950.0,1302
2570,1302,11466.6667,85966.6667,1301
2571,1301,11466.6667,85966.6667,2808
2572,2808,11466.6667,85983.3333,1199
2573,1199,11500.0,85983.3333,1200
2574,1200,11500.0,85983.3333,2936
2575,2936,11483.3333,86016.6667,2271
2576,2271,11450.0,86016.6667,2425
2577,2425,11416.6667,86016.6667,2670
2578,2670,11383.3333,86033.3333,2306
2579,2306,11383.3333,86033.3333,2257
2580,2257,11416.6667,86033.3333,2256
2581,2256,11416.6667,86033.3333,2254
2582,2254,11416.6667,86033.3333,541
2583,541,11450.0,86066.6667,594
2584,594,11433.3333,86083.3333,2612
2585,2612,11450.0,86083.3333,1593
2586,1593,11450.0,86083.3333,1776
2587,1776,11466.6667,86083.3333,2646
2588,2646,11500.0,86083.3333,825
2589,825,11516.6667,86100.0,1627
2590,1627,11483.3333,86100.0,2089
2591,2089,11466.6667,86116.6667,690
2592,690,11466.6667,86133.3333,959
2593,959,11466.6667,86133.3333,1666
2594,1666,11466.6667,86133.3333,2326
2595,2326,11500.0,86166.6667,2848
2596,2848,11500.0,86166.6667,3360
2597,3360,11500.0,86166.6667,1800
2598,1800,11516.6667,86150.0,120
2599,120,11550.0,86216.6667,934
2600,934,11600.0,86250.0,2595
2601,2595,11633.3333,86266.6667,296
2602,296,11650.0,86266.6667,2666
2603,2666,11650.0,86233.3333,2586
2604,2586,11666.6667,86216.6667,2585
2605,2585,11683.3333,86216.6667,2581
2606,2581,11683.3333,86216.6667,295
2607,295,11683.3333,86200.0,2534
2608,2534,11700.0,86200.0,2691
2609,2691,11716.6667,86200.0,2006
2610,2006,11733.3333,86200.0,2969
2611,2969,11733.3333,86200.0,438
2612,438,11733.3333,86216.6667,2460
2613,2460,11733.3333,86233.3333,2806
2614,2806,11716.6667,86216.6667,2355
2615,2355,11700.0,86233.3333,1521
2616,1521,11700.0,86233.3333,1730
2617,1730,11700.0,86250.0,1799
2618,1799,11716.6667,86283.3333,1778
2619,1778,11750.0,86300.0,3226
2620,3226,11766.6667,86300.0,3385
2621,3385,11783.3333,86283.3333,3406
2622,3406,11783.3333,86283.3333,3409
2623,3409,11783.3333,86283.3333,3382
2624,3382,11783.3333,86283.3333,1822
2625,1822,11766.6667,86266.6667,1003
2626,1003,11800.0,86266.6667,3305
2627,3305,11800.0,86250.0,1945
2628,1945,11816.6667,86250.0,2885
2629,2885,11850.0,86233.3333,2886
2630,2886,11850.0,86233.3333,666
2631,666,11866.6667,86233.3333,1892
2632,1892,11866.6667,86233.3333,574
2633,574,11866.6667,86233.3333,2883
2634,2883,11850.0,86216.6667,2169
2635,2169,11850.0,86200.0,522
2636,522,11866.6667,86183.3333,1082
2637,1082,11883.3333,86166.6667,2322
2638,2322,11900.0,86183.3333,2509
2639,2509,11900.0,86200.0,697
2640,697,11916.6667,86200.0,1999
2641,1999,11916.6667,86216.6667,806
2642,806,11933.3333,86216.6667,823
2643,823,11950.0,86216.6667,2724
2644,2724,11950.0,86216.6667,2702
2645,2702,11950.0,86250.0,2555
2646,2555,11950.0,86250.0,284
2647,284,11950.0,86266.6667,2488
2648,2488,11950.0,86266.6667,1361
2649,1361,11983.3333,86266.6667,520
2650,520,11983.3333,86283.3333,2196
2651,2196,11983.3333,86283.3333,1773
2652,1773,11983.3333,86300.0,337
2653,337,12000.0,86300.0,1777
2654,1777,12000.0,86300.0,759
2655,759,12000.0,86316.6667,3131
2656,3131,11983.3333,86316.6667,3132
2657,3132,11983.3333,86316.6667,2709
2658,2709,11983.3333,86316.6667,2741
2659,2741,11983.3333,86316.6667,2945
2660,2945,11983.3333,86316.6667,1832
2661,1832,11983.3333,86333.3333,3404
2662,3404,11983.3333,86350.0,589
2663,589,11983.3333,86383.3333,1249
2664,1249,11950.0,86383.3333,521
2665,521,11950.0,86383.3333,3036
2666,3036,11950.0,86366.6667,3327
2667,3327,11933.3333,86366.6667,601
2668,601,11916.6667,86366.6667,1882
2669,1882,11916.6667,86383.3333,1881
2670,1881,11916.6667,86383.3333,1366
2671,1366,11916.6667,86383.3333,1313
2672,1313,11916.6667,86383.3333,1743
2673,1743,11900.0,86400.0,883
2674,883,11866.6667,86400.0,953
2675,953,11866.6667,86416.6667,2456
2676,2456,11866.6667,86416.6667,667
2677,667,11850.0,86416.6667,476
2678,476,11850.0,86383.3333,2878
2679,2878,11850.0,86350.0,2312
2680,2312,11850.0,86350.0,1518
2681,1518,11850.0,86350.0,2819
2682,2819,11833.3333,86333.3333,1547
2683,1547,11833.3333,86333.3333,3244
2684,3244,11833.3333,86333.3333,399
2685,399,11833.3333,86316.6667,2410
2686,2410,11850.0,86316.6667,683
2687,683,11866.6667,86316.6667,651
2688,651,11866.6667,86316.6667,2662
2689,2662,11866.6667,86333.3333,2281
2690,2281,11866.6667,86333.3333,2228
2691,2228,11883.3333,86350.0,2643
2692,2643,11883.3333,86350.0,2669
2693,2669,11883.3333,86350.0,2570
2694,2570,11900.0,86333.3333,856
2695,856,11900.0,86316.6667,3245
2696,3245,11900.0,86300.0,1899
2697,1899,11916.6667,86316.6667,2086
2698,2086,11933.3333,86333.3333,418
2699,418,11950.0,86333.3333,2957
2700,2957,11966.6667,86316.6667,2973
2701,2973,11966.6667,86316.6667,617
2702,617,11966.6667,86316.6667,1790
2703,1790,11966.6667,86316.6667,2730
2704,2730,11966.6667,86316.6667,1180
2705,1180,11950.0,86300.0,1173
2706,1173,11950.0,86300.0,1236
2707,1236,11950.0,86300.0,2357
2708,2357,11933.3333,86300.0,494
2709,494,11933.3333,86283.3333,1346
2710,1346,11916.6667,86283.3333,2071
2711,2071,11916.6667,86283.3333,542
2712,542,11900.0,86266.6667,3033
2713,3033,11916.6667,86250.0,2849
2714,2849,11916.6667,86233.3333,2549
2715,2549,11900.0,86233.3333,2550
2716,2550,11883.3333,86233.3333,2932
2717,2932,11883.3333,86250.0,2337
2718,2337,11883.3333,86250.0,1761
2719,1761,11883.3333,86250.0,571
2720,571,11883.3333,86250.0,2788
2721,2788,11883.3333,86250.0,1469
2722,1469,11883.3333,86266.6667,1468
2723,1468,11883.3333,86266.6667,1466
2724,1466,11866.6667,86266.6667,913
2725,913,11850.0,86266.6667,827
2726,827,11833.3333,86300.0,1516
2727,1516,11833.3333,86300.0,1524
2728,1524,11833.3333,86300.0,1728
2729,1728,11800.0,86316.6667,3234
2730,3234,11800.0,86333.3333,3225
2731,3225,11800.0,86333.3333,2511
2732,2511,11766.6667,86350.0,2468
2733,2468,11783.3333,86366.6667,1552
2734,1552,11800.0,86366.6667,1551
2735,1551,11800.0,86366.6667,1458
2736,1458,11800.0,86383.3333,1515
2737,1515,11816.6667,86400.0,2249
2738,2249,11816.6667,86400.0,1498
2739,1498,11800.0,86400.0,1560
2740,1560,11783.3333,86400.0,1342
2741,1342,11766.6667,86383.3333,1880
2742,1880,11733.3333,86383.3333,791
2743,791,11716.6667,86350.0,505
2744,505,11733.3333,86350.0,221
2745,221,11733.3333,86333.3333,1650
2746,1650,11733.3333,86333.3333,3408
2747,3408,11716.6667,86333.3333,933
2748,933,11700.0,86333.3333,819
2749,819,11683.3333,86300.0,3321
2750,3321,11666.6667,86300.0,3322
2751,3322,11650.0,86316.6667,3430
2752,3430,11616.6667,86316.6667,3429
2753,3429,11616.6667,86316.6667,2212
2754,2212,11616.6667,86316.6667,204
2755,204,11616.6667,86333.3333,203
2756,203,11616.6667,86333.3333,119
2757,119,11616.6667,86333.3333,460
2758,460,11650.0,86333.3333,3127
2759,3127,11650.0,86350.0,592
2760,592,11683.3333,86350.0,753
2761,753,11700.0,86366.6667,3252
2762,3252,11683.3333,86383.3333,2062
2763,2062,11683.3333,86383.3333,2061
2764,2061,11683.3333,86383.3333,2210
2765,2210,11716.6667,86416.6667,1569
2766,1569,11750.0,86450.0,721
2767,721,11800.0,86450.0,1497
2768,1497,11800.0,86466.6667,1496
2769,1496,11800.0,86466.6667,1284
2770,1284,11800.0,86466.6667,1283
2771,1283,11800.0,86466.6667,653
2772,653,11783.3333,86466.6667,1126
2773,1126,11766.6667,86500.0,1062
2774,1062,11783.3333,86516.6667,1068
2775,1068,11783.3333,86516.6667,1417
2776,1417,11783.3333,86516.6667,2757
2777,2757,11800.0,86516.6667,1334
2778,1334,11816.6667,86516.6667,1614
2779,1614,11850.0,86516.6667,2430
2780,2430,11833.3333,86483.3333,620
2781,620,11850.0,86450.0,629
2782,629,11850.0,86450.0,1465
2783,1465,11866.6667,86450.0,414
2784,414,11866.6667,86466.6667,1709
2785,1709,11883.3333,86483.3333,1649
2786,1649,11900.0,86500.0,909
2787,909,11900.0,86516.6667,712
2788,712,11883.3333,86583.3333,2374
2789,2374,11883.3333,86583.3333,749
2790,749,11916.6667,86616.6667,2466
2791,2466,11933.3333,86566.6667,297
2792,297,11933.3333,86550.0,3192
2793,3192,11916.6667,86516.6667,2050
2794,2050,11916.6667,86516.6667,891
2795,891,11916.6667,86516.6667,884
2796,884,11916.6667,86516.6667,2034
2797,2034,11933.3333,86500.0,2373
2798,2373,11933.3333,86483.3333,3028
2799,3028,11916.6667,86483.3333,362
2800,362,11916.6667,86483.3333,552
2801,552,11900.0,86483.3333,2873
2802,2873,11900.0,86466.6667,434
2803,434,11900.0,86433.3333,1608
2804,1608,11916.6667,86433.3333,3129
2805,3129,11916.6667,86416.6667,1943
2806,1943,11933.3333,86400.0,2658
2807,2658,11950.0,86416.6667,1684
2808,1684,11966.6667,86416.6667,1151
2809,1151,11966.6667,86416.6667,3233
2810,3233,11983.3333,86433.3333,3308
2811,3308,12016.6667,86400.0,2521
2812,2521,12050.0,86416.6667,3446
2813,3446,12033.3333,86466.6667,2090
2814,2090,12033.3333,86466.6667,2990
2815,2990,12033.3333,86466.6667,2802
2816,2802,12016.6667,86450.0,2538
2817,2538,11983.3333,86483.3333,2857
2818,2857,11966.6667,86483.3333,3389
2819,3389,11966.6667,86483.3333,105
2820,105,11983.3333,86516.6667,106
2821,106,11983.3333,86516.6667,2786
2822,2786,11983.3333,86516.6667,3141
2823,3141,11983.3333,86516.6667,948
2824,948,11983.3333,86550.0,787
2825,787,12000.0,86550.0,564
2826,564,11983.3333,86583.3333,1165
2827,1165,12016.6667,86583.3333,619
2828,619,12050.0,86566.6667,2818
2829,2818,12016.6667,86550.0,3342
2830,3342,12033.3333,86516.6667,2198
2831,2198,12066.6667,86500.0,1341
2832,1341,12066.6667,86500.0,473
2833,473,12066.6667,86500.0,3483
2834,3483,12070.8333,86481.9444,2025
2835,2025,12066.6667,86466.6667,1559
2836,1559,12083.3333,86466.6667,2707
2837,2707,12100.0,86466.6667,3310
2838,3310,12116.6667,86500.0,152
2839,152,12116.6667,86500.0,1305
2840,1305,12116.6667,86516.6667,1293
2841,1293,12116.6667,86516.6667,417
2842,417,12150.0,86516.6667,3078
2843,3078,12183.3333,86516.6667,679
2844,679,12183.3333,86516.6667,250
2845,250,12183.3333,86466.6667,234
2846,234,12183.3333,86466.6667,1625
2847,1625,12168.6111,86453.3333,497
2848,497,12150.0,86416.6667,1474
2849,1474,12166.6667,86416.6667,942
2850,942,12166.6667,86400.0,2752
2851,2752,12183.3333,86400.0,2891
2852,2891,12200.0,86383.3333,2602
2853,2602,12200.0,86383.3333,709
2854,709,12183.3333,86366.6667,3246
2855,3246,12192.7778,86369.1667,1549
2856,1549,12192.7778,86369.1667,1546
2857,1546,12192.7778,86369.1667,2419
2858,2419,12216.6667,86366.6667,2686
2859,2686,12233.3333,86383.3333,1536
2860,1536,12233.3333,86416.6667,1400
2861,1400,12239.1667,86429.1667,1377
2862,1377,12239.1667,86429.1667,2688
2863,2688,12266.6667,86400.0,2955
2864,2955,12283.3333,86371.3889,2431
2865,2431,12272.2222,86305.0,817
2866,817,12216.6667,86300.0,1365
2867,1365,12190.0,86331.3889,854
2868,854,12166.6667,86350.0,3292
2869,3292,12166.6667,86350.0,3482
2870,3482,12158.8889,86344.1667,1095
2871,1095,12150.0,86350.0,1648
2872,1648,12133.3333,86366.6667,2499
2873,2499,12100.0,86400.0,588
2874,588,12083.3333,86383.3333,183
2875,183,12066.6667,86383.3333,2442
2876,2442,12083.3333,86366.6667,576
2877,576,12083.3333,86366.6667,2705
2878,2705,12100.0,86350.0,2999
2879,2999,12116.6667,86316.6667,785
2880,785,12100.0,86316.6667,457
2881,457,12083.3333,86300.0,869
2882,869,12083.3333,86283.3333,2081
2883,2081,12083.3333,86266.6667,413
2884,413,12083.3333,86250.0,407
2885,407,12083.3333,86250.0,2000
2886,2000,12066.6667,86266.6667,2785
2887,2785,12066.6667,86283.3333,2916
2888,2916,12066.6667,86300.0,441
2889,441,12050.0,86316.6667,2470
2890,2470,12066.6667,86316.6667,474
2891,474,12066.6667,86333.3333,2961
2892,2961,12033.3333,86350.0,1391
2893,1391,12033.3333,86350.0,1727
2894,1727,12033.3333,86350.0,1398
2895,1398,12016.6667,86333.3333,2408
2896,2408,12016.6667,86316.6667,251
2897,251,12016.6667,86316.6667,855
2898,855,12033.3333,86300.0,398
2899,398,12016.6667,86283.3333,1270
2900,1270,12016.6667,86283.3333,1706
2901,1706,12016.6667,86283.3333,1929
2902,1929,12016.6667,86266.6667,1221
2903,1221,12016.6667,86266.6667,1955
2904,1955,12033.3333,86266.6667,187
2905,187,12033.3333,86266.6667,1644
2906,1644,12050.0,86266.6667,929
2907,929,12050.0,86266.6667,2465
2908,2465,12050.0,86250.0,606
2909,606,12033.3333,86250.0,475
2910,475,12033.3333,86250.0,2554
2911,2554,12033.3333,86250.0,433
2912,433,12016.6667,86250.0,788
2913,788,11983.3333,86216.6667,1493
2914,1493,12000.0,86216.6667,1543
2915,1543,12000.0,86216.6667,796
2916,796,12016.6667,86216.6667,268
2917,268,12023.3333,86200.5556,3302
2918,3302,12033.3333,86183.3333,1895
2919,1895,12050.0,86150.0,3100
2920,3100,12050.0,86150.0,3178
2921,3178,12050.0,86133.3333,3179
2922,3179,12050.0,86133.3333,1120
2923,1120,12083.3333,86150.0,2514
2924,2514,12083.3333,86150.0,1119
2925,1119,12083.3333,86150.0,116
2926,116,12083.3333,86166.6667,160
2927,160,12083.3333,86183.3333,161
2928,161,12083.3333,86183.3333,178
2929,178,12083.3333,86183.3333,2983
2930,2983,12066.6667,86200.0,2333
2931,2333,12066.6667,86216.6667,2984
2932,2984,12100.0,86216.6667,1754
2933,1754,12100.0,86216.6667,3478
2934,3478,12096.1111,86233.6111,2084
2935,2084,12116.6667,86250.0,1428
2936,1428,12150.8333,86268.3333,2801
2937,2801,12166.6667,86216.6667,682
2938,682,12150.0,86216.6667,2826
2939,2826,12133.3333,86216.6667,456
2940,456,12116.6667,86200.0,982
2941,982,12122.2222,86165.0,1726
2942,1726,12150.0,86166.6667,1390
2943,1390,12150.0,86166.6667,551
2944,551,12150.0,86150.0,882
2945,882,12150.0,86150.0,1786
2946,1786,12166.6667,86133.3333,2376
2947,2376,12150.0,86116.6667,11
2948,11,12150.0,86116.6667,2548
2949,2548,12133.3333,86116.6667,1198
2950,1198,12133.3333,86116.6667,3009
2951,3009,12120.0,86121.9444,3008
2952,3008,12120.0,86121.9444,2035
2953,2035,12083.3333,86100.0,1564
2954,1564,12066.6667,86100.0,3418
2955,3418,12066.6667,86100.0,1563
2956,1563,12066.6667,86100.0,3315
2957,3315,12033.3333,86116.6667,1276
2958,1276,12004.7222,86119.4444,2736
2959,2736,12019.4444,86072.7778,2979
2960,2979,12019.4444,86072.7778,3115
2961,3115,12019.4444,86072.7778,3476
2962,3476,12019.4444,86072.7778,2980
2963,2980,12019.4444,86072.7778,1678
2964,1678,12053.3333,86076.9444,3082
2965,3082,12053.3333,86076.9444,3450
2966,3450,12075.0,86049.1667,252
2967,252,12083.8889,86017.5,786
2968,786,12050.0,86000.0,3098
2969,3098,12033.3333,86016.6667,1856
2970,1856,12033.3333,86016.6667,2562
2971,2562,12031.9444,86020.8333,3109
2972,3109,12031.9444,86020.8333,1760
2973,1760,12000.0,86033.3333,590
2974,590,11983.3333,86050.0,2527
2975,2527,11983.3333,86050.0,1576
2976,1576,11983.3333,86016.6667,3152
2977,3152,11966.6667,86016.6667,2798
2978,2798,11966.6667,86016.6667,2698
2979,2698,11950.0,86016.6667,711
2980,711,11966.6667,86000.0,665
2981,665,11966.6667,85983.3333,748
2982,748,11950.0,85983.3333,824
2983,824,11916.6667,86000.0,2384
2984,2384,11900.0,85983.3333,1010
2985,1010,11883.3333,85983.3333,1957
2986,1957,11883.3333,86000.0,2675
2987,2675,11883.3333,86000.0,1084
2988,1084,11883.3333,86000.0,1393
2989,1393,11883.3333,86016.6667,3174
2990,3174,11866.6667,86000.0,2663
2991,2663,11850.0,86016.6667,2283
2992,2283,11850.0,86016.6667,2282
2993,2282,11850.0,86016.6667,2477
2994,2477,11866.6667,86033.3333,2884
2995,2884,11866.6667,86050.0,2887
2996,2887,11883.3333,86050.0,730
2997,730,11900.0,86083.3333,750
2998,750,11900.0,86083.3333,3068
2999,3068,11916.6667,86083.3333,3307
3000,3307,11916.6667,86100.0,1487
3001,1487,11916.6667,86100.0,1294
3002,1294,11933.3333,86116.6667,1295
3003,1295,11933.3333,86116.6667,3306
3004,3306,11950.0,86100.0,1349
3005,1349,11950.0,86100.0,1235
3006,1235,11950.0,86083.3333,1412
3007,1412,11966.6667,86100.0,92
3008,92,11950.0,86116.6667,125
3009,125,11950.0,86133.3333,1364
3010,1364,11950.0,86150.0,1668
3011,1668,11950.0,86166.6667,1218
3012,1218,11950.0,86183.3333,747
3013,747,11950.0,86183.3333,737
3014,737,11950.0,86183.3333,3309
3015,3309,11950.0,86183.3333,2016
3016,2016,11933.3333,86183.3333,2977
3017,2977,11933.3333,86183.3333,2064
3018,2064,11933.3333,86183.3333,2039
3019,2039,11933.3333,86183.3333,1413
3020,1413,11916.6667,86150.0,1146
3021,1146,11900.0,86116.6667,1145
3022,1145,11900.0,86116.6667,3304
3023,3304,11900.0,86116.6667,1144
3024,1144,11900.0,86116.6667,1273
3025,1273,11900.0,86100.0,1274
3026,1274,11900.0,86100.0,1275
3027,1275,11900.0,86100.0,2515
3028,2515,11866.6667,86100.0,2563
3029,2563,11866.6667,86100.0,1783
3030,1783,11850.0,86116.6667,415
3031,415,11866.6667,86133.3333,458
3032,458,11866.6667,86133.3333,2710
3033,2710,11866.6667,86133.3333,790
3034,790,11850.0,86150.0,755
3035,755,11850.0,86150.0,993
3036,993,11833.3333,86166.6667,2467
3037,2467,11833.3333,86166.6667,2879
3038,2879,11833.3333,86183.3333,2699
3039,2699,11833.3333,86183.3333,2252
3040,2252,11816.6667,86183.3333,2261
3041,2261,11816.6667,86183.3333,2253
3042,2253,11816.6667,86183.3333,2251
3043,2251,11816.6667,86183.3333,3439
3044,3439,11816.6667,86200.0,3435
3045,3435,11816.6667,86200.0,2869
3046,2869,11816.6667,86200.0,1207
3047,1207,11800.0,86200.0,2571
3048,2571,11800.0,86216.6667,2637
3049,2637,11783.3333,86233.3333,2557
3050,2557,11766.6667,86233.3333,2827
3051,2827,11750.0,86233.3333,1848
3052,1848,11766.6667,86216.6667,1855
3053,1855,11766.6667,86200.0,311
3054,311,11766.6667,86200.0,477
3055,477,11783.3333,86200.0,1764
3056,1764,11766.6667,86183.3333,2875
3057,2875,11783.3333,86183.3333,436
3058,436,11800.0,86166.6667,437
3059,437,11800.0,86166.6667,1735
3060,1735,11800.0,86166.6667,841
3061,841,11783.3333,86150.0,1481
3062,1481,11800.0,86150.0,1525
3063,1525,11816.6667,86150.0,1867
3064,1867,11816.6667,86133.3333,1863
3065,1863,11816.6667,86133.3333,1176
3066,1176,11816.6667,86133.3333,2334
3067,2334,11816.6667,86100.0,652
3068,652,11833.3333,86100.0,931
3069,931,11833.3333,86083.3333,2693
3070,2693,11800.0,86066.6667,2718
3071,2718,11816.6667,86050.0,896
3072,896,11800.0,86033.3333,897
3073,897,11800.0,86033.3333,1946
3074,1946,11800.0,86033.3333,2072
3075,2072,11800.0,86033.3333,2719
3076,2719,11800.0,86033.3333,2060
3077,2060,11783.3333,86050.0,1879
3078,1879,11783.3333,86050.0,864
3079,864,11783.3333,86050.0,1246
3080,1246,11783.3333,86050.0,1336
3081,1336,11783.3333,86050.0,932
3082,932,11766.6667,86066.6667,1809
3083,1809,11750.0,86066.6667,1297
3084,1297,11750.0,86050.0,1791
3085,1791,11750.0,86033.3333,2181
3086,2181,11733.3333,86033.3333,1561
3087,1561,11733.3333,86016.6667,117
3088,117,11733.3333,86000.0,1139
3089,1139,11733.3333,86000.0,2522
3090,2522,11733.3333,86000.0,1500
3091,1500,11766.6667,86016.6667,1475
3092,1475,11783.3333,86016.6667,2323
3093,2323,11783.3333,86000.0,3444
3094,3444,11783.3333,85966.6667,2870
3095,2870,11783.3333,85966.6667,1476
3096,1476,11783.3333,85966.6667,1397
3097,1397,11766.6667,85950.0,2293
3098,2293,11733.3333,85933.3333,2596
3099,2596,11733.3333,85916.6667,118
3100,118,11733.3333,85916.6667,91
3101,91,11700.0,85900.0,2378
3102,2378,11700.0,85900.0,618
3103,618,11683.3333,85916.6667,1394
3104,1394,11700.0,85950.0,1396
3105,1396,11700.0,85950.0,631
3106,631,11666.6667,85950.0,792
3107,792,11650.0,85950.0,439
3108,439,11633.3333,85933.3333,1731
3109,1731,11633.3333,85950.0,2860
3110,2860,11633.3333,85950.0,2807
3111,2807,11650.0,85983.3333,1765
3112,1765,11666.6667,85983.3333,1263
3113,1263,11666.6667,85983.3333,1187
3114,1187,11666.6667,85983.3333,1182
3115,1182,11666.6667,85983.3333,1181
3116,1181,11666.6667,85983.3333,2036
3117,2036,11683.3333,86000.0,1296
3118,1296,11683.3333,86033.3333,511
3119,511,11700.0,86033.3333,595
3120,595,11716.6667,86050.0,3415
3121,3415,11716.6667,86050.0,2204
3122,2204,11716.6667,86050.0,1392
3123,1392,11733.3333,86066.6667,1729
3124,1729,11733.3333,86066.6667,147
3125,147,11733.3333,86083.3333,148
3126,148,11733.3333,86083.3333,2208
3127,2208,11733.3333,86083.3333,2385
3128,2385,11733.3333,86083.3333,2056
3129,2056,11733.3333,86100.0,3195
3130,3195,11733.3333,86100.0,2388
3131,2388,11750.0,86100.0,898
3132,898,11766.6667,86100.0,1664
3133,1664,11783.3333,86116.6667,2993
3134,2993,11766.6667,86133.3333,1299
3135,1299,11766.6667,86150.0,2816
3136,2816,11750.0,86150.0,857
3137,857,11750.0,86166.6667,2821
3138,2821,11716.6667,86166.6667,1891
3139,1891,11700.0,86166.6667,3235
3140,3235,11683.3333,86183.3333,2776
3141,2776,11683.3333,86166.6667,1928
3142,1928,11666.6667,86166.6667,2023
3143,2023,11650.0,86183.3333,1190
3144,1190,11633.3333,86200.0,2211
3145,2211,11633.3333,86216.6667,3431
3146,3431,11616.6667,86200.0,3434
3147,3434,11616.6667,86200.0,1850
3148,1850,11600.0,86200.0,2492
3149,2492,11600.0,86183.3333,2667
3150,2667,11583.3333,86183.3333,1708
3151,1708,11566.6667,86166.6667,2876
3152,2876,11566.6667,86150.0,1797
3153,1797,11550.0,86116.6667,2631
3154,2631,11583.3333,86100.0,1830
3155,1830,11616.6667,86100.0,1962
3156,1962,11616.6667,86116.6667,2685
3157,2685,11633.3333,86133.3333,1849
3158,1849,11616.6667,86150.0,1840
3159,1840,11633.3333,86166.6667,2305
3160,2305,11650.0,86150.0,2634
3161,2634,11650.0,86133.3333,2636
3162,2636,11666.6667,86133.3333,2580
3163,2580,11683.3333,86133.3333,1409
3164,1409,11700.0,86133.3333,2437
3165,2437,11716.6667,86133.3333,1852
3166,1852,11716.6667,86116.6667,2655
3167,2655,11683.3333,86100.0,2045
3168,2045,11666.6667,86083.3333,811
3169,811,11650.0,86066.6667,2046
3170,2046,11633.3333,86066.6667,3062
3171,3062,11650.0,86033.3333,1427
3172,1427,11633.3333,86016.6667,820
3173,820,11616.6667,86000.0,698
3174,698,11600.0,86016.6667,700
3175,700,11600.0,86016.6667,2352
3176,2352,11600.0,86033.3333,3286
3177,3286,11583.3333,86050.0,654
3178,654,11566.6667,86033.3333,1805
3179,1805,11533.3333,86050.0,1775
3180,1775,11533.3333,86066.6667,2483
3181,2483,11516.6667,86050.0,1983
3182,1983,11516.6667,86033.3333,2375
3183,2375,11533.3333,86016.6667,1411
3184,1411,11566.6667,85983.3333,3156
3185,3156,11600.0,85983.3333,530
3186,530,11616.6667,85966.6667,1158
3187,1158,11616.6667,85950.0,858
3188,858,11600.0,85950.0,3133
3189,3133,11600.0,85933.3333,506
3190,506,11600.0,85916.6667,2635
3191,2635,11583.3333,85883.3333,1307
3192,1307,11566.6667,85850.0,1994
3193,1994,11550.0,85833.3333,689
3194,689,11566.6667,85833.3333,2067
3195,2067,11600.0,85850.0,583
3196,583,11650.0,85866.6667,2645
3197,2645,11666.6667,85866.6667,630
3198,630,11683.3333,85866.6667,660
3199,660,11683.3333,85866.6667,1688
3200,1688,11716.6667,85866.6667,685
3201,685,11716.6667,85866.6667,1936
3202,1936,11716.6667,85833.3333,310
3203,310,11700.0,85800.0,2789
3204,2789,11733.3333,85783.3333,2775
3205,2775,11766.6667,85833.3333,684
3206,684,11766.6667,85850.0,862
3207,862,11750.0,85866.6667,1989
3208,1989,11766.6667,85883.3333,1947
3209,1947,11766.6667,85883.3333,1353
3210,1353,11783.3333,85900.0,758
3211,758,11783.3333,85900.0,3044
3212,3044,11800.0,85900.0,459
3213,459,11783.3333,85933.3333,508
3214,508,11783.3333,85933.3333,496
3215,496,11800.0,85933.3333,1631
3216,1631,11816.6667,85933.3333,1987
3217,1987,11816.6667,85950.0,2712
3218,2712,11816.6667,85966.6667,799
3219,799,11816.6667,85983.3333,1906
3220,1906,11816.6667,86000.0,591
3221,591,11833.3333,85983.3333,2082
3222,2082,11850.0,85983.3333,2022
3223,2022,11850.0,85983.3333,435
3224,435,11850.0,85983.3333,3194
3225,3194,11850.0,85950.0,1774
3226,1774,11850.0,85950.0,2055
3227,2055,11850.0,85950.0,2910
3228,2910,11833.3333,85933.3333,523
3229,523,11850.0,85916.6667,1944
3230,1944,11866.6667,85916.6667,2406
3231,2406,11866.6667,85950.0,299
3232,299,11883.3333,85950.0,1796
3233,1796,11900.0,85933.3333,2491
3234,2491,11900.0,85900.0,1687
3235,1687,11916.6667,85916.6667,565
3236,565,11916.6667,85933.3333,2302
3237,2302,11933.3333,85950.0,276
3238,276,11950.0,85950.0,277
3239,277,11950.0,85950.0,1265
3240,1265,11950.0,85950.0,2047
3241,2047,11983.3333,85950.0,628
3242,628,12000.0,85966.6667,2787
3243,2787,11983.3333,85966.6667,902
3244,902,11983.3333,85983.3333,2444
3245,2444,12000.0,86000.0,3074
3246,3074,12016.6667,86000.0,127
3247,127,12016.6667,86000.0,110
3248,110,12016.6667,86000.0,570
3249,570,12016.6667,85983.3333,2648
3250,2648,12050.0,85950.0,1526
3251,1526,12083.3333,85900.0,2738
3252,2738,12083.3333,85900.0,3015
3253,3015,12083.3333,85900.0,1189
3254,1189,12116.6667,85883.3333,1193
3255,1193,12116.6667,85883.3333,2540
3256,2540,12116.6667,85883.3333,1772
3257,1772,12150.0,85900.0,455
3258,455,12183.3333,85883.3333,1771
3259,1771,12200.0,85850.0,2015
3260,2015,12183.3333,85850.0,861
3261,861,12166.6667,85850.0,1478
3262,1478,12150.0,85850.0,1433
3263,1433,12150.0,85833.3333,1435
3264,1435,12150.0,85833.3333,1626
3265,1626,12133.3333,85850.0,1982
3266,1982,12116.6667,85850.0,1215
3267,1215,12100.0,85833.3333,278
3268,278,12133.3333,85800.0,2508
3269,2508,12116.6667,85783.3333,3419
3270,3419,12116.6667,85766.6667,1971
3271,1971,12100.0,85716.6667,1875
3272,1875,12066.6667,85683.3333,519
3273,519,12083.3333,85666.6667,1362
3274,1362,12116.6667,85683.3333,493
3275,493,12133.3333,85716.6667,1416
3276,1416,12166.6667,85733.3333,1414
3277,1414,12166.6667,85733.3333,3067
3278,3067,12183.3333,85800.0,2275
3279,2275,12216.6667,85816.6667,1676
3280,1676,12250.0,85816.6667,265
3281,265,12266.6667,85800.0,1758
3282,1758,12233.3333,85766.6667,2502
3283,2502,12250.0,85750.0,2862
3284,2862,12266.6667,85716.6667,1847
3285,1847,12283.3333,85666.6667,852
3286,852,12300.0,85650.0,2761
3287,2761,12316.6667,85616.6667,2476
3288,2476,12333.3333,85650.0,2371
3289,2371,12350.0,85666.6667,717
3290,717,12383.3333,85666.6667,2533
3291,2533,12383.3333,85683.3333,2395
3292,2395,12383.3333,85700.0,3066
3293,3066,12366.6667,85700.0,1683
3294,1683,12350.0,85700.0,1921
3295,1921,12350.0,85733.3333,1017
3296,1017,12316.6667,85716.6667,1826
3297,1826,12316.6667,85716.6667,1751
3298,1751,12316.6667,85733.3333,1574
3299,1574,12316.6667,85766.6667,2914
3300,2914,12350.0,85783.3333,1109
3301,1109,12366.6667,85800.0,3441
3302,3441,12383.3333,85783.3333,2927
3303,2927,12383.3333,85766.6667,563
3304,563,12416.6667,85800.0,271
3305,271,12416.6667,85800.0,213
3306,213,12416.6667,85800.0,2943
3307,2943,12416.6667,85850.0,1998
3308,1998,12416.6667,85850.0,3164
3309,3164,12433.3333,85866.6667,2559
3310,2559,12450.0,85900.0,1495
3311,1495,12483.3333,85916.6667,244
3312,244,12516.6667,85916.6667,263
3313,263,12516.6667,85900.0,2829
3314,2829,12533.3333,85900.0,2598
3315,2598,12550.0,85933.3333,2721
3316,2721,12566.6667,85916.6667,2814
3317,2814,12583.3333,85916.6667,1272
3318,1272,12583.3333,85950.0,2711
3319,2711,12566.6667,85966.6667,2630
3320,2630,12533.3333,85966.6667,2722
3321,2722,12516.6667,85950.0,2078
3322,2078,12500.0,85983.3333,361
3323,361,12483.3333,85983.3333,1713
3324,1713,12467.7778,86001.1111,1715
3325,1715,12467.7778,86001.1111,1383
3326,1383,12467.7778,86001.1111,2079
3327,2079,12450.0,85966.6667,1502
3328,1502,12400.0,85966.6667,2434
3329,2434,12416.6667,85933.3333,1528
3330,1528,12400.0,85916.6667,1693
3331,1693,12383.3333,85916.6667,945
3332,945,12350.0,85900.0,2008
3333,2008,12366.6667,85883.3333,3343
3334,3343,12333.3333,85833.3333,2403
3335,2403,12300.0,85816.6667,3006
3336,3006,12283.3333,85866.6667,1878
3337,1878,12266.6667,85883.3333,2412
3338,2412,12250.0,85866.6667,616
3339,616,12216.6667,85883.3333,492
3340,492,12216.6667,85900.0,818
3341,818,12200.0,85950.0,853
3342,853,12233.3333,85983.3333,1833
3343,1833,12233.3333,85983.3333,1757
3344,1757,12216.6667,86000.0,903
3345,903,12183.3333,86000.0,536
3346,536,12216.6667,86033.3333,3452
3347,3452,12179.1667,86041.1111,746
3348,746,12168.8889,86034.7222,543
3349,543,12166.6667,86033.3333,2241
3350,2241,12150.0,86033.3333,2846
3351,2846,12116.6667,86033.3333,3451
3352,3451,12113.8889,86057.2222,3477
3353,3477,12127.7778,86064.4444,804
3354,804,12127.7778,86064.4444,14
3355,14,12149.1667,86080.0,15
3356,15,12149.1667,86080.0,2556
3357,2556,12166.6667,86100.0,1206
3358,1206,12166.6667,86100.0,253
3359,253,12200.5556,86093.8889,2649
3360,2649,12195.0,86072.2222,2464
3361,2464,12216.6667,86066.6667,2042
3362,2042,12233.3333,86083.3333,2019
3363,2019,12233.3333,86100.0,2206
3364,2206,12250.0,86083.3333,821
3365,821,12250.0,86083.3333,504
3366,504,12266.6667,86083.3333,2748
3367,2748,12283.3333,86066.6667,3040
3368,3040,12283.3333,86066.6667,491
3369,491,12266.6667,86050.0,3453
3370,3453,12271.6667,86006.1111,1770
3371,1770,12266.6667,85983.3333,3248
3372,3248,12266.6667,85933.3333,1548
3373,1548,12266.6667,85933.3333,2820
3374,2820,12266.6667,85933.3333,3243
3375,3243,12266.6667,85933.3333,3029
3376,3029,12300.0,85916.6667,3328
3377,3328,12333.3333,85950.0,1811
3378,1811,12333.3333,85950.0,1243
3379,1243,12316.6667,85966.6667,1240
3380,1240,12316.6667,85966.6667,3454
3381,3454,12319.4444,86002.5,810
3382,810,12339.7222,86022.7778,870
3383,870,12300.0,86033.3333,2696
3384,2696,12300.0,86050.0,2551
3385,2551,12300.0,86050.0,3479
3386,3479,12308.8889,86052.5,906
3387,906,12316.6667,86066.6667,1271
3388,1271,12333.3333,86050.0,1494
3389,1494,12333.3333,86050.0,1046
3390,1046,12358.8889,86050.2778,3081
3391,3081,12358.8889,86050.2778,828
3392,828,12383.3333,86050.0,837
3393,837,12416.6667,86033.3333,3094
3394,3094,12446.1111,86040.0,1740
3395,1740,12446.1111,86040.0,1442
3396,1442,12446.1111,86040.0,922
3397,922,12473.0556,86042.5,899
3398,899,12481.3889,86051.6667,3090
3399,3090,12483.3333,86016.6667,1638
3400,1638,12483.3333,86016.6667,3110
3401,3110,12500.0,86016.6667,2603
3402,2603,12500.0,86016.6667,2417
3403,2417,12532.5,86019.7222,3107
3404,3107,12532.5,86019.7222,1961
3405,1961,12533.3333,86016.6667,3103
3406,3103,12533.3333,86016.6667,3456
3407,3456,12554.7222,86010.5556,3117
3408,3117,12566.6667,86016.6667,2756
3409,2756,12566.6667,86016.6667,3457
3410,3457,12575.5556,86011.9444,167
3411,167,12583.3333,86016.6667,1129
3412,1129,12566.6667,86033.3333,1677
3413,1677,12566.6667,86033.3333,1490
3414,1490,12566.6667,86050.0,3455
3415,3455,12538.0556,86048.8889,3111
3416,3111,12533.3333,86050.0,2604
3417,2604,12533.3333,86050.0,3126
3418,3126,12516.6667,86050.0,3105
3419,3105,12516.6667,86050.0,2277
3420,2277,12516.6667,86050.0,322
3421,322,12500.0,86083.3333,2427
3422,2427,12500.0,86083.3333,2518
3423,2518,12450.0,86083.3333,429
3424,429,12466.6667,86150.0,992
3425,992,12483.3333,86150.0,2462
3426,2462,12483.3333,86150.0,1234
3427,1234,12466.6667,86200.0,3085
3428,3085,12466.6667,86200.0,605
3429,605,12450.0,86216.6667,1723
3430,1723,12416.6667,86166.6667,468
3431,468,12366.6667,86166.6667,3437
3432,3437,12350.0,86166.6667,924
3433,924,12350.0,86133.3333,926
3434,926,12316.6667,86166.6667,1642
3435,1642,12316.6667,86183.3333,529
3436,529,12300.0,86183.3333,1660
3437,1660,12300.0,86183.3333,2783
3438,2783,12316.6667,86216.6667,615
3439,615,12338.6111,86212.2222,626
3440,626,12350.0,86216.6667,781
3441,781,12350.0,86216.6667,2441
3442,2441,12366.6667,86233.3333,2066
3443,2066,12433.3333,86266.6667,527
3444,527,12466.6667,86283.3333,705
3445,705,12483.3333,86283.3333,2948
3446,2948,12500.0,86283.3333,1064
3447,1064,12500.0,86283.3333,835
3448,835,12504.7222,86300.2778,851
3449,851,12504.7222,86300.2778,840
3450,840,12504.7222,86300.2778,839
3451,839,12504.7222,86300.2778,141
3452,141,12516.6667,86283.3333,331
3453,331,12500.0,86233.3333,795
3454,795,12533.6111,86227.7778,3079
3455,3079,12533.6111,86227.7778,287
3456,287,12550.0,86216.6667,286
3457,286,12550.0,86216.6667,131
3458,131,12550.0,86216.6667,3091
3459,3091,12566.6667,86183.3333,1647
3460,1647,12566.6667,86183.3333,1637
3461,1637,12566.6667,86216.6667,1024
3462,1024,12600.0,86233.3333,1670
3463,1670,12600.0,86233.3333,3092
3464,3092,12600.0,86233.3333,1290
3465,1290,12616.6667,86233.3333,2584
3466,2584,12616.6667,86233.3333,3113
3467,3113,12633.3333,86250.0,2651
3468,2651,12633.3333,86250.0,2259
3469,2259,12633.3333,86250.0,2258
3470,2258,12633.3333,86250.0,3247
3471,3247,12633.3333,86233.3333,3242
3472,3242,12633.3333,86233.3333,172
3473,172,12633.3333,86233.3333,165
3474,165,12650.0,86200.0,171
3475,171,12666.6667,86183.3333,1444
3476,1444,12683.3333,86200.0,2714
3477,2714,12683.3333,86216.6667,175
3478,175,12666.6667,86233.3333,219
3479,219,12666.6667,86233.3333,3449
3480,3449,12666.6667,86283.3333,3123
3481,3123,12650.0,86283.3333,672
3482,672,12616.6667,86300.0,2579
3483,2579,12583.3333,86300.0,904
3484,904,12566.6667,86283.3333,1639
3485,1639,12566.6667,86316.6667,2615
3486,2615,12566.6667,86316.6667,3112
3487,3112,12566.6667,86316.6667,490
3488,490,12550.0,86350.0,880
3489,880,12566.6667,86366.6667,2416
3490,2416,12566.6667,86366.6667,1890
3491,1890,12596.9444,86352.7778,3099
3492,3099,12596.9444,86352.7778,466
3493,466,12633.3333,86350.0,2568
3494,2568,12650.0,86383.3333,2695
3495,2695,12674.1667,86422.7778,1
