order,node_id_1based,x,y,next_node_id_1based
0,1,12661.6667,86437.2222,1454
1,1454,12661.6667,86437.2222,3087
2,3087,12661.6667,86437.2222,561
3,561,12616.6667,86450.0,1823
4,1823,12600.0,86450.0,944
5,944,12550.0,86483.3333,2546
6,2546,12516.6667,86483.3333,1470
7,1470,12500.0,86450.0,2553
8,2553,12472.7778,86464.4444,124
9,124,12450.0,86466.6667,2791
10,2791,12400.0,86483.3333,1351
11,1351,12350.0,86483.3333,2683
12,2683,12250.0,86466.6667,461
13,461,12266.6667,86483.3333,3253
14,3253,12283.3333,86533.3333,2828
15,2828,12283.3333,86533.3333,1613
16,1613,12300.0,86566.6667,2030
17,2030,12300.0,86600.0,3057
18,3057,12300.0,86600.0,1980
19,1980,12283.3333,86600.0,2485
20,2485,12283.3333,86616.6667,834
21,834,12300.0,86650.0,2561
22,2561,12333.3333,86633.3333,2463
23,2463,12350.0,86650.0,2440
24,2440,12383.3333,86616.6667,1067
25,1067,12405.5556,86611.6667,1350
26,1350,12405.5556,86611.6667,1352
27,1352,12405.5556,86611.6667,3484
28,3484,12411.1111,86618.3333,1692
29,1692,12416.6667,86633.3333,1267
30,1267,12450.0,86616.6667,3361
31,3361,12433.3333,86666.6667,575
32,575,12400.0,86666.6667,1539
33,1539,12366.6667,86666.6667,1866
34,1866,12340.0,86675.2778,1865
35,1865,12340.0,86675.2778,1864
36,1864,12340.0,86675.2778,1175
37,1175,12340.0,86675.2778,1174
38,1174,12350.0,86700.0,1861
39,1861,12350.0,86700.0,1862
40,1862,12350.0,86700.0,416
41,416,12366.6667,86700.0,707
42,707,12383.3333,86716.6667,1724
43,1724,12400.0,86733.3333,1808
44,1808,12433.3333,86733.3333,1722
45,1722,12433.3333,86750.0,614
46,614,12416.6667,86766.6667,482
47,482,12400.0,86766.6667,3411
48,3411,12383.3333,86750.0,582
49,582,12366.6667,86750.0,3410
50,3410,12366.6667,86750.0,3412
51,3412,12366.6667,86750.0,108
52,108,12333.3333,86733.3333,432
53,432,12300.0,86716.6667,1746
54,1746,12300.0,86683.3333,470
55,470,12283.3333,86683.3333,2774
56,2774,12266.6667,86683.3333,2689
57,2689,12233.3333,86666.6667,885
58,885,12250.0,86633.3333,1834
59,1834,12233.3333,86616.6667,164
60,164,12250.0,86600.0,725
61,725,12266.6667,86583.3333,1304
62,1304,12267.5,86565.2778,1303
63,1303,12267.5,86565.2778,2552
64,2552,12250.0,86550.0,678
65,678,12233.3333,86550.0,3077
66,3077,12233.3333,86550.0,2387
67,2387,12233.3333,86566.6667,708
68,708,12200.0,86600.0,1513
69,1513,12183.3333,86583.3333,3316
70,3316,12150.0,86566.6667,3301
71,3301,12133.3333,86583.3333,260
72,260,12133.3333,86583.3333,720
73,720,12116.6667,86566.6667,3303
74,3303,12116.6667,86566.6667,2049
75,2049,12100.0,86583.3333,3191
76,3191,12100.0,86583.3333,3312
77,3312,12100.0,86600.0,719
78,719,12116.6667,86616.6667,2653
79,2653,12133.3333,86650.0,1375
80,1375,12116.6667,86683.3333,2268
81,2268,12100.0,86666.6667,2652
82,2652,12100.0,86666.6667,2767
83,2767,12083.3333,86633.3333,798
84,798,12066.6667,86666.6667,2482
85,2482,12050.0,86666.6667,356
86,356,12033.3333,86633.3333,960
87,960,11983.3333,86650.0,2409
88,2409,12016.6667,86683.3333,1763
89,1763,12050.0,86700.0,223
90,223,12054.1667,86705.2778,2404
91,2404,12054.1667,86705.2778,2859
92,2859,12066.6667,86700.0,784
93,784,12100.0,86733.3333,783
94,783,12150.0,86750.0,3496
95,3496,12162.5,86755.0,1828
96,1828,12166.6667,86750.0,323
97,323,12199.4444,86763.0556,877
98,877,12199.4444,86763.0556,1061
99,1061,12199.4444,86763.0556,1063
100,1063,12199.4444,86763.0556,1072
101,1072,12199.4444,86763.0556,2429
102,2429,12199.4444,86763.0556,1131
103,1131,12216.6667,86733.3333,2428
104,2428,12237.5,86721.6667,2186
105,2186,12266.6667,86733.3333,454
106,454,12283.3333,86750.0,1819
107,1819,12283.3333,86750.0,431
108,431,12300.0,86766.6667,2402
109,2402,12300.0,86783.3333,283
110,283,12266.6667,86783.3333,2420
111,2420,12266.6667,86783.3333,550
112,550,12250.0,86800.0,1898
113,1898,12266.6667,86833.3333,958
114,958,12250.0,86866.6667,957
115,957,12250.0,86866.6667,2753
116,2753,12283.3333,86883.3333,3165
117,3165,12316.6667,86900.0,2002
118,2002,12333.3333,86883.3333,627
119,627,12300.0,86866.6667,1725
120,1725,12283.3333,86850.0,3495
121,3495,12275.2778,86842.5,927
122,927,12300.0,86816.6667,677
123,677,12333.3333,86816.6667,2853
124,2853,12333.3333,86783.3333,2851
125,2851,12333.3333,86783.3333,1553
126,1553,12333.3333,86783.3333,1794
127,1794,12350.0,86783.3333,1793
128,1793,12350.0,86783.3333,3072
129,3072,12350.0,86800.0,1166
130,1166,12350.0,86816.6667,1557
131,1557,12366.6667,86816.6667,3375
132,3375,12366.6667,86833.3333,2781
133,2781,12383.3333,86833.3333,1415
134,1415,12400.0,86833.3333,2033
135,2033,12400.0,86816.6667,2240
136,2240,12400.0,86816.6667,3058
137,3058,12400.0,86816.6667,706
138,706,12400.0,86800.0,881
139,881,12416.6667,86800.0,815
140,815,12433.3333,86800.0,518
141,518,12466.6667,86766.6667,778
142,778,12516.6667,86783.3333,2279
143,2279,12516.6667,86750.0,646
144,646,12533.3333,86733.3333,986
145,986,12533.3333,86716.6667,1815
146,1815,12533.3333,86716.6667,1093
147,1093,12566.6667,86716.6667,2497
148,2497,12566.6667,86716.6667,166
149,166,12583.3333,86716.6667,833
150,833,12566.6667,86683.3333,613
151,613,12550.0,86666.6667,1431
152,1431,12592.5,86679.7222,1253
153,1253,12616.6667,86683.3333,2569
154,2569,12616.6667,86683.3333,3121
155,3121,12616.6667,86700.0,2954
156,2954,12616.6667,86700.0,1655
157,1655,12627.7778,86702.5,177
158,177,12627.7778,86702.5,13
159,13,12627.7778,86702.5,12
160,12,12627.7778,86702.5,2386
161,2386,12627.7778,86702.5,3485
162,3485,12627.7778,86702.5,2524
163,2524,12650.0,86700.0,3108
164,3108,12650.0,86700.0,671
165,671,12650.0,86666.6667,2677
166,2677,12683.3333,86683.3333,623
167,623,12700.0,86683.3333,1369
168,1369,12736.9444,86698.6111,1842
169,1842,12716.6667,86716.6667,3220
170,3220,12700.0,86716.6667,3490
171,3490,12694.4444,86718.6111,2439
172,2439,12683.3333,86750.0,1756
173,1756,12683.3333,86783.3333,2619
174,2619,12716.6667,86783.3333,1894
175,1894,12733.3333,86783.3333,2031
176,2031,12733.3333,86816.6667,3440
177,3440,12700.0,86816.6667,2493
178,2493,12700.0,86816.6667,1188
179,1188,12700.0,86816.6667,1255
180,1255,12683.3333,86816.6667,774
181,774,12683.3333,86800.0,2725
182,2725,12666.6667,86800.0,568
183,568,12633.3333,86800.0,2985
184,2985,12616.6667,86766.6667,2825
185,2825,12616.6667,86750.0,809
186,809,12575.0,86779.7222,1008
187,1008,12550.0,86816.6667,1779
188,1779,12550.0,86816.6667,3080
189,3080,12550.0,86816.6667,3097
190,3097,12550.0,86816.6667,2988
191,2988,12533.3333,86816.6667,2632
192,2632,12533.3333,86816.6667,2176
193,2176,12533.3333,86816.6667,452
194,452,12500.0,86816.6667,1486
195,1486,12483.3333,86816.6667,2986
196,2986,12500.0,86833.3333,2989
197,2989,12500.0,86833.3333,247
198,247,12500.0,86833.3333,920
199,920,12483.3333,86850.0,716
200,716,12500.0,86850.0,289
201,289,12520.5556,86860.0,850
202,850,12550.0,86850.0,2029
203,2029,12550.0,86866.6667,919
204,919,12533.3333,86883.3333,704
205,704,12533.3333,86900.0,657
206,657,12516.6667,86916.6667,478
207,478,12516.6667,86916.6667,1039
208,1039,12506.1111,86903.3333,1041
209,1041,12506.1111,86903.3333,1132
210,1132,12483.3333,86883.3333,2987
211,2987,12483.3333,86883.3333,2780
212,2780,12483.3333,86916.6667,2199
213,2199,12500.0,86933.3333,318
214,318,12516.6667,86950.0,2424
215,2424,12516.6667,86950.0,911
216,911,12566.6667,86966.6667,489
217,489,12566.6667,86983.3333,3493
218,3493,12553.0556,86978.3333,1115
219,1115,12543.0556,86978.8889,1114
220,1114,12543.0556,86978.8889,664
221,664,12533.3333,86983.3333,2398
222,2398,12516.6667,86983.3333,1721
223,1721,12500.0,86983.3333,2952
224,2952,12483.3333,86983.3333,2962
225,2962,12483.3333,86983.3333,2964
226,2964,12483.3333,86983.3333,2963
227,2963,12483.3333,86983.3333,453
228,453,12466.6667,86966.6667,1043
229,1043,12450.0,86966.6667,1870
230,1870,12450.0,86950.0,2083
231,2083,12450.0,86933.3333,1908
232,1908,12433.3333,86933.3333,2638
233,2638,12416.6667,86933.3333,503
234,503,12400.0,86933.3333,1871
235,1871,12400.0,86916.6667,2291
236,2291,12416.6667,86883.3333,1609
237,1609,12435.5556,86879.4444,1942
238,1942,12433.3333,86850.0,3101
239,3101,12433.3333,86850.0,2180
240,2180,12450.0,86850.0,2758
241,2758,12450.0,86833.3333,430
242,430,12433.3333,86833.3333,502
243,502,12416.6667,86833.3333,2733
244,2733,12416.6667,86850.0,2967
245,2967,12416.6667,86850.0,2432
246,2432,12400.0,86866.6667,2401
247,2401,12383.3333,86866.6667,1633
248,1633,12366.6667,86866.6667,1473
249,1473,12366.6667,86883.3333,2755
250,2755,12366.6667,86883.3333,2478
251,2478,12366.6667,86900.0,598
252,598,12366.6667,86933.3333,2782
253,2782,12350.0,86966.6667,1222
254,1222,12383.3333,86983.3333,1226
255,1226,12383.3333,86983.3333,3222
256,3222,12383.3333,87000.0,1421
257,1421,12383.3333,87016.6667,1694
258,1694,12366.6667,87016.6667,1203
259,1203,12366.6667,87033.3333,1123
260,1123,12366.6667,87033.3333,597
261,597,12383.3333,87050.0,1363
262,1363,12400.0,87033.3333,923
263,923,12400.0,87016.6667,549
264,549,12416.6667,86983.3333,2290
265,2290,12416.6667,87016.6667,395
266,395,12433.3333,87033.3333,1124
267,1124,12450.0,87050.0,1208
268,1208,12450.0,87050.0,2202
269,2202,12450.0,87050.0,2516
270,2516,12450.0,87050.0,2001
271,2001,12466.6667,87033.3333,3000
272,3000,12483.3333,87050.0,3001
273,3001,12483.3333,87050.0,1192
274,1192,12466.6667,87066.6667,1069
275,1069,12483.3333,87116.6667,1073
276,1073,12466.6667,87116.6667,2837
277,2837,12466.6667,87116.6667,3326
278,3326,12466.6667,87116.6667,1586
279,1586,12450.0,87166.6667,2960
280,2960,12483.3333,87166.6667,3083
281,3083,12516.6667,87200.0,1196
282,1196,12516.6667,87200.0,2377
283,2377,12533.3333,87216.6667,1197
284,1197,12550.0,87233.3333,3084
285,3084,12550.0,87233.3333,2321
286,2321,12566.6667,87233.3333,860
287,860,12566.6667,87216.6667,766
288,766,12583.3333,87200.0,428
289,428,12583.3333,87200.0,777
290,777,12583.3333,87200.0,3056
291,3056,12583.3333,87233.3333,681
292,681,12583.3333,87266.6667,9
293,9,12566.6667,87300.0,1059
294,1059,12566.6667,87300.0,2370
295,2370,12566.6667,87300.0,3086
296,3086,12583.3333,87283.3333,1440
297,1440,12583.3333,87283.3333,1845
298,1845,12600.0,87283.3333,1988
299,1988,12616.6667,87283.3333,2027
300,2027,12616.6667,87300.0,1344
301,1344,12650.0,87300.0,1787
302,1787,12666.6667,87283.3333,2676
303,2676,12650.0,87266.6667,2501
304,2501,12633.3333,87266.6667,2844
305,2844,12616.6667,87233.3333,3334
306,3334,12616.6667,87233.3333,546
307,546,12650.0,87233.3333,803
308,803,12650.0,87216.6667,1970
309,1970,12666.6667,87216.6667,123
310,123,12650.0,87200.0,3317
311,3317,12633.3333,87200.0,2531
312,2531,12616.6667,87183.3333,3037
313,3037,12616.6667,87150.0,2507
314,2507,12633.3333,87150.0,1949
315,1949,12633.3333,87150.0,1622
316,1622,12633.3333,87150.0,2166
317,2166,12650.0,87150.0,111
318,111,12666.6667,87166.6667,2379
319,2379,12666.6667,87166.6667,1556
320,1556,12683.3333,87166.6667,1824
321,1824,12700.0,87166.6667,1600
322,1600,12733.3333,87183.3333,761
323,761,12716.6667,87183.3333,1978
324,1978,12700.0,87200.0,2343
325,2343,12700.0,87200.0,235
326,235,12683.3333,87200.0,2201
327,2201,12700.0,87233.3333,1331
328,1331,12700.0,87233.3333,1733
329,1733,12700.0,87250.0,344
330,344,12683.3333,87250.0,624
331,624,12683.3333,87250.0,391
332,391,12683.3333,87250.0,586
333,586,12700.0,87283.3333,397
334,397,12716.6667,87300.0,377
335,377,12716.6667,87300.0,559
336,559,12733.3333,87333.3333,2450
337,2450,12716.6667,87333.3333,950
338,950,12716.6667,87333.3333,410
339,410,12700.0,87333.3333,238
340,238,12700.0,87333.3333,1935
341,1935,12683.3333,87333.3333,1918
342,1918,12683.3333,87333.3333,2308
343,2308,12666.6667,87350.0,3380
344,3380,12633.3333,87366.6667,1160
345,1160,12700.0,87383.3333,255
346,255,12733.3333,87433.3333,2168
347,2168,12733.3333,87433.3333,1482
348,1482,12733.3333,87400.0,405
349,405,12750.0,87383.3333,419
350,419,12750.0,87383.3333,890
351,890,12766.6667,87383.3333,3064
352,3064,12766.6667,87383.3333,2243
353,2243,12800.0,87400.0,95
354,95,12800.0,87400.0,2236
355,2236,12816.6667,87416.6667,2239
356,2239,12816.6667,87416.6667,2735
357,2735,12816.6667,87416.6667,849
358,849,12816.6667,87450.0,122
359,122,12783.3333,87483.3333,1079
360,1079,12850.0,87500.0,1635
361,1635,12850.0,87533.3333,694
362,694,12883.3333,87533.3333,2495
363,2495,12866.6667,87566.6667,1762
364,1762,12833.3333,87583.3333,545
365,545,12850.0,87600.0,1052
366,1052,12900.0,87633.3333,319
367,319,12900.0,87633.3333,317
368,317,12900.0,87633.3333,2422
369,2422,12900.0,87633.3333,2778
370,2778,12983.3333,87650.0,2461
371,2461,13050.0,87583.3333,991
372,991,13050.0,87583.3333,1673
373,1673,13033.3333,87533.3333,1112
374,1112,13016.6667,87500.0,2797
375,2797,12983.3333,87483.3333,3151
376,3151,12983.3333,87483.3333,2951
377,2951,12916.6667,87500.0,2950
378,2950,12916.6667,87500.0,2541
379,2541,12916.6667,87500.0,2028
380,2028,12883.3333,87500.0,1424
381,1424,12883.3333,87400.0,3230
382,3230,12833.3333,87383.3333,3388
383,3388,12833.3333,87350.0,1843
384,1843,12783.3333,87350.0,1225
385,1225,12783.3333,87300.0,764
386,764,12766.6667,87283.3333,771
387,771,12766.6667,87283.3333,3035
388,3035,12750.0,87283.3333,2331
389,2331,12783.3333,87250.0,2812
390,2812,12850.0,87266.6667,1040
391,1040,12883.3333,87283.3333,1130
392,1130,12883.3333,87283.3333,281
393,281,12866.6667,87216.6667,1872
394,1872,12850.0,87200.0,1328
395,1328,12850.0,87183.3333,1066
396,1066,12850.0,87183.3333,2565
397,2565,12833.3333,87200.0,326
398,326,12800.0,87216.6667,1507
399,1507,12766.6667,87183.3333,822
400,822,12766.6667,87166.6667,675
401,675,12783.3333,87133.3333,237
402,237,12766.6667,87133.3333,2544
403,2544,12733.3333,87116.6667,218
404,218,12716.6667,87133.3333,773
405,773,12716.6667,87116.6667,980
406,980,12716.6667,87100.0,644
407,644,12700.0,87100.0,1420
408,1420,12683.3333,87116.6667,400
409,400,12666.6667,87100.0,581
410,581,12666.6667,87083.3333,1471
411,1471,12666.6667,87083.3333,2021
412,2021,12683.3333,87083.3333,1555
413,1555,12716.6667,87066.6667,917
414,917,12733.3333,87050.0,2075
415,2075,12700.0,87033.3333,2740
416,2740,12683.3333,87033.3333,2530
417,2530,12666.6667,87066.6667,1782
418,1782,12633.3333,87083.3333,1884
419,1884,12633.3333,87083.3333,1386
420,1386,12616.6667,87083.3333,739
421,739,12616.6667,87116.6667,500
422,500,12600.0,87133.3333,2484
423,2484,12600.0,87133.3333,2976
424,2976,12583.3333,87150.0,1749
425,1749,12550.0,87150.0,1922
426,1922,12550.0,87150.0,813
427,813,12550.0,87166.6667,1019
428,1019,12533.3333,87166.6667,2489
429,2489,12533.3333,87166.6667,1075
430,1075,12516.6667,87133.3333,1071
431,1071,12516.6667,87133.3333,2997
432,2997,12516.6667,87116.6667,449
433,449,12566.6667,87116.6667,2320
434,2320,12583.3333,87116.6667,2203
435,2203,12583.3333,87100.0,2949
436,2949,12583.3333,87066.6667,2013
437,2013,12566.6667,87066.6667,1224
438,1224,12566.6667,87066.6667,918
439,918,12533.3333,87050.0,2200
440,2200,12533.3333,87050.0,3003
441,3003,12533.3333,87050.0,905
442,905,12550.0,87033.3333,2179
443,2179,12550.0,87016.6667,3042
444,3042,12566.6667,87033.3333,90
445,90,12583.3333,87033.3333,2155
446,2155,12600.0,87016.6667,1807
447,1807,12616.6667,87016.6667,1702
448,1702,12616.6667,87000.0,115
449,115,12600.0,86983.3333,3287
450,3287,12616.6667,86983.3333,1459
451,1459,12633.3333,86966.6667,3387
452,3387,12650.0,86983.3333,3290
453,3290,12666.6667,86950.0,3373
454,3373,12666.6667,86950.0,775
455,775,12650.0,86933.3333,479
456,479,12633.3333,86950.0,1719
457,1719,12616.6667,86933.3333,2405
458,2405,12600.0,86950.0,1606
459,1606,12600.0,86933.3333,1457
460,1457,12583.3333,86933.3333,3293
461,3293,12566.6667,86916.6667,2991
462,2991,12550.0,86916.6667,1792
463,1792,12566.6667,86900.0,282
464,282,12583.3333,86900.0,3494
465,3494,12610.8333,86899.1667,3425
466,3425,12633.3333,86900.0,1484
467,1484,12633.3333,86883.3333,3088
468,3088,12633.3333,86883.3333,3089
469,3089,12650.0,86866.6667,1503
470,1503,12650.0,86866.6667,547
471,547,12650.0,86833.3333,1734
472,1734,12666.6667,86850.0,1769
473,1769,12666.6667,86866.6667,3096
474,3096,12666.6667,86866.6667,1343
475,1343,12683.3333,86866.6667,1859
476,1859,12683.3333,86900.0,714
477,714,12700.0,86883.3333,1986
478,1986,12700.0,86883.3333,1248
479,1248,12716.6667,86866.6667,2644
480,2644,12716.6667,86883.3333,2294
481,2294,12733.3333,86883.3333,1759
482,1759,12733.3333,86883.3333,327
483,327,12750.0,86866.6667,3421
484,3421,12750.0,86900.0,743
485,743,12766.6667,86916.6667,736
486,736,12766.6667,86916.6667,3163
487,3163,12783.3333,86916.6667,538
488,538,12766.6667,86933.3333,100
489,100,12789.4444,86945.0,101
490,101,12789.4444,86945.0,1083
491,1083,12789.4444,86945.0,2496
492,2496,12789.4444,86945.0,97
493,97,12789.4444,86945.0,96
494,96,12789.4444,86945.0,2577
495,2577,12800.0,86966.6667,1266
496,1266,12800.0,86966.6667,2368
497,2368,12783.3333,86983.3333,3492
498,3492,12797.2222,86987.5,139
499,139,12797.2222,86987.5,1837
500,1837,12816.6667,86983.3333,1873
501,1873,12800.0,87033.3333,1357
502,1357,12783.3333,87050.0,3177
503,3177,12783.3333,87066.6667,1012
504,1012,12783.3333,87083.3333,2037
505,2037,12833.3333,87083.3333,3157
506,3157,12866.6667,87133.3333,2088
507,2088,12983.3333,87083.3333,1541
508,1541,12983.3333,87066.6667,1214
509,1214,12983.3333,87016.6667,610
510,610,12950.0,87000.0,607
511,607,12950.0,87000.0,1382
512,1382,12983.3333,86966.6667,1712
513,1712,12983.3333,86966.6667,1714
514,1714,12983.3333,86966.6667,1101
515,1101,13033.3333,86916.6667,354
516,354,13033.3333,86916.6667,426
517,426,13066.6667,86883.3333,1523
518,1523,12983.3333,86900.0,1766
519,1766,12950.0,86900.0,1768
520,1768,12950.0,86900.0,2893
521,2893,12950.0,86900.0,2894
522,2894,12950.0,86900.0,3065
523,3065,12909.7222,86916.6667,3169
524,3169,12933.3333,86866.6667,2238
525,2238,12933.3333,86850.0,1976
526,1976,12983.3333,86850.0,103
527,103,12963.6111,86814.7222,642
528,642,12950.0,86800.0,669
529,669,12966.6667,86766.6667,2512
530,2512,12983.3333,86800.0,872
531,872,13000.0,86800.0,154
532,154,13000.0,86766.6667,155
533,155,13000.0,86766.6667,1679
534,1679,13000.0,86766.6667,2899
535,2899,13066.6667,86766.6667,2898
536,2898,13066.6667,86766.6667,170
537,170,13066.6667,86766.6667,995
538,995,13133.3333,86783.3333,836
539,836,13200.0,86766.6667,843
540,843,13200.0,86766.6667,844
541,844,13200.0,86766.6667,846
542,846,13200.0,86766.6667,2941
543,2941,13200.0,86766.6667,838
544,838,13200.0,86766.6667,842
545,842,13200.0,86766.6667,8
546,8,13200.0,86800.0,2366
547,2366,13200.0,86800.0,2995
548,2995,13166.6667,86816.6667,3053
549,3053,13166.6667,86816.6667,403
550,403,13183.3333,86933.3333,402
551,402,13183.3333,86933.3333,404
552,404,13183.3333,86933.3333,640
553,640,13266.6667,86883.3333,633
554,633,13266.6667,86883.3333,636
555,636,13266.6667,86883.3333,634
556,634,13266.6667,86883.3333,3032
557,3032,13233.3333,86866.6667,3379
558,3379,13250.0,86833.3333,2854
559,2854,13250.0,86833.3333,2162
560,2162,13250.0,86783.3333,3378
561,3378,13250.0,86766.6667,3377
562,3377,13250.0,86766.6667,1554
563,1554,13250.0,86766.6667,2617
564,2617,13233.3333,86700.0,1601
565,1601,13233.3333,86700.0,3398
566,3398,13266.6667,86666.6667,2858
567,2858,13266.6667,86666.6667,173
568,173,13266.6667,86666.6667,2913
569,2913,13283.3333,86650.0,760
570,760,13283.3333,86650.0,1090
571,1090,13350.0,86616.6667,972
572,972,13350.0,86616.6667,387
573,387,13350.0,86616.6667,1667
574,1667,13350.0,86616.6667,2599
575,2599,13366.6667,86650.0,1404
576,1404,13366.6667,86650.0,2664
577,2664,13400.0,86733.3333,1106
578,1106,13450.0,86700.0,1479
579,1479,13450.0,86700.0,2340
580,2340,13450.0,86716.6667,2679
581,2679,13450.0,86716.6667,1239
582,1239,13483.3333,86733.3333,1237
583,1237,13483.3333,86733.3333,1238
584,1238,13483.3333,86733.3333,325
585,325,13533.3333,86716.6667,321
586,321,13533.3333,86716.6667,285
587,285,13533.3333,86716.6667,163
588,163,13533.3333,86716.6667,767
589,767,13583.3333,86700.0,1385
590,1385,13600.0,86616.6667,1384
591,1384,13600.0,86616.6667,1381
592,1381,13600.0,86616.6667,1380
593,1380,13600.0,86616.6667,1443
594,1443,13650.0,86616.6667,2861
595,2861,13633.3333,86633.3333,3413
596,3413,13633.3333,86633.3333,3414
597,3414,13633.3333,86633.3333,2207
598,2207,13633.3333,86683.3333,1467
599,1467,13683.3333,86700.0,10
600,10,13700.0,86766.6667,486
601,486,13750.0,86716.6667,1829
602,1829,13733.3333,86700.0,2715
603,2715,13733.3333,86700.0,2946
604,2946,13733.3333,86700.0,1260
605,1260,13733.3333,86616.6667,1261
606,1261,13733.3333,86616.6667,1262
607,1262,13733.3333,86616.6667,1736
608,1736,13783.3333,86566.6667,1137
609,1137,13783.3333,86550.0,1488
610,1488,13783.3333,86550.0,1135
611,1135,13783.3333,86550.0,2888
612,2888,13733.3333,86516.6667,2889
613,2889,13716.6667,86500.0,1030
614,1030,13666.6667,86433.3333,1324
615,1324,13650.0,86450.0,1322
616,1322,13650.0,86450.0,1258
617,1258,13633.3333,86483.3333,3394
618,3394,13633.3333,86516.6667,3395
619,3395,13633.3333,86516.6667,112
620,112,13566.6667,86533.3333,7
621,7,13516.6667,86533.3333,136
622,136,13516.6667,86533.3333,2364
623,2364,13516.6667,86533.3333,742
624,742,13516.6667,86533.3333,132
625,132,13533.3333,86516.6667,409
626,409,13533.3333,86516.6667,227
627,227,13566.6667,86500.0,6
628,6,13583.3333,86433.3333,2362
629,2362,13583.3333,86433.3333,2156
630,2156,13516.6667,86400.0,2620
631,2620,13516.6667,86400.0,2010
632,2010,13500.0,86383.3333,2975
633,2975,13500.0,86383.3333,1227
634,1227,13450.0,86400.0,174
635,174,13416.6667,86400.0,2880
636,2880,13416.6667,86400.0,2895
637,2895,13416.6667,86400.0,463
638,463,13400.0,86383.3333,878
639,878,13383.3333,86366.6667,2971
640,2971,13350.0,86400.0,2833
641,2833,13333.3333,86450.0,1107
642,1107,13316.6667,86466.6667,1108
643,1108,13316.6667,86466.6667,1111
644,1111,13316.6667,86466.6667,2503
645,2503,13316.6667,86466.6667,1014
646,1014,13366.6667,86450.0,1085
647,1085,13383.3333,86483.3333,609
648,609,13433.3333,86466.6667,222
649,222,13450.0,86483.3333,2399
650,2399,13450.0,86483.3333,151
651,151,13466.6667,86466.6667,1520
652,1520,13466.6667,86466.6667,29
653,29,13483.3333,86483.3333,142
654,142,13466.6667,86533.3333,914
655,914,13466.6667,86533.3333,579
656,579,13450.0,86533.3333,425
657,425,13450.0,86566.6667,421
658,421,13450.0,86566.6667,133
659,133,13450.0,86566.6667,353
660,353,13483.3333,86583.3333,134
661,134,13450.0,86600.0,513
662,513,13450.0,86600.0,713
663,713,13416.6667,86600.0,423
664,423,13416.6667,86550.0,2273
665,2273,13416.6667,86550.0,2270
666,2270,13416.6667,86550.0,1542
667,1542,13400.0,86550.0,3153
668,3153,13400.0,86550.0,3189
669,3189,13400.0,86550.0,2610
670,2610,13366.6667,86516.6667,1591
671,1591,13366.6667,86516.6667,976
672,976,13350.0,86550.0,1505
673,1505,13300.0,86566.6667,1941
674,1941,13183.3333,86566.6667,2299
675,2299,13183.3333,86566.6667,1598
676,1598,13166.6667,86616.6667,735
677,735,13166.6667,86616.6667,338
678,338,13100.0,86616.6667,1662
679,1662,13100.0,86616.6667,3193
680,3193,13083.3333,86633.3333,2051
681,2051,13083.3333,86633.3333,2618
682,2618,13083.3333,86550.0,1951
683,1951,13083.3333,86550.0,3448
684,3448,13050.0,86583.3333,765
685,765,13050.0,86583.3333,1570
686,1570,13016.6667,86600.0,1538
687,1538,13033.3333,86616.6667,3148
688,3148,13033.3333,86616.6667,2506
689,2506,13000.0,86650.0,1914
690,1914,12966.6667,86666.6667,1410
691,1410,12966.6667,86666.6667,1338
692,1338,12933.3333,86683.3333,2307
693,2307,12950.0,86716.6667,2639
694,2639,12916.6667,86750.0,2052
695,2052,12883.3333,86783.3333,3491
696,3491,12862.7778,86845.5556,2866
697,2866,12833.3333,86800.0,2289
698,2289,12800.0,86766.6667,540
699,540,12766.6667,86766.6667,1453
700,1453,12766.6667,86766.6667,1370
701,1370,12751.3889,86738.0556,2611
702,2611,12751.3889,86738.0556,1373
703,1373,12751.3889,86738.0556,1592
704,1592,12751.3889,86738.0556,1700
705,1700,12766.6667,86716.6667,2713
706,2713,12800.0,86716.6667,703
707,703,12783.3333,86683.3333,2076
708,2076,12833.3333,86666.6667,695
709,695,12850.0,86700.0,2012
710,2012,12866.6667,86716.6667,1665
711,1665,12866.6667,86733.3333,662
712,662,12883.3333,86716.6667,2390
713,2390,12883.3333,86700.0,2671
714,2671,12900.0,86683.3333,3048
715,3048,12900.0,86650.0,3050
716,3050,12900.0,86650.0,1015
717,1015,12883.3333,86633.3333,1519
718,1519,12883.3333,86616.6667,580
719,580,12866.6667,86600.0,1506
720,1506,12900.0,86583.3333,2234
721,2234,12916.6667,86616.6667,2235
722,2235,12933.3333,86616.6667,2237
723,2237,12933.3333,86616.6667,1798
724,1798,12933.3333,86633.3333,1504
725,1504,12966.6667,86616.6667,1680
726,1680,12950.0,86583.3333,1006
727,1006,12983.8889,86573.0556,1813
728,1813,12966.6667,86550.0,2953
729,2953,12950.0,86516.6667,2769
730,2769,12933.3333,86533.3333,1164
731,1164,12916.6667,86516.6667,1491
732,1491,12916.6667,86516.6667,1161
733,1161,12916.6667,86516.6667,2457
734,2457,12916.6667,86533.3333,956
735,956,12916.6667,86533.3333,889
736,889,12916.6667,86550.0,1509
737,1509,12900.0,86566.6667,2536
738,2536,12900.0,86566.6667,2867
739,2867,12883.3333,86550.0,2447
740,2447,12886.9444,86538.0556,390
741,390,12886.9444,86538.0556,1659
742,1659,12866.6667,86533.3333,246
743,246,12850.0,86533.3333,1461
744,1461,12850.0,86533.3333,612
745,612,12850.0,86516.6667,2654
746,2654,12850.0,86500.0,2737
747,2737,12833.3333,86516.6667,979
748,979,12816.6667,86483.3333,1718
749,1718,12833.3333,86466.6667,1388
750,1388,12833.3333,86466.6667,2626
751,2626,12850.0,86450.0,1883
752,1883,12866.6667,86433.3333,1886
753,1886,12883.3333,86433.3333,2576
754,2576,12883.3333,86466.6667,176
755,176,12883.3333,86466.6667,1259
756,1259,12883.3333,86466.6667,1785
757,1785,12900.0,86466.6667,961
758,961,12933.8889,86462.7778,1531
759,1531,12950.0,86466.6667,3183
760,3183,12983.3333,86483.3333,3184
761,3184,12983.3333,86483.3333,2803
762,2803,12983.3333,86483.3333,1306
763,1306,13000.0,86483.3333,1308
764,1308,13000.0,86483.3333,1138
765,1138,13066.6667,86450.0,2520
766,2520,13066.6667,86450.0,1329
767,1329,13083.3333,86450.0,2594
768,2594,13083.3333,86450.0,996
769,996,13133.3333,86450.0,1148
770,1148,13083.3333,86400.0,1147
771,1147,13083.3333,86400.0,1851
772,1851,13083.3333,86400.0,2537
773,2537,13050.0,86383.3333,2327
774,2327,13083.3333,86350.0,641
775,641,13116.6667,86333.3333,2041
776,2041,13133.3333,86300.0,2195
777,2195,13133.3333,86333.3333,1755
778,1755,13183.3333,86366.6667,2868
779,2868,13283.3333,86333.3333,2750
780,2750,13283.3333,86333.3333,768
781,768,13233.3333,86300.0,138
782,138,13233.3333,86300.0,2471
783,2471,13233.3333,86283.3333,997
784,997,13233.3333,86283.3333,1669
785,1669,13200.0,86233.3333,1016
786,1016,13200.0,86233.3333,1327
787,1327,13150.0,86233.3333,2192
788,2192,13116.6667,86216.6667,1572
789,1572,13100.0,86166.6667,17
790,17,13116.6667,86166.6667,3004
791,3004,13116.6667,86166.6667,2284
792,2284,13150.0,86183.3333,1939
793,1939,13150.0,86183.3333,396
794,396,13150.0,86183.3333,2972
795,2972,13183.3333,86166.6667,2007
796,2007,13183.3333,86166.6667,2452
797,2452,13216.6667,86183.3333,621
798,621,13216.6667,86116.6667,977
799,977,13200.0,86100.0,2597
800,2597,13216.6667,86050.0,1358
801,1358,13216.6667,86050.0,21
802,21,13183.3333,86033.3333,242
803,242,13150.0,86066.6667,832
804,832,13150.0,86066.6667,345
805,345,13150.0,86100.0,693
806,693,13133.3333,86100.0,971
807,971,13083.3333,86100.0,1565
808,1565,13066.6667,86133.3333,1462
809,1462,13066.6667,86133.3333,1604
810,1604,13033.3333,86166.6667,1104
811,1104,12950.0,86166.6667,812
812,812,12931.9444,86195.2778,443
813,443,12900.0,86200.0,2770
814,2770,12900.0,86233.3333,3136
815,3136,12900.0,86233.3333,939
816,939,12883.3333,86233.3333,2158
817,2158,12866.6667,86200.0,2621
818,2621,12866.6667,86200.0,2172
819,2172,12866.6667,86200.0,1737
820,1737,12838.6111,86217.5,940
821,940,12816.6667,86233.3333,1641
822,1641,12800.0,86266.6667,608
823,608,12816.6667,86283.3333,1578
824,1578,12833.3333,86266.6667,1430
825,1430,12850.0,86266.6667,1940
826,1940,12883.3333,86283.3333,2230
827,2230,12900.0,86283.3333,2641
828,2641,12900.0,86283.3333,1599
829,1599,12900.0,86316.6667,2834
830,2834,12916.6667,86316.6667,670
831,670,12933.0556,86348.6111,1654
832,1654,12966.6667,86366.6667,1917
833,1917,12966.6667,86333.3333,1802
834,1802,12983.3333,86316.6667,1744
835,1744,12983.3333,86300.0,2628
836,2628,12966.6667,86300.0,1695
837,1695,12933.3333,86266.6667,2811
838,2811,12950.0,86266.6667,1646
839,1646,12969.4444,86236.6667,220
840,220,12969.4444,86236.6667,1395
841,1395,13000.0,86250.0,3176
842,3176,13033.3333,86233.3333,2040
843,2040,13033.3333,86233.3333,3201
844,3201,13050.0,86250.0,3147
845,3147,13050.0,86250.0,2794
846,2794,13050.0,86250.0,1332
847,1332,13066.6667,86283.3333,2341
848,2341,13050.0,86283.3333,2681
849,2681,13050.0,86283.3333,2339
850,2339,13050.0,86283.3333,1529
851,1529,13050.0,86283.3333,1916
852,1916,13050.0,86300.0,1933
853,1933,13050.0,86300.0,1915
854,1915,13050.0,86300.0,1571
855,1571,13033.3333,86300.0,135
856,135,13016.6667,86316.6667,557
857,557,13016.6667,86316.6667,2572
858,2572,13016.6667,86333.3333,2328
859,2328,13016.6667,86350.0,1103
860,1103,13000.0,86400.0,1508
861,1508,12966.6667,86433.3333,1216
862,1216,12900.0,86400.0,1924
863,1924,12866.6667,86383.3333,567
864,567,12883.3333,86350.0,1510
865,1510,12866.6667,86333.3333,2592
866,2592,12833.3333,86350.0,2280
867,2280,12833.3333,86316.6667,2473
868,2473,12816.6667,86316.6667,604
869,604,12816.6667,86316.6667,2423
870,2423,12800.0,86300.0,3436
871,3436,12766.6667,86283.3333,1372
872,1372,12748.8889,86302.5,1926
873,1926,12748.8889,86302.5,1996
874,1996,12748.8889,86302.5,3251
875,3251,12733.3333,86316.6667,1256
876,1256,12766.6667,86350.0,2573
877,2573,12766.6667,86350.0,445
878,445,12801.1111,86370.5556,442
879,442,12801.1111,86370.5556,465
880,465,12800.0,86400.0,2720
881,2720,12833.3333,86400.0,2526
882,2526,12833.3333,86416.6667,1159
883,1159,12833.3333,86416.6667,330
884,330,12833.3333,86416.6667,3231
885,3231,12800.0,86433.3333,643
886,643,12783.3333,86433.3333,688
887,688,12783.3333,86483.3333,499
888,499,12766.6667,86533.3333,2276
889,2276,12750.0,86566.6667,2278
890,2278,12750.0,86566.6667,2659
891,2659,12750.0,86566.6667,2567
892,2567,12783.3333,86600.0,1117
893,1117,12750.0,86616.6667,93
894,93,12733.3333,86616.6667,2863
895,2863,12716.6667,86650.0,2053
896,2053,12683.3333,86633.3333,2171
897,2171,12683.3333,86600.0,1023
898,1023,12700.0,86566.6667,1814
899,1814,12674.4444,86570.8333,3138
900,3138,12666.6667,86583.3333,3122
901,3122,12666.6667,86583.3333,290
902,290,12616.6667,86616.6667,248
903,248,12616.6667,86616.6667,226
904,226,12616.6667,86616.6667,2415
905,2415,12566.6667,86600.0,3311
906,3311,12566.6667,86600.0,272
907,272,12566.6667,86600.0,1874
908,1874,12566.6667,86600.0,450
909,450,12550.0,86600.0,451
910,451,12516.6667,86616.6667,981
911,981,12500.0,86600.0,1682
912,1682,12516.6667,86600.0,1956
913,1956,12541.1111,86579.4444,3102
914,3102,12541.1111,86579.4444,569
915,569,12516.6667,86550.0,1460
916,1460,12516.6667,86533.3333,894
917,894,12533.3333,86550.0,3314
918,3314,12544.4444,86546.6667,294
919,294,12544.4444,86546.6667,516
920,516,12566.6667,86533.3333,3114
921,3114,12583.3333,86516.6667,2680
922,2680,12583.3333,86516.6667,3489
923,3489,12586.6667,86505.5556,528
924,528,12600.0,86500.0,3118
925,3118,12616.6667,86533.3333,886
926,886,12616.6667,86533.3333,2751
927,2751,12600.0,86550.0,3116
928,3116,12600.0,86550.0,3488
929,3488,12613.0556,86557.2222,3104
930,3104,12632.2222,86543.6111,3486
931,3486,12632.2222,86543.6111,3487
932,3487,12632.2222,86543.6111,2048
933,2048,12632.2222,86543.6111,424
934,424,12650.0,86533.3333,2178
935,2178,12666.6667,86533.3333,1532
936,1532,12683.3333,86516.6667,1663
937,1663,12683.3333,86483.3333,1887
938,1887,12700.0,86516.6667,446
939,446,12716.6667,86516.6667,2063
940,2063,12733.3333,86516.6667,2942
941,2942,12733.3333,86483.3333,3196
942,3196,12733.3333,86450.0,910
943,910,12750.0,86450.0,2759
944,2759,12750.0,86416.6667,2657
945,2657,12750.0,86400.0,3481
946,3481,12727.2222,86380.8333,2633
947,2633,12727.2222,86380.8333,2177
948,2177,12727.2222,86380.8333,2174
949,2174,12727.2222,86380.8333,1925
950,1925,12727.2222,86380.8333,273
951,273,12683.3333,86350.0,2393
952,2393,12700.0,86316.6667,2771
953,2771,12716.6667,86300.0,2773
954,2773,12716.6667,86300.0,3134
955,3134,12716.6667,86300.0,3137
956,3137,12716.6667,86300.0,2835
957,2835,12700.0,86283.3333,3449
958,3449,12666.6667,86283.3333,3123
959,3123,12650.0,86283.3333,672
960,672,12616.6667,86300.0,2579
961,2579,12583.3333,86300.0,3112
962,3112,12566.6667,86316.6667,2615
963,2615,12566.6667,86316.6667,1639
964,1639,12566.6667,86316.6667,904
965,904,12566.6667,86283.3333,141
966,141,12516.6667,86283.3333,331
967,331,12500.0,86233.3333,795
968,795,12533.6111,86227.7778,3079
969,3079,12533.6111,86227.7778,287
970,287,12550.0,86216.6667,286
971,286,12550.0,86216.6667,131
972,131,12550.0,86216.6667,3091
973,3091,12566.6667,86183.3333,1647
974,1647,12566.6667,86183.3333,1637
975,1637,12566.6667,86216.6667,1024
976,1024,12600.0,86233.3333,1670
977,1670,12600.0,86233.3333,3092
978,3092,12600.0,86233.3333,2584
979,2584,12616.6667,86233.3333,1290
980,1290,12616.6667,86233.3333,3247
981,3247,12633.3333,86233.3333,3242
982,3242,12633.3333,86233.3333,172
983,172,12633.3333,86233.3333,3113
984,3113,12633.3333,86250.0,2651
985,2651,12633.3333,86250.0,2259
986,2259,12633.3333,86250.0,2258
987,2258,12633.3333,86250.0,219
988,219,12666.6667,86233.3333,175
989,175,12666.6667,86233.3333,165
990,165,12650.0,86200.0,171
991,171,12666.6667,86183.3333,1444
992,1444,12683.3333,86200.0,2714
993,2714,12683.3333,86216.6667,866
994,866,12716.6667,86233.3333,2589
995,2589,12733.3333,86250.0,1795
996,1795,12733.3333,86216.6667,3124
997,3124,12733.3333,86216.6667,2647
998,2647,12766.6667,86200.0,1841
999,1841,12750.0,86183.3333,1825
1000,1825,12733.3333,86183.3333,225
1001,225,12700.0,86150.0,224
1002,224,12700.0,86150.0,2003
1003,2003,12700.0,86150.0,488
1004,488,12666.6667,86150.0,3093
1005,3093,12628.8889,86135.5556,1701
1006,1701,12628.8889,86135.5556,328
1007,328,12600.0,86150.0,3075
1008,3075,12600.0,86150.0,1745
1009,1745,12583.3333,86133.3333,3095
1010,3095,12583.3333,86133.3333,3106
1011,3106,12583.3333,86100.0,2414
1012,2414,12583.3333,86100.0,1080
1013,1080,12601.3889,86042.7778,3458
1014,3458,12612.5,86006.3889,3459
1015,3459,12634.7222,86012.5,1681
1016,1681,12633.3333,86016.6667,162
1017,162,12650.0,86033.3333,560
1018,560,12666.6667,86050.0,2779
1019,2779,12633.3333,86066.6667,3140
1020,3140,12633.3333,86066.6667,143
1021,143,12650.0,86100.0,1544
1022,1544,12669.1667,86091.1111,1803
1023,1803,12669.1667,86091.1111,1804
1024,1804,12669.1667,86091.1111,3480
1025,3480,12669.1667,86091.1111,3197
1026,3197,12669.1667,86091.1111,1741
1027,1741,12700.0,86100.0,2426
1028,2426,12716.6667,86116.6667,1378
1029,1378,12730.5556,86125.0,3026
1030,3026,12730.5556,86125.0,2897
1031,2897,12730.5556,86125.0,1636
1032,1636,12750.0,86133.3333,2625
1033,2625,12766.6667,86133.3333,2360
1034,2360,12775.5556,86147.7778,2882
1035,2882,12797.7778,86146.3889,1045
1036,1045,12816.6667,86183.3333,2539
1037,2539,12833.3333,86166.6667,1195
1038,1195,12866.6667,86150.0,661
1039,661,12900.0,86116.6667,2011
1040,2011,12900.0,86116.6667,257
1041,257,12866.6667,86116.6667,1004
1042,1004,12850.0,86116.6667,382
1043,382,12851.1111,86099.4444,381
1044,381,12850.0,86100.0,514
1045,514,12816.6667,86116.6667,3381
1046,3381,12800.0,86100.0,1923
1047,1923,12766.6667,86100.0,3162
1048,3162,12794.7222,86079.1667,3469
1049,3469,12825.5556,86053.0556,3467
1050,3467,12805.8333,86034.7222,3464
1051,3464,12775.8333,86030.5556,3047
1052,3047,12766.6667,86033.3333,3051
1053,3051,12766.6667,86033.3333,2813
1054,2813,12783.3333,86016.6667,3202
1055,3202,12783.3333,86016.6667,3463
1056,3463,12772.5,86009.1667,3190
1057,3190,12783.3333,86000.0,3154
1058,3154,12783.3333,86000.0,3465
1059,3465,12801.1111,86008.3333,3466
1060,3466,12823.0556,86020.0,2244
1061,2244,12833.3333,86033.3333,558
1062,558,12866.6667,86016.6667,2153
1063,2153,12866.6667,85983.3333,2154
1064,2154,12866.6667,85983.3333,3282
1065,3282,12850.0,85966.6667,2831
1066,2831,12850.0,85966.6667,3283
1067,3283,12850.0,85966.6667,2841
1068,2841,12833.3333,85950.0,2796
1069,2796,12816.6667,85983.3333,2578
1070,2578,12800.0,85966.6667,2474
1071,2474,12783.3333,85966.6667,3386
1072,3386,12783.3333,85950.0,1844
1073,1844,12783.3333,85950.0,1213
1074,1213,12783.3333,85950.0,1177
1075,1177,12783.3333,85950.0,1140
1076,1140,12783.3333,85950.0,1406
1077,1406,12800.0,85916.6667,1403
1078,1403,12800.0,85916.6667,1401
1079,1401,12800.0,85916.6667,2726
1080,2726,12783.3333,85900.0,2359
1081,2359,12800.0,85883.3333,341
1082,341,12816.6667,85850.0,2629
1083,2629,12816.6667,85850.0,1156
1084,1156,12833.3333,85883.3333,1157
1085,1157,12833.3333,85883.3333,947
1086,947,12866.6667,85866.6667,949
1087,949,12866.6667,85866.6667,464
1088,464,12883.3333,85883.3333,510
1089,510,12866.6667,85900.0,1905
1090,1905,12850.0,85900.0,1969
1091,1969,12833.3333,85916.6667,2574
1092,2574,12850.0,85933.3333,2152
1093,2152,12866.6667,85933.3333,2438
1094,2438,12900.0,85916.6667,1408
1095,1408,12916.6667,85916.6667,1661
1096,1661,12916.6667,85950.0,68
1097,68,12916.6667,85966.6667,60
1098,60,12916.6667,85966.6667,59
1099,59,12916.6667,85966.6667,1580
1100,1580,12900.0,85966.6667,25
1101,25,12900.0,85983.3333,291
1102,291,12933.3333,85983.3333,2500
1103,2500,12916.6667,86016.6667,1049
1104,1049,12912.7778,86025.8333,1044
1105,1044,12912.7778,86025.8333,2117
1106,2117,12916.6667,86033.3333,3468
1107,3468,12902.5,86059.1667,1537
1108,1537,12884.7222,86055.2778,3049
1109,3049,12885.5556,86081.9444,3046
1110,3046,12885.5556,86081.9444,3391
1111,3391,12916.6667,86066.6667,3471
1112,3471,12935.8333,86073.3333,770
1113,770,12950.0,86050.0,3470
1114,3470,12942.5,86014.7222,2575
1115,2575,12966.6667,86000.0,3473
1116,3473,12971.6667,86002.5,3474
1117,3474,12993.0556,86001.9444,1402
1118,1402,13000.0,86016.6667,1405
1119,1405,13000.0,86016.6667,1288
1120,1288,12992.7778,86030.2778,2582
1121,2582,12992.7778,86030.2778,3472
1122,3472,12979.4444,86029.4444,2004
1123,2004,12970.2778,86045.5556,2959
1124,2959,12970.2778,86045.5556,2513
1125,2513,12966.6667,86066.6667,1337
1126,1337,12983.3333,86083.3333,3475
1127,3475,13000.0,86070.5556,2163
1128,2163,13016.6667,86066.6667,1973
1129,1973,13016.6667,86083.3333,1540
1130,1540,13033.3333,86083.3333,31
1131,31,13050.0,86050.0,1530
1132,1530,13050.0,86033.3333,1379
1133,1379,13083.3333,86033.3333,1711
1134,1711,13083.3333,86033.3333,2605
1135,2605,13116.6667,86016.6667,2564
1136,2564,13133.3333,85983.3333,2170
1137,2170,13100.0,86000.0,153
1138,153,13066.6667,86000.0,254
1139,254,13066.6667,86000.0,292
1140,292,13066.6667,86000.0,2229
1141,2229,13033.3333,86000.0,2640
1142,2640,13033.3333,86000.0,236
1143,236,13016.6667,85983.3333,316
1144,316,13016.6667,85983.3333,2421
1145,2421,13016.6667,85983.3333,3392
1146,3392,13000.0,85966.6667,1155
1147,1155,12966.6667,85950.0,1577
1148,1577,12950.0,85933.3333,1573
1149,1573,12950.0,85933.3333,1355
1150,1355,12966.6667,85916.6667,1356
1151,1356,12966.6667,85916.6667,1178
1152,1178,13000.0,85933.3333,596
1153,596,13000.0,85933.3333,2852
1154,2852,13016.6667,85916.6667,1877
1155,1877,13066.6667,85900.0,1102
1156,1102,13066.6667,85916.6667,1954
1157,1954,13066.6667,85916.6667,2313
1158,2313,13066.6667,85916.6667,2314
1159,2314,13066.6667,85916.6667,1801
1160,1801,13100.0,85916.6667,2044
1161,2044,13100.0,85916.6667,3186
1162,3186,13100.0,85916.6667,180
1163,180,13133.3333,85933.3333,2896
1164,2896,13133.3333,85933.3333,999
1165,999,13166.6667,85950.0,150
1166,150,13166.6667,85950.0,1086
1167,1086,13183.3333,85916.6667,2908
1168,2908,13183.3333,85916.6667,2909
1169,2909,13183.3333,85916.6667,639
1170,639,13183.3333,85916.6667,865
1171,865,13200.0,85916.6667,487
1172,487,13166.6667,85850.0,480
1173,480,13166.6667,85850.0,2494
1174,2494,13116.6667,85816.6667,1789
1175,1789,13150.0,85750.0,3139
1176,3139,13166.6667,85716.6667,3144
1177,3144,13166.6667,85716.6667,916
1178,916,13250.0,85833.3333,912
1179,912,13266.6667,85833.3333,1623
1180,1623,13300.0,85850.0,94
1181,94,13300.0,85850.0,2342
1182,2342,13233.3333,85883.3333,1975
1183,1975,13233.3333,85883.3333,3359
1184,3359,13250.0,85900.0,239
1185,239,13233.3333,85933.3333,2982
1186,2982,13233.3333,85933.3333,240
1187,240,13233.3333,85933.3333,1426
1188,1426,13233.3333,85966.6667,149
1189,149,13233.3333,85966.6667,532
1190,532,13266.6667,86050.0,1748
1191,1748,13300.0,86083.3333,1568
1192,1568,13333.3333,86050.0,485
1193,485,13333.3333,86050.0,1657
1194,1657,13366.6667,86083.3333,128
1195,128,13366.6667,86083.3333,1550
1196,1550,13333.3333,86116.6667,2947
1197,2947,13316.6667,86150.0,2716
1198,2716,13316.6667,86150.0,28
1199,28,13300.0,86183.3333,599
1200,599,13300.0,86183.3333,1048
1201,1048,13283.3333,86216.6667,1047
1202,1047,13283.3333,86216.6667,1042
1203,1042,13283.3333,86216.6667,2267
1204,2267,13300.0,86266.6667,158
1205,158,13300.0,86266.6667,211
1206,211,13316.6667,86250.0,2392
1207,2392,13316.6667,86250.0,3010
1208,3010,13350.0,86266.6667,2165
1209,2165,13350.0,86266.6667,2157
1210,2157,13350.0,86266.6667,169
1211,169,13350.0,86266.6667,2311
1212,2311,13366.6667,86200.0,2672
1213,2672,13366.6667,86200.0,1455
1214,1455,13416.6667,86116.6667,2264
1215,2264,13416.6667,86116.6667,2286
1216,2286,13416.6667,86116.6667,2287
1217,2287,13416.6667,86116.6667,1820
1218,1820,13416.6667,86050.0,1671
1219,1671,13433.3333,85933.3333,556
1220,556,13450.0,85916.6667,1630
1221,1630,13483.3333,85916.6667,1629
1222,1629,13483.3333,85916.6667,3281
1223,3281,13483.3333,85916.6667,1429
1224,1429,13516.6667,85950.0,2285
1225,2285,13516.6667,85950.0,3297
1226,3297,13533.3333,85916.6667,907
1227,907,13533.3333,85916.6667,2363
1228,2363,13550.0,85783.3333,2132
1229,2132,13550.0,85783.3333,2266
1230,2266,13616.6667,85833.3333,2262
1231,2262,13616.6667,85833.3333,47
1232,47,13616.6667,85833.3333,1904
1233,1904,13616.6667,85950.0,1035
1234,1035,13566.6667,86033.3333,3228
1235,3228,13533.3333,86066.6667,1784
1236,1784,13600.0,86083.3333,5
1237,5,13616.6667,86050.0,4
1238,4,13616.6667,86050.0,2
1239,2,13616.6667,86050.0,2361
1240,2361,13616.6667,86050.0,1615
1241,1615,13616.6667,86050.0,585
1242,585,13650.0,86033.3333,2175
1243,2175,13650.0,86083.3333,1788
1244,1788,13666.6667,86116.6667,2974
1245,2974,13666.6667,86116.6667,943
1246,943,13700.0,86100.0,974
1247,974,13733.3333,86116.6667,973
1248,973,13733.3333,86116.6667,146
1249,146,13733.3333,86116.6667,145
1250,145,13733.3333,86116.6667,3023
1251,3023,13716.6667,86133.3333,2627
1252,2627,13716.6667,86133.3333,2173
1253,2173,13716.6667,86133.3333,975
1254,975,13700.0,86150.0,137
1255,137,13700.0,86150.0,342
1256,342,13666.6667,86166.6667,343
1257,343,13666.6667,86166.6667,1920
1258,1920,13650.0,86183.3333,2183
1259,2183,13650.0,86183.3333,2150
1260,2150,13650.0,86183.3333,2209
1261,2209,13650.0,86150.0,89
1262,89,13633.3333,86133.3333,1656
1263,1656,13633.3333,86133.3333,2839
1264,2839,13566.6667,86166.6667,3332
1265,3332,13566.6667,86166.6667,728
1266,728,13550.0,86166.6667,729
1267,729,13550.0,86166.6667,733
1268,733,13550.0,86166.6667,741
1269,741,13550.0,86166.6667,1038
1270,1038,13483.3333,86200.0,937
1271,937,13450.0,86283.3333,144
1272,144,13450.0,86283.3333,1839
1273,1839,13450.0,86333.3333,1128
1274,1128,13450.0,86333.3333,156
1275,156,13450.0,86333.3333,1590
1276,1590,13516.6667,86333.3333,2609
1277,2609,13516.6667,86333.3333,763
1278,763,13566.6667,86350.0,3400
1279,3400,13566.6667,86350.0,288
1280,288,13533.3333,86283.3333,553
1281,553,13566.6667,86233.3333,408
1282,408,13566.6667,86233.3333,2792
1283,2792,13583.3333,86233.3333,3143
1284,3143,13583.3333,86233.3333,140
1285,140,13583.3333,86283.3333,845
1286,845,13583.3333,86283.3333,3027
1287,3027,13633.3333,86316.6667,3370
1288,3370,13683.3333,86316.6667,2850
1289,2850,13683.3333,86316.6667,859
1290,859,13683.3333,86316.6667,566
1291,566,13700.0,86250.0,3393
1292,3393,13683.3333,86233.3333,578
1293,578,13816.6667,86200.0,168
1294,168,13833.3333,86200.0,1589
1295,1589,13833.3333,86200.0,1054
1296,1054,13816.6667,86183.3333,1477
1297,1477,13816.6667,86183.3333,1055
1298,1055,13816.6667,86183.3333,1658
1299,1658,13833.3333,86133.3333,555
1300,555,13833.3333,86133.3333,303
1301,303,13883.3333,86133.3333,2184
1302,2184,13916.6667,86133.3333,3034
1303,3034,13950.0,86116.6667,230
1304,230,14066.6667,86083.3333,228
1305,228,14066.6667,86083.3333,229
1306,229,14066.6667,86083.3333,279
1307,279,14050.0,86066.6667,280
1308,280,14050.0,86066.6667,370
1309,370,13866.6667,86016.6667,2445
1310,2445,13866.6667,86016.6667,1522
1311,1522,13833.3333,86050.0,2356
1312,2356,13833.3333,86050.0,731
1313,731,13766.6667,86016.6667,740
1314,740,13766.6667,86016.6667,1312
1315,1312,13766.6667,86016.6667,2970
1316,2970,13800.0,85866.6667,181
1317,181,13800.0,85866.6667,76
1318,76,13866.6667,85733.3333,2607
1319,2607,13700.0,85683.3333,762
1320,762,13533.3333,85533.3333,1185
1321,1185,13366.6667,85683.3333,1183
1322,1183,13366.6667,85683.3333,2822
1323,2822,13266.6667,85516.6667,544
1324,544,13266.6667,85516.6667,67
1325,67,13233.3333,85383.3333,104
1326,104,13200.0,85250.0,1767
1327,1767,13250.0,85250.0,2187
1328,2187,13416.6667,85266.6667,2911
1329,2911,13433.3333,85250.0,3069
1330,3069,13433.3333,85250.0,1060
1331,1060,13516.6667,85250.0,3344
1332,3344,13783.3333,85400.0,3347
1333,3347,13783.3333,85400.0,3374
1334,3374,13783.3333,85400.0,2263
1335,2263,14066.6667,85300.0,50
1336,50,14066.6667,85300.0,37
1337,37,14066.6667,85300.0,1897
1338,1897,14133.3333,85450.0,30
1339,30,14133.3333,85466.6667,1127
1340,1127,14150.0,85433.3333,340
1341,340,14183.3333,85400.0,3348
1342,3348,14200.0,85383.3333,1254
1343,1254,14166.6667,85266.6667,3369
1344,3369,14200.0,85183.3333,3417
1345,3417,14250.0,85116.6667,462
1346,462,14283.3333,85183.3333,2128
1347,2128,14283.3333,85216.6667,3356
1348,3356,14283.3333,85250.0,1201
1349,1201,14283.3333,85250.0,1202
1350,1202,14300.0,85166.6667,1076
1351,1076,14316.6667,85166.6667,3258
1352,3258,14316.6667,85166.6667,2095
1353,2095,14350.0,85183.3333,55
1354,55,14366.6667,85200.0,1316
1355,1316,14366.6667,85216.6667,190
1356,190,14383.3333,85200.0,2197
1357,2197,14466.6667,85183.3333,1315
1358,1315,14466.6667,85166.6667,84
1359,84,14533.3333,85083.3333,3376
1360,3376,14500.0,85000.0,54
1361,54,14566.6667,85000.0,1028
1362,1028,14583.3333,85033.3333,372
1363,372,14733.3333,85000.0,373
1364,373,14733.3333,85000.0,374
1365,374,14733.3333,85000.0,3396
1366,3396,14766.6667,84933.3333,3135
1367,3135,14800.0,84783.3333,512
1368,512,14766.6667,84766.6667,3365
1369,3365,14733.3333,84750.0,3368
1370,3368,14733.3333,84750.0,3366
1371,3366,14733.3333,84750.0,2115
1372,2115,14700.0,84750.0,2114
1373,2114,14700.0,84750.0,444
1374,444,14700.0,84733.3333,3011
1375,3011,14600.0,84750.0,3012
1376,3012,14600.0,84750.0,193
1377,193,14650.0,84700.0,192
1378,192,14650.0,84700.0,3416
1379,3416,14666.6667,84700.0,893
1380,893,14666.6667,84700.0,892
1381,892,14666.6667,84700.0,388
1382,388,14683.3333,84683.3333,2330
1383,2330,14666.6667,84650.0,868
1384,868,14666.6667,84650.0,826
1385,826,14633.3333,84650.0,602
1386,602,14633.3333,84650.0,2131
1387,2131,14650.0,84600.0,2127
1388,2127,14650.0,84600.0,210
1389,210,14650.0,84566.6667,2134
1390,2134,14650.0,84550.0,1150
1391,1150,14633.3333,84550.0,1286
1392,1286,14633.3333,84533.3333,348
1393,348,14616.6667,84500.0,1121
1394,1121,14616.6667,84466.6667,46
1395,46,14616.6667,84466.6667,1210
1396,1210,14666.6667,84400.0,1974
1397,1974,14666.6667,84400.0,2739
1398,2739,14600.0,84433.3333,3016
1399,3016,14600.0,84433.3333,2120
1400,2120,14566.6667,84433.3333,2121
1401,2121,14566.6667,84433.3333,1311
1402,1311,14433.3333,84483.3333,3256
1403,3256,14016.6667,84583.3333,3257
1404,3257,14016.6667,84583.3333,3438
1405,3438,13966.6667,84516.6667,2315
1406,2315,13966.6667,84416.6667,989
1407,989,13883.3333,84400.0,1816
1408,1816,13883.3333,84400.0,376
1409,376,13866.6667,84516.6667,2968
1410,2968,13883.3333,84566.6667,2005
1411,2005,13883.3333,84566.6667,2701
1412,2701,13850.0,84566.6667,2451
1413,2451,13850.0,84600.0,2700
1414,2700,13833.3333,84633.3333,2823
1415,2823,13966.6667,84683.3333,63
1416,63,13800.0,84883.3333,62
1417,62,13800.0,84883.3333,2793
1418,2793,13716.6667,84933.3333,2900
1419,2900,13683.3333,84950.0,2901
1420,2901,13683.3333,84950.0,3422
1421,3422,13650.0,84950.0,1817
1422,1817,13650.0,85016.6667,2059
1423,2059,13566.6667,84933.3333,1640
1424,1640,13516.6667,84900.0,1584
1425,1584,13383.3333,84966.6667,157
1426,157,13400.0,84900.0,2104
1427,2104,13400.0,84900.0,2105
1428,2105,13466.6667,84783.3333,2926
1429,2926,13466.6667,84783.3333,2103
1430,2103,13466.6667,84783.3333,335
1431,335,13583.3333,84783.3333,1806
1432,1806,13616.6667,84800.0,184
1433,184,13650.0,84833.3333,2224
1434,2224,13650.0,84833.3333,3401
1435,3401,13650.0,84833.3333,88
1436,88,13650.0,84833.3333,66
1437,66,13666.6667,84866.6667,38
1438,38,13700.0,84850.0,39
1439,39,13700.0,84850.0,2218
1440,2218,13700.0,84850.0,73
1441,73,13700.0,84850.0,75
1442,75,13700.0,84850.0,1902
1443,1902,13733.3333,84783.3333,1903
1444,1903,13733.3333,84783.3333,1907
1445,1907,13733.3333,84783.3333,1371
1446,1371,13733.3333,84783.3333,346
1447,346,13733.3333,84766.6667,360
1448,360,13733.3333,84766.6667,1448
1449,1448,13683.3333,84616.6667,2965
1450,2965,13683.3333,84566.6667,3337
1451,3337,13700.0,84550.0,2694
1452,2694,13666.6667,84450.0,1223
1453,1223,13600.0,84350.0,915
1454,915,13316.6667,84450.0,2188
1455,2188,13316.6667,84433.3333,205
1456,205,13316.6667,84433.3333,2505
1457,2505,13333.3333,84366.6667,2877
1458,2877,13416.6667,84250.0,308
1459,308,13416.6667,84250.0,305
1460,305,13416.6667,84250.0,2222
1461,2222,13450.0,84266.6667,2220
1462,2220,13450.0,84266.6667,82
1463,82,13450.0,84266.6667,80
1464,80,13450.0,84266.6667,78
1465,78,13450.0,84266.6667,42
1466,42,13450.0,84266.6667,2365
1467,2365,13483.3333,84216.6667,3424
1468,3424,13500.0,84216.6667,3426
1469,3426,13500.0,84216.6667,3427
1470,3427,13500.0,84216.6667,1141
1471,1141,13483.3333,84166.6667,1142
1472,1142,13483.3333,84166.6667,2093
1473,2093,13466.6667,84166.6667,2123
1474,2123,13466.6667,84166.6667,1597
1475,1597,13483.3333,84083.3333,1596
1476,1596,13483.3333,84083.3333,1595
1477,1595,13483.3333,84083.3333,3285
1478,3285,13433.3333,83933.3333,2147
1479,2147,13616.6667,84016.6667,35
1480,35,13600.0,83916.6667,339
1481,339,13600.0,83916.6667,1620
1482,1620,13666.6667,83700.0,1619
1483,1619,13666.6667,83700.0,1618
1484,1618,13666.6667,83700.0,2099
1485,2099,13700.0,83700.0,2102
1486,2102,13700.0,83700.0,2929
1487,2929,13700.0,83700.0,2922
1488,2922,13700.0,83700.0,2108
1489,2108,13700.0,83700.0,2107
1490,2107,13700.0,83700.0,2098
1491,2098,13700.0,83700.0,2190
1492,2190,13800.0,83750.0,2189
1493,2189,13800.0,83750.0,1869
1494,1869,13866.6667,83766.6667,2119
1495,2119,13966.6667,83633.3333,2106
1496,2106,13966.6667,83633.3333,19
1497,19,14066.6667,83583.3333,85
1498,85,14083.3333,83583.3333,3364
1499,3364,14100.0,83550.0,3363
1500,3363,14100.0,83550.0,2903
1501,2903,14050.0,83516.6667,1451
1502,1451,14050.0,83483.3333,1621
1503,1621,14050.0,83483.3333,2145
1504,2145,14083.3333,83416.6667,2144
1505,2144,14083.3333,83416.6667,320
1506,320,14083.3333,83416.6667,18
1507,18,14116.6667,83450.0,3214
1508,3214,14150.0,83466.6667,3213
1509,3213,14150.0,83466.6667,3211
1510,3211,14183.3333,83550.0,3210
1511,3210,14183.3333,83550.0,2110
1512,2110,14216.6667,83516.6667,1251
1513,1251,14216.6667,83516.6667,1250
1514,1250,14216.6667,83516.6667,1050
1515,1050,14216.6667,83516.6667,364
1516,364,14266.6667,83550.0,367
1517,367,14266.6667,83550.0,3351
1518,3351,14300.0,83600.0,481
1519,481,14300.0,83633.3333,3349
1520,3349,14300.0,83650.0,668
1521,668,14266.6667,83666.6667,379
1522,379,14200.0,83633.3333,195
1523,195,14150.0,83616.6667,1423
1524,1423,14100.0,83633.3333,1422
1525,1422,14100.0,83633.3333,2939
1526,2939,14116.6667,83650.0,2938
1527,2938,14116.6667,83650.0,2937
1528,2937,14116.6667,83650.0,34
1529,34,14166.6667,83816.6667,3070
1530,3070,14116.6667,83950.0,2921
1531,2921,14116.6667,83950.0,1374
1532,1374,14116.6667,83950.0,1367
1533,1367,14116.6667,83950.0,3345
1534,3345,14366.6667,83950.0,3354
1535,3354,14366.6667,83950.0,1449
1536,1449,14383.3333,83883.3333,1450
1537,1450,14383.3333,83883.3333,3259
1538,3259,14400.0,83883.3333,3265
1539,3265,14400.0,83883.3333,3013
1540,3013,14450.0,83916.6667,2091
1541,2091,14483.3333,83916.6667,2905
1542,2905,14483.3333,83916.6667,2906
1543,2906,14483.3333,83916.6667,293
1544,293,14483.3333,83983.3333,2143
1545,2143,14483.3333,83983.3333,358
1546,358,14616.6667,83933.3333,1376
1547,1376,14550.0,84116.6667,1645
1548,1645,14550.0,84116.6667,304
1549,304,14500.0,84150.0,531
1550,531,14650.0,84300.0,49
1551,49,14683.3333,84250.0,2777
1552,2777,14733.3333,84250.0,801
1553,801,14700.0,84200.0,3212
1554,3212,14716.6667,84150.0,3217
1555,3217,14716.6667,84150.0,584
1556,584,14766.6667,84100.0,1930
1557,1930,14750.0,84083.3333,702
1558,702,14750.0,84083.3333,1610
1559,1610,14733.3333,84083.3333,525
1560,525,14716.6667,84083.3333,3218
1561,3218,14716.6667,84083.3333,2130
1562,2130,14733.3333,84016.6667,1031
1563,1031,14733.3333,84016.6667,2129
1564,2129,14733.3333,84016.6667,2214
1565,2214,14733.3333,83966.6667,65
1566,65,14733.3333,83966.6667,64
1567,64,14733.3333,83966.6667,194
1568,194,14750.0,83950.0,389
1569,389,14750.0,83916.6667,3279
1570,3279,14750.0,83883.3333,3278
1571,3278,14750.0,83883.3333,3277
1572,3277,14750.0,83883.3333,3276
1573,3276,14750.0,83883.3333,3274
1574,3274,14750.0,83883.3333,3273
1575,3273,14750.0,83883.3333,2136
1576,2136,14750.0,83883.3333,2122
1577,2122,14766.6667,83850.0,970
1578,970,14766.6667,83850.0,962
1579,962,14766.6667,83850.0,196
1580,196,14766.6667,83833.3333,3340
1581,3340,14783.3333,83816.6667,3296
1582,3296,14783.3333,83816.6667,199
1583,199,14800.0,83816.6667,201
1584,201,14800.0,83816.6667,202
1585,202,14816.6667,83783.3333,200
1586,200,14816.6667,83783.3333,216
1587,216,14783.3333,83783.3333,232
1588,232,14750.0,83766.6667,217
1589,217,14800.0,83750.0,2215
1590,2215,14800.0,83733.3333,70
1591,70,14800.0,83733.3333,69
1592,69,14800.0,83733.3333,61
1593,61,14800.0,83733.3333,2966
1594,2966,14816.6667,83716.6667,2920
1595,2920,14816.6667,83716.6667,2097
1596,2097,14816.6667,83716.6667,1037
1597,1037,14883.3333,83700.0,2126
1598,2126,14883.3333,83700.0,3022
1599,3022,14883.3333,83700.0,1036
1600,1036,14883.3333,83700.0,1021
1601,1021,14866.6667,83683.3333,1020
1602,1020,14866.6667,83683.3333,3399
1603,3399,14883.3333,83633.3333,3397
1604,3397,14883.3333,83633.3333,1247
1605,1247,14883.3333,83633.3333,964
1606,964,14883.3333,83616.6667,383
1607,383,14883.3333,83616.6667,3021
1608,3021,14900.0,83600.0,2125
1609,2125,14900.0,83600.0,2124
1610,2124,14900.0,83600.0,3255
1611,3255,14916.6667,83600.0,3254
1612,3254,14916.6667,83600.0,3215
1613,3215,14916.6667,83600.0,967
1614,967,14916.6667,83566.6667,385
1615,385,14916.6667,83566.6667,965
1616,965,14916.6667,83566.6667,3350
1617,3350,14933.3333,83550.0,1281
1618,1281,14950.0,83533.3333,375
1619,375,14950.0,83533.3333,197
1620,197,14950.0,83533.3333,1583
1621,1583,14966.6667,83533.3333,1582
1622,1582,14966.6667,83533.3333,186
1623,186,14983.3333,83533.3333,988
1624,988,14983.3333,83516.6667,270
1625,270,14983.3333,83466.6667,1136
1626,1136,14983.3333,83450.0,1581
1627,1581,15000.0,83400.0,1001
1628,1001,15000.0,83350.0,2504
1629,2504,14983.3333,83200.0,1077
1630,1077,14983.3333,83166.6667,3025
1631,3025,14983.3333,83166.6667,3206
1632,3206,14983.3333,83166.6667,3208
1633,3208,14983.3333,83166.6667,3445
1634,3445,14983.3333,83166.6667,3205
1635,3205,14933.3333,83250.0,3204
1636,3204,14933.3333,83250.0,2116
1637,2116,14750.0,83416.6667,3272
1638,3272,14750.0,83416.6667,3271
1639,3271,14750.0,83416.6667,2094
1640,2094,14566.6667,83500.0,52
1641,52,14566.6667,83616.6667,3180
1642,3180,14566.6667,83616.6667,3181
1643,3181,14566.6667,83616.6667,3227
1644,3227,14650.0,83650.0,233
1645,233,14550.0,83716.6667,48
1646,48,14400.0,83783.3333,3362
1647,3362,14400.0,83783.3333,359
1648,359,14333.3333,83800.0,3125
1649,3125,14366.6667,83650.0,72
1650,72,14366.6667,83566.6667,363
1651,363,14283.3333,83483.3333,214
1652,214,14316.6667,83433.3333,207
1653,207,14316.6667,83400.0,1233
1654,1233,14383.3333,83300.0,2217
1655,2217,14450.0,83316.6667,1279
1656,1279,14450.0,83316.6667,87
1657,87,14450.0,83316.6667,86
1658,86,14450.0,83316.6667,53
1659,53,14450.0,83316.6667,2301
1660,2301,14450.0,83283.3333,2296
1661,2296,14450.0,83283.3333,300
1662,300,14466.6667,83283.3333,1277
1663,1277,14466.6667,83283.3333,1278
1664,1278,14466.6667,83283.3333,2135
1665,2135,14466.6667,83283.3333,188
1666,188,14483.3333,83283.3333,1611
1667,1611,14466.6667,83266.6667,1603
1668,1603,14466.6667,83266.6667,1602
1669,1602,14466.6667,83266.6667,1612
1670,1612,14466.6667,83266.6667,2902
1671,2902,14400.0,83216.6667,2904
1672,2904,14400.0,83216.6667,3355
1673,3355,14300.0,83216.6667,3346
1674,3346,14300.0,83216.6667,2944
1675,2944,14166.6667,83316.6667,2112
1676,2112,14166.6667,83316.6667,2111
1677,2111,14166.6667,83316.6667,215
1678,215,14100.0,83333.3333,198
1679,198,14100.0,83333.3333,3249
1680,3249,14033.3333,83383.3333,1078
1681,1078,14033.3333,83383.3333,1447
1682,1447,14016.6667,83416.6667,1893
1683,1893,14016.6667,83416.6667,1896
1684,1896,14016.6667,83416.6667,1901
1685,1901,14016.6667,83416.6667,1446
1686,1446,14016.6667,83416.6667,2138
1687,2138,13916.6667,83483.3333,3146
1688,3146,13916.6667,83483.3333,2227
1689,2227,13883.3333,83466.6667,58
1690,58,13883.3333,83466.6667,1002
1691,1002,13883.3333,83466.6667,2226
1692,2226,13883.3333,83466.6667,3323
1693,3323,13883.3333,83466.6667,2191
1694,2191,13866.6667,83583.3333,3014
1695,3014,13700.0,83516.6667,2231
1696,2231,13700.0,83516.6667,2216
1697,2216,13550.0,83533.3333,2213
1698,2213,13550.0,83533.3333,45
1699,45,13550.0,83533.3333,44
1700,44,13550.0,83533.3333,36
1701,36,13550.0,83533.3333,77
1702,77,13466.6667,83550.0,79
1703,79,13466.6667,83550.0,81
1704,81,13466.6667,83550.0,2219
1705,2219,13466.6667,83550.0,2221
1706,2221,13466.6667,83550.0,40
1707,40,13466.6667,83550.0,41
1708,41,13466.6667,83550.0,3372
1709,3372,13400.0,83583.3333,1097
1710,1097,13400.0,83566.6667,1096
1711,1096,13400.0,83566.6667,1094
1712,1094,13400.0,83566.6667,384
1713,384,13400.0,83566.6667,333
1714,333,13383.3333,83566.6667,302
1715,302,13383.3333,83566.6667,301
1716,301,13383.3333,83566.6667,1070
1717,1070,13366.6667,83566.6667,2109
1718,2109,13316.6667,83600.0,74
1719,74,13216.6667,83583.3333,873
1720,873,12966.6667,83533.3333,2193
1721,2193,12933.3333,83533.3333,2194
1722,2194,12933.3333,83533.3333,2223
1723,2223,12933.3333,83533.3333,2344
1724,2344,12933.3333,83533.3333,3030
1725,3030,12933.3333,83533.3333,3031
1726,3031,12933.3333,83533.3333,43
1727,43,12933.3333,83533.3333,368
1728,368,12933.3333,83533.3333,83
1729,83,12933.3333,83533.3333,1007
1730,1007,12900.0,83533.3333,2073
1731,2073,12900.0,83533.3333,2074
1732,2074,12900.0,83533.3333,2300
1733,2300,12900.0,83533.3333,3319
1734,3319,12900.0,83533.3333,3324
1735,3324,12900.0,83533.3333,2137
1736,2137,12916.6667,83583.3333,3150
1737,3150,12900.0,83583.3333,2139
1738,2139,12900.0,83583.3333,1087
1739,1087,12900.0,83600.0,1585
1740,1585,12900.0,83600.0,1587
1741,1587,12900.0,83666.6667,1179
1742,1179,12933.3333,83733.3333,2981
1743,2981,12800.0,84033.3333,2616
1744,2616,12850.0,84133.3333,231
1745,231,12816.6667,84200.0,1268
1746,1268,12816.6667,84200.0,1219
1747,1219,12866.6667,84183.3333,3289
1748,3289,12866.6667,84183.3333,3043
1749,3043,13116.6667,84133.3333,1205
1750,1205,13150.0,84100.0,987
1751,987,13200.0,84083.3333,990
1752,990,13200.0,84083.3333,2140
1753,2140,13200.0,84083.3333,1437
1754,1437,13250.0,84083.3333,1438
1755,1438,13250.0,84083.3333,1445
1756,1445,13250.0,84083.3333,2133
1757,2133,13166.6667,84133.3333,378
1758,378,13166.6667,84133.3333,1997
1759,1997,13116.6667,84183.3333,1995
1760,1995,13116.6667,84183.3333,2673
1761,2673,13100.0,84216.6667,847
1762,847,13083.3333,84283.3333,371
1763,371,13083.3333,84283.3333,208
1764,208,13000.0,84366.6667,3318
1765,3318,12983.3333,84383.3333,324
1766,324,12983.3333,84383.3333,3130
1767,3130,12950.0,84483.3333,2734
1768,2734,13033.3333,84566.6667,2881
1769,2881,13050.0,84733.3333,1170
1770,1170,13050.0,84733.3333,637
1771,637,13050.0,84733.3333,2529
1772,2529,12916.6667,84683.3333,1143
1773,1143,12916.6667,84850.0,315
1774,315,12916.6667,84883.3333,2754
1775,2754,12866.6667,84933.3333,1209
1776,1209,12816.6667,84983.3333,1125
1777,1125,12816.6667,84983.3333,1674
1778,1674,12816.6667,85016.6667,366
1779,366,12733.3333,85016.6667,1167
1780,1167,12700.0,85100.0,2446
1781,2446,12666.6667,85116.6667,114
1782,114,12700.0,85133.3333,3432
1783,3432,12700.0,85150.0,2383
1784,2383,12683.3333,85183.3333,2772
1785,2772,12766.6667,85233.3333,2656
1786,2656,12816.6667,85266.6667,1959
1787,1959,12833.3333,85266.6667,1229
1788,1229,12850.0,85233.3333,1699
1789,1699,12866.6667,85233.3333,2382
1790,2382,12866.6667,85183.3333,754
1791,754,12800.0,85133.3333,1230
1792,1230,12800.0,85133.3333,1231
1793,1231,12800.0,85133.3333,1232
1794,1232,12800.0,85133.3333,3262
1795,3262,12800.0,85133.3333,1436
1796,1436,12850.0,85083.3333,2397
1797,2397,12883.3333,85100.0,2265
1798,2265,12883.3333,85116.6667,2407
1799,2407,12900.0,85116.6667,3280
1800,3280,12933.3333,85033.3333,1937
1801,1937,13000.0,84916.6667,2269
1802,2269,13000.0,84916.6667,2092
1803,2092,13133.3333,84916.6667,2141
1804,2141,13183.3333,84933.3333,2764
1805,2764,13133.3333,85150.0,2855
1806,2855,13000.0,85150.0,769
1807,769,12983.3333,85116.6667,2381
1808,2381,12950.0,85166.6667,3145
1809,3145,12950.0,85200.0,2454
1810,2454,12983.3333,85216.6667,1309
1811,1309,12983.3333,85216.6667,2453
1812,2453,12983.3333,85216.6667,1013
1813,1013,12933.3333,85216.6667,1835
1814,1835,12900.0,85250.0,1836
1815,1836,12933.3333,85266.6667,2601
1816,2601,12950.0,85266.6667,2624
1817,2624,12916.6667,85283.3333,1228
1818,1228,12883.3333,85316.6667,2367
1819,2367,12950.0,85366.6667,1868
1820,1868,12966.6667,85366.6667,2065
1821,2065,13083.3333,85516.6667,2274
1822,2274,13000.0,85616.6667,312
1823,312,13033.3333,85633.3333,3219
1824,3219,13033.3333,85633.3333,392
1825,392,13066.6667,85650.0,2167
1826,2167,13066.6667,85650.0,2448
1827,2448,13066.6667,85650.0,3442
1828,3442,13050.0,85700.0,3443
1829,3443,13050.0,85700.0,209
1830,209,13066.6667,85750.0,2391
1831,2391,13066.6667,85750.0,113
1832,113,13033.3333,85733.3333,427
1833,427,13000.0,85733.3333,24
1834,24,12983.3333,85733.3333,1489
1835,1489,12983.3333,85750.0,1910
1836,1910,12966.6667,85766.6667,573
1837,573,12950.0,85766.6667,1818
1838,1818,12950.0,85800.0,32
1839,32,12966.6667,85800.0,26
1840,26,12966.6667,85800.0,20
1841,20,12966.6667,85800.0,2205
1842,2205,12983.3333,85783.3333,33
1843,33,13000.0,85800.0,27
1844,27,13000.0,85800.0,2933
1845,2933,13016.6667,85800.0,539
1846,539,12983.3333,85833.3333,2918
1847,2918,13000.0,85850.0,1991
1848,1991,13000.0,85850.0,848
1849,848,12950.0,85866.6667,603
1850,603,12950.0,85866.6667,2310
1851,2310,12933.3333,85866.6667,1952
1852,1952,12933.3333,85866.6667,2309
1853,2309,12933.3333,85866.6667,2026
1854,2026,12916.6667,85866.6667,1607
1855,1607,12933.3333,85833.3333,1912
1856,1912,12933.3333,85833.3333,611
1857,611,12916.6667,85833.3333,2583
1858,2583,12916.6667,85816.6667,1289
1859,1289,12916.6667,85816.6667,1287
1860,1287,12916.6667,85816.6667,1827
1861,1827,12916.6667,85816.6667,2288
1862,2288,12883.3333,85833.3333,2057
1863,2057,12866.6667,85816.6667,1368
1864,1368,12866.6667,85816.6667,3038
1865,3038,12833.3333,85816.6667,2745
1866,2745,12833.3333,85816.6667,1812
1867,1812,12800.0,85800.0,2917
1868,2917,12783.3333,85833.3333,1517
1869,1517,12766.6667,85816.6667,1264
1870,1264,12766.6667,85783.3333,2765
1871,2765,12716.6667,85800.0,2766
1872,2766,12700.0,85783.3333,2919
1873,2919,12683.3333,85716.6667,2250
1874,2250,12683.3333,85716.6667,1149
1875,1149,12733.3333,85733.3333,2475
1876,2475,12750.0,85716.6667,2543
1877,2543,12750.0,85700.0,2303
1878,2303,12733.3333,85700.0,2668
1879,2668,12733.3333,85700.0,533
1880,533,12733.3333,85666.6667,2329
1881,2329,12750.0,85666.6667,831
1882,831,12783.3333,85700.0,802
1883,802,12783.3333,85700.0,2182
1884,2182,12783.3333,85700.0,1977
1885,1977,12816.6667,85750.0,1992
1886,1992,12816.6667,85750.0,1934
1887,1934,12833.3333,85766.6667,1931
1888,1931,12833.3333,85766.6667,663
1889,663,12883.3333,85766.6667,2642
1890,2642,12900.0,85733.3333,498
1891,498,12933.3333,85733.3333,938
1892,938,12933.3333,85700.0,2346
1893,2346,12916.6667,85666.6667,3229
1894,3229,12900.0,85666.6667,1118
1895,1118,12883.3333,85650.0,2472
1896,2472,12883.3333,85683.3333,978
1897,978,12866.6667,85700.0,696
1898,696,12833.3333,85700.0,2890
1899,2890,12833.3333,85683.3333,3367
1900,3367,12850.0,85650.0,3341
1901,3341,12850.0,85650.0,2678
1902,2678,12816.6667,85633.3333,1335
1903,1335,12800.0,85650.0,1310
1904,1310,12766.6667,85633.3333,676
1905,676,12783.3333,85583.3333,1022
1906,1022,12783.3333,85533.3333,1186
1907,1186,12800.0,85516.6667,1184
1908,1184,12800.0,85516.6667,1738
1909,1738,12816.6667,85516.6667,1909
1910,1909,12816.6667,85550.0,985
1911,985,12866.6667,85550.0,3060
1912,3060,12866.6667,85550.0,3061
1913,3061,12866.6667,85550.0,3063
1914,3063,12866.6667,85550.0,622
1915,622,12866.6667,85583.3333,3275
1916,3275,12883.3333,85583.3333,191
1917,191,12916.6667,85616.6667,2358
1918,2358,12933.3333,85616.6667,1857
1919,1857,12950.0,85633.3333,2840
1920,2840,12950.0,85600.0,1204
1921,1204,12933.3333,85566.6667,71
1922,71,12950.0,85566.6667,2087
1923,2087,12983.3333,85566.6667,2459
1924,2459,12966.6667,85533.3333,2272
1925,2272,12933.3333,85533.3333,1717
1926,1717,12900.0,85533.3333,2542
1927,2542,12866.6667,85516.6667,2915
1928,2915,12850.0,85516.6667,261
1929,261,12850.0,85466.6667,1399
1930,1399,12833.3333,85466.6667,1710
1931,1710,12833.3333,85383.3333,2842
1932,2842,12816.6667,85366.6667,3171
1933,3171,12783.3333,85433.3333,3170
1934,3170,12783.3333,85433.3333,3160
1935,3160,12783.3333,85433.3333,3261
1936,3261,12750.0,85433.3333,1697
1937,1697,12716.6667,85483.3333,2795
1938,2795,12716.6667,85516.6667,1441
1939,1441,12683.3333,85533.3333,1739
1940,1739,12683.3333,85533.3333,267
1941,267,12700.0,85550.0,1252
1942,1252,12716.6667,85550.0,2433
1943,2433,12716.6667,85566.6667,1217
1944,1217,12716.6667,85600.0,2824
1945,2824,12716.6667,85633.3333,954
1946,954,12683.3333,85616.6667,955
1947,955,12683.3333,85616.6667,509
1948,509,12683.3333,85633.3333,3333
1949,3333,12666.6667,85650.0,2843
1950,2843,12666.6667,85650.0,3353
1951,3353,12650.0,85650.0,2080
1952,2080,12650.0,85650.0,2992
1953,2992,12633.3333,85666.6667,3155
1954,3155,12633.3333,85650.0,2800
1955,2800,12633.3333,85650.0,2832
1956,2832,12616.6667,85650.0,334
1957,334,12616.6667,85616.6667,625
1958,625,12650.0,85616.6667,2717
1959,2717,12650.0,85583.3333,51
1960,51,12616.6667,85566.6667,448
1961,448,12616.6667,85516.6667,1354
1962,1354,12666.6667,85500.0,2435
1963,2435,12666.6667,85483.3333,185
1964,185,12650.0,85483.3333,3339
1965,3339,12650.0,85483.3333,1360
1966,1360,12633.3333,85433.3333,534
1967,534,12633.3333,85433.3333,3161
1968,3161,12666.6667,85400.0,2400
1969,2400,12700.0,85383.3333,963
1970,963,12750.0,85316.6667,2743
1971,2743,12650.0,85300.0,2742
1972,2742,12650.0,85300.0,1527
1973,1527,12650.0,85300.0,1005
1974,1005,12550.0,85400.0,2058
1975,2058,12466.6667,85333.3333,264
1976,264,12466.6667,85433.3333,1750
1977,1750,12466.6667,85433.3333,1514
1978,1514,12466.6667,85433.3333,206
1979,206,12416.6667,85433.3333,3185
1980,3185,12383.3333,85516.6667,3187
1981,3187,12383.3333,85516.6667,2874
1982,2874,12383.3333,85533.3333,1703
1983,1703,12416.6667,85533.3333,3267
1984,3267,12450.0,85533.3333,212
1985,212,12483.3333,85566.6667,2394
1986,2394,12483.3333,85566.6667,3221
1987,3221,12500.0,85533.3333,517
1988,517,12516.6667,85516.6667,814
1989,814,12550.0,85483.3333,22
1990,22,12550.0,85500.0,1979
1991,1979,12566.6667,85533.3333,941
1992,941,12550.0,85566.6667,2545
1993,2545,12533.3333,85566.6667,744
1994,744,12516.6667,85600.0,968
1995,968,12516.6667,85650.0,16
1996,16,12516.6667,85650.0,966
1997,966,12516.6667,85650.0,1720
1998,1720,12550.0,85666.6667,1389
1999,1389,12550.0,85666.6667,2845
2000,2845,12566.6667,85650.0,3335
2001,3335,12566.6667,85650.0,562
2002,562,12583.3333,85700.0,1432
2003,1432,12600.0,85716.6667,1434
2004,1434,12600.0,85716.6667,332
2005,332,12566.6667,85733.3333,757
2006,757,12600.0,85766.6667,776
2007,776,12600.0,85766.6667,3291
2008,3291,12650.0,85766.6667,2332
2009,2332,12666.6667,85783.3333,2413
2010,2413,12666.6667,85816.6667,1154
2011,1154,12700.0,85833.3333,1483
2012,1483,12733.3333,85833.3333,875
2013,875,12750.0,85850.0,1257
2014,1257,12750.0,85866.6667,2418
2015,2418,12716.6667,85883.3333,1347
2016,1347,12733.3333,85916.6667,2369
2017,2369,12750.0,85916.6667,772
2018,772,12733.3333,85933.3333,3175
2019,3175,12750.0,85950.0,274
2020,274,12733.3333,85966.6667,275
2021,275,12733.3333,85966.6667,1339
2022,1339,12735.0,86000.8333,3462
2023,3462,12741.9444,86013.0556,3461
2024,3461,12722.2222,86047.5,727
2025,727,12700.5556,86054.4444,3460
2026,3460,12682.7778,86028.8889,3172
2027,3172,12682.7778,86002.7778,447
2028,447,12683.3333,85983.3333,1333
2029,1333,12700.0,85950.0,515
2030,515,12683.3333,85933.3333,645
2031,645,12666.6667,85933.3333,3199
2032,3199,12633.3333,85933.3333,3198
2033,3198,12633.3333,85933.3333,2660
2034,2660,12616.6667,85900.0,245
2035,245,12633.3333,85900.0,351
2036,351,12650.0,85866.6667,2480
2037,2480,12633.3333,85850.0,2836
2038,2836,12616.6667,85866.6667,3300
2039,3300,12616.6667,85866.6667,1579
2040,1579,12600.0,85833.3333,1732
2041,1732,12566.6667,85833.3333,243
2042,243,12566.6667,85850.0,2159
2043,2159,12566.6667,85850.0,3338
2044,3338,12566.6667,85850.0,241
2045,241,12566.6667,85850.0,262
2046,262,12566.6667,85866.6667,2809
2047,2809,12516.6667,85850.0,3200
2048,3200,12500.0,85866.6667,2810
2049,2810,12500.0,85866.6667,1485
2050,1485,12466.6667,85850.0,1938
2051,1938,12450.0,85816.6667,879
2052,879,12483.3333,85800.0,1191
2053,1191,12516.6667,85816.6667,2661
2054,2661,12533.3333,85800.0,2727
2055,2727,12533.3333,85783.3333,2014
2056,2014,12533.3333,85750.0,501
2057,501,12533.3333,85716.6667,2481
2058,2481,12516.6667,85716.6667,2380
2059,2380,12500.0,85716.6667,411
2060,411,12483.3333,85750.0,874
2061,874,12483.3333,85750.0,1696
2062,1696,12466.6667,85750.0,3266
2063,3266,12450.0,85750.0,3250
2064,3250,12450.0,85750.0,1340
2065,1340,12416.6667,85750.0,467
2066,467,12400.0,85733.3333,352
2067,352,12416.6667,85700.0,2255
2068,2255,12433.3333,85700.0,3054
2069,3054,12466.6667,85700.0,2517
2070,2517,12483.3333,85700.0,3268
2071,3268,12466.6667,85666.6667,1846
2072,1846,12433.3333,85666.6667,2032
2073,2032,12433.3333,85633.3333,1752
2074,1752,12466.6667,85616.6667,2260
2075,2260,12450.0,85600.0,780
2076,780,12416.6667,85616.6667,752
2077,752,12416.6667,85616.6667,526
2078,526,12383.3333,85616.6667,524
2079,524,12383.3333,85616.6667,3173
2080,3173,12366.6667,85583.3333,2590
2081,2590,12350.0,85550.0,1480
2082,1480,12333.3333,85550.0,829
2083,829,12333.3333,85516.6667,2479
2084,2479,12333.3333,85516.6667,2665
2085,2665,12300.0,85550.0,2994
2086,2994,12283.3333,85516.6667,2160
2087,2160,12250.0,85466.6667,2185
2088,2185,12250.0,85466.6667,2622
2089,2622,12250.0,85466.6667,2396
2090,2396,12233.3333,85450.0,648
2091,648,12216.6667,85416.6667,1575
2092,1575,12216.6667,85416.6667,2940
2093,2940,12266.6667,85383.3333,3019
2094,3019,12266.6667,85383.3333,535
2095,535,12350.0,85250.0,469
2096,469,12300.0,85233.3333,3284
2097,3284,12300.0,85183.3333,1911
2098,1911,12216.6667,85166.6667,1605
2099,1605,12216.6667,85166.6667,471
2100,471,12233.3333,85116.6667,2690
2101,2690,12283.3333,85116.6667,2687
2102,2687,12283.3333,85116.6667,2347
2103,2347,12283.3333,85116.6667,2345
2104,2345,12283.3333,85116.6667,2744
2105,2744,12300.0,85083.3333,2297
2106,2297,12283.3333,85083.3333,830
2107,830,12283.3333,85083.3333,554
2108,554,12266.6667,85083.3333,412
2109,412,12266.6667,85083.3333,1885
2110,1885,12250.0,85066.6667,2317
2111,2317,12283.3333,85016.6667,1958
2112,1958,12283.3333,85016.6667,647
2113,647,12283.3333,85016.6667,3216
2114,3216,12200.0,84900.0,2729
2115,2729,12100.0,84900.0,2956
2116,2956,12100.0,84900.0,1499
2117,1499,12166.6667,84983.3333,1753
2118,1753,12166.6667,85066.6667,1171
2119,1171,12133.3333,85116.6667,649
2120,649,12133.3333,85116.6667,638
2121,638,12133.3333,85116.6667,635
2122,635,12133.3333,85116.6667,1081
2123,1081,12133.3333,85166.6667,908
2124,908,12100.0,85216.6667,3299
2125,3299,12100.0,85216.6667,3298
2126,3298,12100.0,85216.6667,2588
2127,2588,12183.3333,85250.0,2847
2128,2847,12183.3333,85283.3333,1831
2129,1831,12183.3333,85316.6667,1194
2130,1194,12133.3333,85350.0,3433
2131,3433,12150.0,85383.3333,2455
2132,2455,12116.6667,85383.3333,2151
2133,2151,12083.3333,85400.0,1747
2134,1747,12133.3333,85416.6667,867
2135,867,12133.3333,85466.6667,3358
2136,3358,12150.0,85516.6667,2606
2137,2606,12166.6667,85500.0,2784
2138,2784,12200.0,85533.3333,718
2139,718,12183.3333,85566.6667,3428
2140,3428,12183.3333,85600.0,656
2141,656,12200.0,85616.6667,2760
2142,2760,12216.6667,85633.3333,1533
2143,1533,12233.3333,85600.0,2338
2144,2338,12266.6667,85616.6667,298
2145,298,12250.0,85650.0,2486
2146,2486,12216.6667,85666.6667,1858
2147,1858,12200.0,85666.6667,472
2148,472,12200.0,85666.6667,1643
2149,1643,12200.0,85700.0,3294
2150,3294,12166.6667,85683.3333,2372
2151,2372,12166.6667,85666.6667,2697
2152,2697,12150.0,85650.0,329
2153,329,12116.6667,85616.6667,3203
2154,3203,12100.0,85600.0,1860
2155,1860,12050.0,85633.3333,3232
2156,3232,12050.0,85616.6667,130
2157,130,12016.6667,85550.0,1074
2158,1074,11966.6667,85516.6667,2593
2159,2593,11966.6667,85483.3333,2020
2160,2020,11983.3333,85466.6667,2242
2161,2242,11983.3333,85433.3333,1105
2162,1105,11983.3333,85433.3333,2674
2163,2674,11933.3333,85416.6667,701
2164,701,11900.0,85433.3333,3166
2165,3166,11883.3333,85400.0,2872
2166,2872,11883.3333,85366.6667,2871
2167,2871,11883.3333,85366.6667,650
2168,650,11916.6667,85350.0,2817
2169,2817,11933.3333,85333.3333,2650
2170,2650,11950.0,85366.6667,3352
2171,3352,12000.0,85366.6667,2490
2172,2490,11983.3333,85350.0,1032
2173,1032,11966.6667,85333.3333,1675
2174,1675,11983.3333,85300.0,1876
2175,1876,12033.3333,85266.6667,1634
2176,1634,12016.6667,85250.0,658
2177,658,11966.6667,85266.6667,2054
2178,2054,11933.3333,85283.3333,789
2179,789,11883.3333,85300.0,946
2180,946,11850.0,85333.3333,401
2181,401,11850.0,85333.3333,1854
2182,1854,11850.0,85283.3333,1707
2183,1707,11866.6667,85266.6667,2600
2184,2600,11900.0,85250.0,807
2185,807,11850.0,85216.6667,1672
2186,1672,11833.3333,85250.0,659
2187,659,11800.0,85233.3333,1534
2188,1534,11766.6667,85250.0,1927
2189,1927,11733.3333,85183.3333,495
2190,495,11766.6667,85183.3333,484
2191,484,11800.0,85183.3333,738
2192,738,11800.0,85166.6667,1545
2193,1545,11850.0,85150.0,863
2194,863,11850.0,85166.6667,2510
2195,2510,11883.3333,85183.3333,2732
2196,2732,11933.3333,85200.0,930
2197,930,11950.0,85216.6667,710
2198,710,11983.3333,85200.0,1058
2199,1058,11966.6667,85183.3333,1051
2200,1051,11966.6667,85183.3333,3447
2201,3447,11966.6667,85166.6667,600
2202,600,11966.6667,85166.6667,1452
2203,1452,12000.0,85166.6667,715
2204,715,11966.6667,85116.6667,406
2205,406,12066.6667,85083.3333,420
2206,420,12066.6667,85083.3333,98
2207,98,12050.0,84983.3333,99
2208,99,12050.0,84983.3333,107
2209,107,12050.0,84983.3333,2245
2210,2245,12016.6667,84950.0,1033
2211,1033,12000.0,84933.3333,1318
2212,1318,11983.3333,84866.6667,1317
2213,1317,11983.3333,84866.6667,1501
2214,1501,11983.3333,84816.6667,1950
2215,1950,12000.0,84783.3333,23
2216,23,11866.6667,84816.6667,1425
2217,1425,11866.6667,84816.6667,1616
2218,1616,11866.6667,84816.6667,1617
2219,1617,11866.6667,84816.6667,1900
2220,1900,11866.6667,84816.6667,1034
2221,1034,11816.6667,84933.3333,3055
2222,3055,11683.3333,84950.0,1535
2223,1535,11683.3333,84950.0,1325
2224,1325,11616.6667,85083.3333,2591
2225,2591,11616.6667,85083.3333,1065
2226,1065,11616.6667,85083.3333,1964
2227,1964,11566.6667,85033.3333,1172
2228,1172,11433.3333,84933.3333,2535
2229,2535,11433.3333,84933.3333,674
2230,674,11400.0,84900.0,680
2231,680,11400.0,84900.0,1211
2232,1211,11516.6667,84850.0,3423
2233,3423,11683.3333,84700.0,2865
2234,2865,11683.3333,84700.0,2864
2235,2864,11683.3333,84700.0,3002
2236,3002,11650.0,84433.3333,2996
2237,2996,11650.0,84433.3333,2998
2238,2998,11683.3333,84450.0,1269
2239,1269,11683.3333,84450.0,1463
2240,1463,11866.6667,84516.6667,336
2241,336,11866.6667,84516.6667,3039
2242,3039,11966.6667,84616.6667,2747
2243,2747,11966.6667,84616.6667,1948
2244,1948,12016.6667,84650.0,2684
2245,2684,12000.0,84666.6667,2682
2246,2682,12000.0,84666.6667,2815
2247,2815,12000.0,84700.0,2749
2248,2749,12000.0,84733.3333,3041
2249,3041,12000.0,84733.3333,1972
2250,1972,12050.0,84666.6667,2070
2251,2070,12050.0,84616.6667,952
2252,952,12066.6667,84600.0,2547
2253,2547,12150.0,84650.0,2142
2254,2142,12216.6667,84750.0,2096
2255,2096,12216.6667,84750.0,507
2256,507,12383.3333,84816.6667,1134
2257,1134,12400.0,84883.3333,1133
2258,1133,12400.0,84883.3333,314
2259,314,12400.0,84883.3333,313
2260,313,12400.0,84883.3333,2746
2261,2746,12433.3333,84950.0,1220
2262,1220,12400.0,85016.6667,921
2263,921,12483.3333,85150.0,2353
2264,2353,12566.6667,84983.3333,2704
2265,2704,12516.6667,84933.3333,1990
2266,1990,12550.0,84900.0,2912
2267,2912,12550.0,84900.0,1282
2268,1282,12566.6667,84733.3333,1285
2269,1285,12566.6667,84733.3333,951
2270,951,12533.3333,84600.0,1099
2271,1099,12483.3333,84533.3333,2692
2272,2692,12466.6667,84366.6667,1960
2273,1960,12366.6667,84400.0,2907
2274,2907,12333.3333,84466.6667,673
2275,673,12350.0,84550.0,1511
2276,1511,12283.3333,84533.3333,1624
2277,1624,12266.6667,84450.0,1098
2278,1098,12150.0,84416.6667,1705
2279,1705,12133.3333,84433.3333,3207
2280,3207,12116.6667,84416.6667,2856
2281,2856,12116.6667,84450.0,3149
2282,3149,12116.6667,84466.6667,2525
2283,2525,12133.3333,84466.6667,3059
2284,3059,12133.3333,84483.3333,1321
2285,1321,12066.6667,84533.3333,1653
2286,1653,12033.3333,84466.6667,1698
2287,1698,12033.3333,84433.3333,3209
2288,3209,12066.6667,84383.3333,1153
2289,1153,12133.3333,84333.3333,2487
2290,2487,12166.6667,84316.6667,1018
2291,1018,12166.6667,84316.6667,1345
2292,1345,12133.3333,84266.6667,876
2293,876,12083.3333,84233.3333,355
2294,355,12066.6667,84250.0,3223
2295,3223,12050.0,84266.6667,805
2296,805,11950.0,84250.0,2292
2297,2292,11983.3333,84233.3333,2009
2298,2009,12083.3333,84216.6667,587
2299,587,12100.0,84216.6667,1026
2300,1026,12150.0,84216.6667,3024
2301,3024,12150.0,84216.6667,745
2302,745,12166.6667,84200.0,782
2303,782,12216.6667,84216.6667,1981
2304,1981,12200.0,84283.3333,3371
2305,3371,12200.0,84283.3333,1320
2306,1320,12250.0,84300.0,1319
2307,1319,12250.0,84300.0,1314
2308,1314,12250.0,84300.0,1407
2309,1407,12300.0,84300.0,1704
2310,1704,12316.6667,84300.0,816
2311,816,12316.6667,84333.3333,925
2312,925,12333.3333,84316.6667,2728
2313,2728,12383.3333,84283.3333,900
2314,900,12416.6667,84266.6667,2316
2315,2316,12383.3333,84233.3333,3020
2316,3020,12333.3333,84233.3333,2325
2317,2325,12316.6667,84233.3333,1838
2318,1838,12333.3333,84100.0,1652
2319,1652,12233.3333,84116.6667,1512
2320,1512,12216.6667,84133.3333,2038
2321,2038,12200.0,84166.6667,1464
2322,1464,12183.3333,84133.3333,1091
2323,1091,12116.6667,84116.6667,1092
2324,1092,12116.6667,84116.6667,2838
2325,2838,12116.6667,84116.6667,3331
2326,3331,12116.6667,84116.6667,3045
2327,3045,12133.3333,84100.0,369
2328,369,12150.0,84083.3333,365
2329,365,12100.0,84033.3333,2298
2330,2298,12100.0,84033.3333,3263
2331,3263,12083.3333,84000.0,3260
2332,3260,12083.3333,84000.0,1439
2333,1439,12083.3333,84000.0,2113
2334,2113,12083.3333,83950.0,483
2335,483,12150.0,83966.6667,2146
2336,2146,12150.0,83966.6667,3188
2337,3188,12150.0,83966.6667,901
2338,901,12216.6667,84033.3333,2805
2339,2805,12333.3333,83816.6667,1029
2340,1029,12333.3333,83683.3333,1027
2341,1027,12333.3333,83683.3333,998
2342,998,12333.3333,83683.3333,2232
2343,2232,12316.6667,83666.6667,2354
2344,2354,12350.0,83666.6667,1162
2345,1162,12350.0,83666.6667,1163
2346,1163,12350.0,83666.6667,1492
2347,1492,12350.0,83666.6667,1690
2348,1690,12350.0,83666.6667,1691
2349,1691,12350.0,83666.6667,1932
2350,1932,12350.0,83666.6667,2118
2351,2118,12400.0,83733.3333,2148
2352,2148,12400.0,83733.3333,2149
2353,2149,12400.0,83733.3333,3007
2354,3007,12400.0,83733.3333,3017
2355,3017,12400.0,83733.3333,3018
2356,3018,12400.0,83733.3333,3330
2357,3330,12450.0,83733.3333,3240
2358,3240,12450.0,83733.3333,3238
2359,3238,12450.0,83733.3333,3237
2360,3237,12450.0,83733.3333,1821
2361,1821,12450.0,83816.6667,3239
2362,3239,12483.3333,83750.0,1967
2363,1967,12483.3333,83750.0,56
2364,56,12583.3333,83750.0,57
2365,57,12583.3333,83750.0,386
2366,386,12583.3333,83750.0,2225
2367,2225,12583.3333,83750.0,3329
2368,3329,12583.3333,83750.0,1245
2369,1245,12550.0,83716.6667,1419
2370,1419,12566.6667,83700.0,1418
2371,1418,12566.6667,83700.0,1053
2372,1053,12566.6667,83700.0,259
2373,259,12666.6667,83550.0,306
2374,306,12666.6667,83550.0,307
2375,307,12666.6667,83550.0,309
2376,309,12666.6667,83550.0,380
2377,380,12450.0,83483.3333,2958
2378,2958,12166.6667,83033.3333,349
2379,349,12166.6667,83033.3333,2324
2380,2324,12150.0,83683.3333,2924
2381,2924,12233.3333,83750.0,2925
2382,2925,12233.3333,83750.0,258
2383,258,12250.0,83750.0,2101
2384,2101,12250.0,83750.0,2100
2385,2100,12250.0,83750.0,2923
2386,2923,12250.0,83750.0,3182
2387,3182,12250.0,83750.0,1558
2388,1558,12233.3333,83783.3333,1742
2389,1742,12233.3333,83833.3333,1567
2390,1567,12200.0,83833.3333,1566
2391,1566,12200.0,83833.3333,3159
2392,3159,12116.6667,83816.6667,3158
2393,3158,12116.6667,83816.6667,1359
2394,1359,12116.6667,83816.6667,928
2395,928,12066.6667,83833.3333,2731
2396,2731,12016.6667,83816.6667,3269
2397,3269,12000.0,83750.0,3270
2398,3270,12000.0,83750.0,2830
2399,2830,11995.0,83688.8889,1025
2400,1025,11883.3333,83800.0,1348
2401,1348,11600.0,83666.6667,3320
2402,3320,11516.6667,83783.3333,2304
2403,2304,11516.6667,83783.3333,1056
2404,1056,11516.6667,83783.3333,3357
2405,3357,11583.3333,84016.6667,1152
2406,1152,11466.6667,83883.3333,3325
2407,3325,11283.3333,83883.3333,3403
2408,3403,11200.0,83850.0,3402
2409,3402,11200.0,83850.0,2708
2410,2708,11116.6667,83900.0,692
2411,692,11100.0,83933.3333,2233
2412,2233,11100.0,83816.6667,3236
2413,3236,11066.6667,83816.6667,2318
2414,2318,10966.6667,83766.6667,1968
2415,1968,10933.3333,83733.3333,3405
2416,3405,10933.3333,83716.6667,734
2417,734,10916.6667,83700.0,2295
2418,2295,10916.6667,83700.0,2892
2419,2892,10766.6667,83766.6667,2706
2420,2706,10766.6667,83766.6667,3073
2421,3073,11016.6667,84400.0,3071
2422,3071,11016.6667,84400.0,2768
2423,2768,11016.6667,84400.0,2763
2424,2763,11016.6667,84400.0,2762
2425,2762,11016.6667,84400.0,3264
2426,3264,11050.0,84466.6667,2077
2427,2077,11150.0,84633.3333,1326
2428,1326,11250.0,84783.3333,895
2429,895,11116.6667,84783.3333,159
2430,159,11000.0,85050.0,2804
2431,2804,11066.6667,85100.0,3005
2432,3005,11100.0,85216.6667,2248
2433,2248,11100.0,85216.6667,179
2434,179,11100.0,85216.6667,1116
2435,1116,11083.3333,85250.0,3168
2436,3168,11116.6667,85266.6667,393
2437,393,11133.3333,85300.0,2411
2438,2411,11133.3333,85333.3333,256
2439,256,11133.3333,85333.3333,2246
2440,2246,11150.0,85350.0,1244
2441,1244,11150.0,85350.0,3
2442,3,11150.0,85383.3333,2703
2443,2703,11150.0,85433.3333,2458
2444,2458,11183.3333,85466.6667,983
2445,983,11183.3333,85466.6667,984
2446,984,11183.3333,85466.6667,3142
2447,3142,11200.0,85516.6667,2978
2448,2978,11200.0,85516.6667,2018
2449,2018,11200.0,85516.6667,269
2450,269,11400.0,85500.0,655
2451,655,11416.6667,85483.3333,1110
2452,1110,11450.0,85466.6667,1057
2453,1057,11483.3333,85483.3333,1781
2454,1781,11466.6667,85500.0,1780
2455,1780,11483.3333,85516.6667,3336
2456,3336,11483.3333,85516.6667,751
2457,751,11483.3333,85516.6667,182
2458,182,11483.3333,85516.6667,129
2459,129,11483.3333,85516.6667,2085
2460,2085,11450.0,85516.6667,2528
2461,2528,11450.0,85550.0,1387
2462,1387,11433.3333,85566.6667,593
2463,593,11483.3333,85566.6667,440
2464,440,11483.3333,85600.0,189
2465,189,11516.6667,85583.3333,1685
2466,1685,11516.6667,85583.3333,2934
2467,2934,11533.3333,85566.6667,3420
2468,3420,11566.6667,85583.3333,686
2469,686,11583.3333,85583.3333,699
2470,699,11583.3333,85650.0,1963
2471,1963,11566.6667,85650.0,2017
2472,2017,11550.0,85666.6667,1323
2473,1323,11533.3333,85700.0,2335
2474,2335,11500.0,85700.0,2336
2475,2336,11500.0,85700.0,1562
2476,1562,11500.0,85683.3333,794
2477,794,11483.3333,85650.0,756
2478,756,11483.3333,85650.0,724
2479,724,11483.3333,85650.0,722
2480,722,11483.3333,85650.0,126
2481,126,11483.3333,85650.0,969
2482,969,11483.3333,85683.3333,797
2483,797,11450.0,85800.0,1953
2484,1953,11433.3333,85783.3333,2532
2485,2532,11400.0,85800.0,422
2486,422,11400.0,85766.6667,1628
2487,1628,11366.6667,85766.6667,357
2488,357,11366.6667,85783.3333,691
2489,691,11350.0,85800.0,537
2490,537,11366.6667,85800.0,1300
2491,1300,11366.6667,85816.6667,2024
2492,2024,11400.0,85850.0,2790
2493,2790,11366.6667,85866.6667,1651
2494,1651,11350.0,85883.3333,2623
2495,2623,11333.3333,85850.0,2161
2496,2161,11333.3333,85850.0,2068
2497,2068,11300.0,85833.3333,1632
2498,1632,11266.6667,85783.3333,1810
2499,1810,11233.3333,85750.0,2043
2500,2043,11233.3333,85750.0,2247
2501,2247,11233.3333,85750.0,572
2502,572,11300.0,85766.6667,3313
2503,3313,11316.6667,85766.6667,1853
2504,1853,11333.3333,85766.6667,2614
2505,2614,11350.0,85733.3333,1594
2506,1594,11350.0,85733.3333,3407
2507,3407,11316.6667,85700.0,3167
2508,3167,11300.0,85683.3333,350
2509,350,11233.3333,85650.0,394
2510,394,11250.0,85633.3333,2449
2511,2449,11250.0,85616.6667,3288
2512,3288,11216.6667,85616.6667,1168
2513,1168,11216.6667,85616.6667,1169
2514,1169,11216.6667,85616.6667,1330
2515,1330,11166.6667,85650.0,936
2516,936,11150.0,85716.6667,1089
2517,1089,11133.3333,85683.3333,2935
2518,2935,11100.0,85683.3333,1291
2519,1291,11083.3333,85716.6667,1292
2520,1292,11083.3333,85716.6667,2587
2521,2587,11083.3333,85716.6667,1241
2522,1241,11116.6667,85766.6667,1242
2523,1242,11116.6667,85766.6667,2566
2524,2566,11116.6667,85766.6667,1966
2525,1966,11133.3333,85783.3333,1913
2526,1913,11150.0,85766.6667,2350
2527,2350,11166.6667,85800.0,1985
2528,1985,11183.3333,85783.3333,2349
2529,2349,11200.0,85800.0,2351
2530,2351,11200.0,85800.0,2348
2531,2348,11200.0,85800.0,2443
2532,2443,11216.6667,85816.6667,2436
2533,2436,11216.6667,85850.0,2389
2534,2389,11250.0,85850.0,732
2535,732,11250.0,85866.6667,1298
2536,1298,11266.6667,85866.6667,2928
2537,2928,11283.3333,85850.0,1993
2538,1993,11283.3333,85850.0,935
2539,935,11300.0,85850.0,2930
2540,2930,11300.0,85866.6667,2519
2541,2519,11300.0,85883.3333,1984
2542,1984,11316.6667,85900.0,723
2543,723,11300.0,85916.6667,2613
2544,2613,11350.0,85966.6667,2069
2545,2069,11350.0,85983.3333,3241
2546,3241,11350.0,85983.3333,1686
2547,1686,11383.3333,85983.3333,2723
2548,2723,11400.0,85966.6667,1965
2549,1965,11383.3333,85950.0,2319
2550,2319,11383.3333,85950.0,808
2551,808,11383.3333,85916.6667,121
2552,121,11383.3333,85900.0,1011
2553,1011,11400.0,85900.0,249
2554,249,11433.3333,85933.3333,2558
2555,2558,11450.0,85900.0,3052
2556,3052,11466.6667,85900.0,687
2557,687,11466.6667,85883.3333,994
2558,994,11466.6667,85866.6667,2469
2559,2469,11466.6667,85866.6667,1212
2560,1212,11450.0,85850.0,632
2561,632,11433.3333,85850.0,1689
2562,1689,11433.3333,85850.0,102
2563,102,11433.3333,85833.3333,1000
2564,1000,11433.3333,85833.3333,1280
2565,1280,11433.3333,85833.3333,1122
2566,1122,11450.0,85833.3333,3224
2567,3224,11466.6667,85816.6667,1588
2568,1588,11483.3333,85833.3333,2608
2569,2608,11483.3333,85833.3333,2523
2570,2523,11500.0,85816.6667,2560
2571,2560,11500.0,85800.0,793
2572,793,11533.3333,85816.6667,2799
2573,2799,11533.3333,85833.3333,347
2574,347,11516.6667,85833.3333,3383
2575,3383,11516.6667,85850.0,3384
2576,3384,11516.6667,85850.0,3390
2577,3390,11516.6667,85850.0,800
2578,800,11516.6667,85866.6667,871
2579,871,11516.6667,85866.6667,1113
2580,1113,11500.0,85883.3333,3295
2581,3295,11500.0,85883.3333,1088
2582,1088,11516.6667,85900.0,577
2583,577,11533.3333,85900.0,1456
2584,1456,11550.0,85900.0,266
2585,266,11550.0,85900.0,2164
2586,2164,11533.3333,85916.6667,1919
2587,1919,11550.0,85933.3333,1716
2588,1716,11566.6667,85933.3333,2498
2589,2498,11550.0,85950.0,726
2590,726,11533.3333,85966.6667,887
2591,887,11516.6667,85966.6667,1100
2592,1100,11516.6667,85933.3333,1889
2593,1889,11483.3333,85933.3333,888
2594,888,11483.3333,85950.0,1302
2595,1302,11466.6667,85966.6667,1301
2596,1301,11466.6667,85966.6667,2808
2597,2808,11466.6667,85983.3333,1199
2598,1199,11500.0,85983.3333,1200
2599,1200,11500.0,85983.3333,2936
2600,2936,11483.3333,86016.6667,2271
2601,2271,11450.0,86016.6667,2425
2602,2425,11416.6667,86016.6667,2670
2603,2670,11383.3333,86033.3333,2306
2604,2306,11383.3333,86033.3333,2257
2605,2257,11416.6667,86033.3333,2256
2606,2256,11416.6667,86033.3333,2254
2607,2254,11416.6667,86033.3333,541
2608,541,11450.0,86066.6667,594
2609,594,11433.3333,86083.3333,2612
2610,2612,11450.0,86083.3333,1593
2611,1593,11450.0,86083.3333,1776
2612,1776,11466.6667,86083.3333,2646
2613,2646,11500.0,86083.3333,825
2614,825,11516.6667,86100.0,1627
2615,1627,11483.3333,86100.0,2089
2616,2089,11466.6667,86116.6667,690
2617,690,11466.6667,86133.3333,959
2618,959,11466.6667,86133.3333,1666
2619,1666,11466.6667,86133.3333,2326
2620,2326,11500.0,86166.6667,2848
2621,2848,11500.0,86166.6667,3360
2622,3360,11500.0,86166.6667,1800
2623,1800,11516.6667,86150.0,120
2624,120,11550.0,86216.6667,934
2625,934,11600.0,86250.0,2595
2626,2595,11633.3333,86266.6667,296
2627,296,11650.0,86266.6667,2666
2628,2666,11650.0,86233.3333,2586
2629,2586,11666.6667,86216.6667,2585
2630,2585,11683.3333,86216.6667,2581
2631,2581,11683.3333,86216.6667,295
2632,295,11683.3333,86200.0,2534
2633,2534,11700.0,86200.0,2691
2634,2691,11716.6667,86200.0,2006
2635,2006,11733.3333,86200.0,2969
2636,2969,11733.3333,86200.0,438
2637,438,11733.3333,86216.6667,2460
2638,2460,11733.3333,86233.3333,2806
2639,2806,11716.6667,86216.6667,2355
2640,2355,11700.0,86233.3333,1521
2641,1521,11700.0,86233.3333,1730
2642,1730,11700.0,86250.0,1799
2643,1799,11716.6667,86283.3333,1778
2644,1778,11750.0,86300.0,3226
2645,3226,11766.6667,86300.0,3385
2646,3385,11783.3333,86283.3333,3406
2647,3406,11783.3333,86283.3333,3409
2648,3409,11783.3333,86283.3333,3382
2649,3382,11783.3333,86283.3333,1822
2650,1822,11766.6667,86266.6667,1003
2651,1003,11800.0,86266.6667,3305
2652,3305,11800.0,86250.0,1945
2653,1945,11816.6667,86250.0,2885
2654,2885,11850.0,86233.3333,2886
2655,2886,11850.0,86233.3333,666
2656,666,11866.6667,86233.3333,1892
2657,1892,11866.6667,86233.3333,574
2658,574,11866.6667,86233.3333,2883
2659,2883,11850.0,86216.6667,2169
2660,2169,11850.0,86200.0,522
2661,522,11866.6667,86183.3333,1082
2662,1082,11883.3333,86166.6667,2322
2663,2322,11900.0,86183.3333,2509
2664,2509,11900.0,86200.0,697
2665,697,11916.6667,86200.0,1999
2666,1999,11916.6667,86216.6667,806
2667,806,11933.3333,86216.6667,823
2668,823,11950.0,86216.6667,2724
2669,2724,11950.0,86216.6667,2702
2670,2702,11950.0,86250.0,2555
2671,2555,11950.0,86250.0,284
2672,284,11950.0,86266.6667,2488
2673,2488,11950.0,86266.6667,1361
2674,1361,11983.3333,86266.6667,520
2675,520,11983.3333,86283.3333,2196
2676,2196,11983.3333,86283.3333,1773
2677,1773,11983.3333,86300.0,337
2678,337,12000.0,86300.0,1777
2679,1777,12000.0,86300.0,759
2680,759,12000.0,86316.6667,3131
2681,3131,11983.3333,86316.6667,3132
2682,3132,11983.3333,86316.6667,2709
2683,2709,11983.3333,86316.6667,2741
2684,2741,11983.3333,86316.6667,2945
2685,2945,11983.3333,86316.6667,1832
2686,1832,11983.3333,86333.3333,3404
2687,3404,11983.3333,86350.0,589
2688,589,11983.3333,86383.3333,1249
2689,1249,11950.0,86383.3333,521
2690,521,11950.0,86383.3333,3036
2691,3036,11950.0,86366.6667,3327
2692,3327,11933.3333,86366.6667,601
2693,601,11916.6667,86366.6667,1882
2694,1882,11916.6667,86383.3333,1881
2695,1881,11916.6667,86383.3333,1366
2696,1366,11916.6667,86383.3333,1313
2697,1313,11916.6667,86383.3333,1743
2698,1743,11900.0,86400.0,883
2699,883,11866.6667,86400.0,953
2700,953,11866.6667,86416.6667,2456
2701,2456,11866.6667,86416.6667,667
2702,667,11850.0,86416.6667,476
2703,476,11850.0,86383.3333,2878
2704,2878,11850.0,86350.0,2312
2705,2312,11850.0,86350.0,1518
2706,1518,11850.0,86350.0,2819
2707,2819,11833.3333,86333.3333,1547
2708,1547,11833.3333,86333.3333,3244
2709,3244,11833.3333,86333.3333,399
2710,399,11833.3333,86316.6667,2410
2711,2410,11850.0,86316.6667,683
2712,683,11866.6667,86316.6667,651
2713,651,11866.6667,86316.6667,2662
2714,2662,11866.6667,86333.3333,2281
2715,2281,11866.6667,86333.3333,2228
2716,2228,11883.3333,86350.0,2643
2717,2643,11883.3333,86350.0,2669
2718,2669,11883.3333,86350.0,2570
2719,2570,11900.0,86333.3333,856
2720,856,11900.0,86316.6667,3245
2721,3245,11900.0,86300.0,1899
2722,1899,11916.6667,86316.6667,2086
2723,2086,11933.3333,86333.3333,418
2724,418,11950.0,86333.3333,2957
2725,2957,11966.6667,86316.6667,2973
2726,2973,11966.6667,86316.6667,617
2727,617,11966.6667,86316.6667,1790
2728,1790,11966.6667,86316.6667,2730
2729,2730,11966.6667,86316.6667,1180
2730,1180,11950.0,86300.0,1173
2731,1173,11950.0,86300.0,1236
2732,1236,11950.0,86300.0,2357
2733,2357,11933.3333,86300.0,494
2734,494,11933.3333,86283.3333,1346
2735,1346,11916.6667,86283.3333,2071
2736,2071,11916.6667,86283.3333,542
2737,542,11900.0,86266.6667,3033
2738,3033,11916.6667,86250.0,2849
2739,2849,11916.6667,86233.3333,2549
2740,2549,11900.0,86233.3333,2550
2741,2550,11883.3333,86233.3333,2932
2742,2932,11883.3333,86250.0,2337
2743,2337,11883.3333,86250.0,1761
2744,1761,11883.3333,86250.0,571
2745,571,11883.3333,86250.0,2788
2746,2788,11883.3333,86250.0,1469
2747,1469,11883.3333,86266.6667,1468
2748,1468,11883.3333,86266.6667,1466
2749,1466,11866.6667,86266.6667,913
2750,913,11850.0,86266.6667,827
2751,827,11833.3333,86300.0,1516
2752,1516,11833.3333,86300.0,1524
2753,1524,11833.3333,86300.0,1728
2754,1728,11800.0,86316.6667,3234
2755,3234,11800.0,86333.3333,3225
2756,3225,11800.0,86333.3333,2511
2757,2511,11766.6667,86350.0,2468
2758,2468,11783.3333,86366.6667,1552
2759,1552,11800.0,86366.6667,1551
2760,1551,11800.0,86366.6667,1458
2761,1458,11800.0,86383.3333,1515
2762,1515,11816.6667,86400.0,2249
2763,2249,11816.6667,86400.0,1498
2764,1498,11800.0,86400.0,1560
2765,1560,11783.3333,86400.0,1342
2766,1342,11766.6667,86383.3333,1880
2767,1880,11733.3333,86383.3333,791
2768,791,11716.6667,86350.0,505
2769,505,11733.3333,86350.0,221
2770,221,11733.3333,86333.3333,1650
2771,1650,11733.3333,86333.3333,3408
2772,3408,11716.6667,86333.3333,933
2773,933,11700.0,86333.3333,819
2774,819,11683.3333,86300.0,3321
2775,3321,11666.6667,86300.0,3322
2776,3322,11650.0,86316.6667,3430
2777,3430,11616.6667,86316.6667,3429
2778,3429,11616.6667,86316.6667,2212
2779,2212,11616.6667,86316.6667,204
2780,204,11616.6667,86333.3333,203
2781,203,11616.6667,86333.3333,119
2782,119,11616.6667,86333.3333,460
2783,460,11650.0,86333.3333,3127
2784,3127,11650.0,86350.0,592
2785,592,11683.3333,86350.0,753
2786,753,11700.0,86366.6667,3252
2787,3252,11683.3333,86383.3333,2062
2788,2062,11683.3333,86383.3333,2061
2789,2061,11683.3333,86383.3333,2210
2790,2210,11716.6667,86416.6667,1569
2791,1569,11750.0,86450.0,721
2792,721,11800.0,86450.0,1497
2793,1497,11800.0,86466.6667,1496
2794,1496,11800.0,86466.6667,1284
2795,1284,11800.0,86466.6667,1283
2796,1283,11800.0,86466.6667,653
2797,653,11783.3333,86466.6667,1126
2798,1126,11766.6667,86500.0,1062
2799,1062,11783.3333,86516.6667,1068
2800,1068,11783.3333,86516.6667,1417
2801,1417,11783.3333,86516.6667,2757
2802,2757,11800.0,86516.6667,1334
2803,1334,11816.6667,86516.6667,1614
2804,1614,11850.0,86516.6667,2430
2805,2430,11833.3333,86483.3333,620
2806,620,11850.0,86450.0,629
2807,629,11850.0,86450.0,1465
2808,1465,11866.6667,86450.0,414
2809,414,11866.6667,86466.6667,1709
2810,1709,11883.3333,86483.3333,1649
2811,1649,11900.0,86500.0,909
2812,909,11900.0,86516.6667,712
2813,712,11883.3333,86583.3333,2374
2814,2374,11883.3333,86583.3333,749
2815,749,11916.6667,86616.6667,2466
2816,2466,11933.3333,86566.6667,297
2817,297,11933.3333,86550.0,3192
2818,3192,11916.6667,86516.6667,2050
2819,2050,11916.6667,86516.6667,891
2820,891,11916.6667,86516.6667,884
2821,884,11916.6667,86516.6667,2034
2822,2034,11933.3333,86500.0,2373
2823,2373,11933.3333,86483.3333,3028
2824,3028,11916.6667,86483.3333,362
2825,362,11916.6667,86483.3333,552
2826,552,11900.0,86483.3333,2873
2827,2873,11900.0,86466.6667,434
2828,434,11900.0,86433.3333,1608
2829,1608,11916.6667,86433.3333,3129
2830,3129,11916.6667,86416.6667,1943
2831,1943,11933.3333,86400.0,2658
2832,2658,11950.0,86416.6667,1684
2833,1684,11966.6667,86416.6667,1151
2834,1151,11966.6667,86416.6667,3233
2835,3233,11983.3333,86433.3333,3308
2836,3308,12016.6667,86400.0,2521
2837,2521,12050.0,86416.6667,3446
2838,3446,12033.3333,86466.6667,2090
2839,2090,12033.3333,86466.6667,2990
2840,2990,12033.3333,86466.6667,2802
2841,2802,12016.6667,86450.0,2538
2842,2538,11983.3333,86483.3333,2857
2843,2857,11966.6667,86483.3333,3389
2844,3389,11966.6667,86483.3333,105
2845,105,11983.3333,86516.6667,106
2846,106,11983.3333,86516.6667,2786
2847,2786,11983.3333,86516.6667,3141
2848,3141,11983.3333,86516.6667,948
2849,948,11983.3333,86550.0,787
2850,787,12000.0,86550.0,564
2851,564,11983.3333,86583.3333,1165
2852,1165,12016.6667,86583.3333,619
2853,619,12050.0,86566.6667,2818
2854,2818,12016.6667,86550.0,3342
2855,3342,12033.3333,86516.6667,2198
2856,2198,12066.6667,86500.0,1341
2857,1341,12066.6667,86500.0,473
2858,473,12066.6667,86500.0,3483
2859,3483,12070.8333,86481.9444,2025
2860,2025,12066.6667,86466.6667,1559
2861,1559,12083.3333,86466.6667,2707
2862,2707,12100.0,86466.6667,3310
2863,3310,12116.6667,86500.0,152
2864,152,12116.6667,86500.0,1305
2865,1305,12116.6667,86516.6667,1293
2866,1293,12116.6667,86516.6667,417
2867,417,12150.0,86516.6667,3078
2868,3078,12183.3333,86516.6667,679
2869,679,12183.3333,86516.6667,250
2870,250,12183.3333,86466.6667,234
2871,234,12183.3333,86466.6667,1625
2872,1625,12168.6111,86453.3333,497
2873,497,12150.0,86416.6667,1474
2874,1474,12166.6667,86416.6667,942
2875,942,12166.6667,86400.0,2752
2876,2752,12183.3333,86400.0,2891
2877,2891,12200.0,86383.3333,2602
2878,2602,12200.0,86383.3333,709
2879,709,12183.3333,86366.6667,3246
2880,3246,12192.7778,86369.1667,1549
2881,1549,12192.7778,86369.1667,1546
2882,1546,12192.7778,86369.1667,2419
2883,2419,12216.6667,86366.6667,2686
2884,2686,12233.3333,86383.3333,1536
2885,1536,12233.3333,86416.6667,1400
2886,1400,12239.1667,86429.1667,1377
2887,1377,12239.1667,86429.1667,2688
2888,2688,12266.6667,86400.0,2955
2889,2955,12283.3333,86371.3889,2431
2890,2431,12272.2222,86305.0,817
2891,817,12216.6667,86300.0,1365
2892,1365,12190.0,86331.3889,854
2893,854,12166.6667,86350.0,3292
2894,3292,12166.6667,86350.0,3482
2895,3482,12158.8889,86344.1667,1095
2896,1095,12150.0,86350.0,1648
2897,1648,12133.3333,86366.6667,2499
2898,2499,12100.0,86400.0,588
2899,588,12083.3333,86383.3333,183
2900,183,12066.6667,86383.3333,2442
2901,2442,12083.3333,86366.6667,576
2902,576,12083.3333,86366.6667,2705
2903,2705,12100.0,86350.0,2999
2904,2999,12116.6667,86316.6667,785
2905,785,12100.0,86316.6667,457
2906,457,12083.3333,86300.0,869
2907,869,12083.3333,86283.3333,2081
2908,2081,12083.3333,86266.6667,413
2909,413,12083.3333,86250.0,407
2910,407,12083.3333,86250.0,2000
2911,2000,12066.6667,86266.6667,2785
2912,2785,12066.6667,86283.3333,2916
2913,2916,12066.6667,86300.0,441
2914,441,12050.0,86316.6667,2470
2915,2470,12066.6667,86316.6667,474
2916,474,12066.6667,86333.3333,2961
2917,2961,12033.3333,86350.0,1391
2918,1391,12033.3333,86350.0,1727
2919,1727,12033.3333,86350.0,1398
2920,1398,12016.6667,86333.3333,2408
2921,2408,12016.6667,86316.6667,251
2922,251,12016.6667,86316.6667,855
2923,855,12033.3333,86300.0,398
2924,398,12016.6667,86283.3333,1270
2925,1270,12016.6667,86283.3333,1706
2926,1706,12016.6667,86283.3333,1929
2927,1929,12016.6667,86266.6667,1221
2928,1221,12016.6667,86266.6667,1955
2929,1955,12033.3333,86266.6667,187
2930,187,12033.3333,86266.6667,1644
2931,1644,12050.0,86266.6667,929
2932,929,12050.0,86266.6667,2465
2933,2465,12050.0,86250.0,606
2934,606,12033.3333,86250.0,475
2935,475,12033.3333,86250.0,2554
2936,2554,12033.3333,86250.0,433
2937,433,12016.6667,86250.0,788
2938,788,11983.3333,86216.6667,1493
2939,1493,12000.0,86216.6667,1543
2940,1543,12000.0,86216.6667,796
2941,796,12016.6667,86216.6667,268
2942,268,12023.3333,86200.5556,3302
2943,3302,12033.3333,86183.3333,1895
2944,1895,12050.0,86150.0,3100
2945,3100,12050.0,86150.0,3178
2946,3178,12050.0,86133.3333,3179
2947,3179,12050.0,86133.3333,1120
2948,1120,12083.3333,86150.0,2514
2949,2514,12083.3333,86150.0,1119
2950,1119,12083.3333,86150.0,116
2951,116,12083.3333,86166.6667,160
2952,160,12083.3333,86183.3333,161
2953,161,12083.3333,86183.3333,178
2954,178,12083.3333,86183.3333,2983
2955,2983,12066.6667,86200.0,2333
2956,2333,12066.6667,86216.6667,2984
2957,2984,12100.0,86216.6667,1754
2958,1754,12100.0,86216.6667,3478
2959,3478,12096.1111,86233.6111,2084
2960,2084,12116.6667,86250.0,1428
2961,1428,12150.8333,86268.3333,2801
2962,2801,12166.6667,86216.6667,682
2963,682,12150.0,86216.6667,2826
2964,2826,12133.3333,86216.6667,456
2965,456,12116.6667,86200.0,982
2966,982,12122.2222,86165.0,1726
2967,1726,12150.0,86166.6667,1390
2968,1390,12150.0,86166.6667,551
2969,551,12150.0,86150.0,882
2970,882,12150.0,86150.0,1786
2971,1786,12166.6667,86133.3333,2376
2972,2376,12150.0,86116.6667,11
2973,11,12150.0,86116.6667,2548
2974,2548,12133.3333,86116.6667,1198
2975,1198,12133.3333,86116.6667,3009
2976,3009,12120.0,86121.9444,3008
2977,3008,12120.0,86121.9444,2035
2978,2035,12083.3333,86100.0,1564
2979,1564,12066.6667,86100.0,3418
2980,3418,12066.6667,86100.0,1563
2981,1563,12066.6667,86100.0,3315
2982,3315,12033.3333,86116.6667,1276
2983,1276,12004.7222,86119.4444,2736
2984,2736,12019.4444,86072.7778,2979
2985,2979,12019.4444,86072.7778,3115
2986,3115,12019.4444,86072.7778,3476
2987,3476,12019.4444,86072.7778,2980
2988,2980,12019.4444,86072.7778,1678
2989,1678,12053.3333,86076.9444,3082
2990,3082,12053.3333,86076.9444,3450
2991,3450,12075.0,86049.1667,252
2992,252,12083.8889,86017.5,786
2993,786,12050.0,86000.0,3098
2994,3098,12033.3333,86016.6667,1856
2995,1856,12033.3333,86016.6667,2562
2996,2562,12031.9444,86020.8333,3109
2997,3109,12031.9444,86020.8333,1760
2998,1760,12000.0,86033.3333,590
2999,590,11983.3333,86050.0,2527
3000,2527,11983.3333,86050.0,1576
3001,1576,11983.3333,86016.6667,3152
3002,3152,11966.6667,86016.6667,2798
3003,2798,11966.6667,86016.6667,2698
3004,2698,11950.0,86016.6667,711
3005,711,11966.6667,86000.0,665
3006,665,11966.6667,85983.3333,748
3007,748,11950.0,85983.3333,824
3008,824,11916.6667,86000.0,2384
3009,2384,11900.0,85983.3333,1010
3010,1010,11883.3333,85983.3333,1957
3011,1957,11883.3333,86000.0,2675
3012,2675,11883.3333,86000.0,1084
3013,1084,11883.3333,86000.0,1393
3014,1393,11883.3333,86016.6667,3174
3015,3174,11866.6667,86000.0,2663
3016,2663,11850.0,86016.6667,2283
3017,2283,11850.0,86016.6667,2282
3018,2282,11850.0,86016.6667,2477
3019,2477,11866.6667,86033.3333,2884
3020,2884,11866.6667,86050.0,2887
3021,2887,11883.3333,86050.0,730
3022,730,11900.0,86083.3333,750
3023,750,11900.0,86083.3333,3068
3024,3068,11916.6667,86083.3333,3307
3025,3307,11916.6667,86100.0,1487
3026,1487,11916.6667,86100.0,1294
3027,1294,11933.3333,86116.6667,1295
3028,1295,11933.3333,86116.6667,3306
3029,3306,11950.0,86100.0,1349
3030,1349,11950.0,86100.0,1235
3031,1235,11950.0,86083.3333,1412
3032,1412,11966.6667,86100.0,92
3033,92,11950.0,86116.6667,125
3034,125,11950.0,86133.3333,1364
3035,1364,11950.0,86150.0,1668
3036,1668,11950.0,86166.6667,1218
3037,1218,11950.0,86183.3333,747
3038,747,11950.0,86183.3333,737
3039,737,11950.0,86183.3333,3309
3040,3309,11950.0,86183.3333,2016
3041,2016,11933.3333,86183.3333,2977
3042,2977,11933.3333,86183.3333,2064
3043,2064,11933.3333,86183.3333,2039
3044,2039,11933.3333,86183.3333,1413
3045,1413,11916.6667,86150.0,1146
3046,1146,11900.0,86116.6667,1145
3047,1145,11900.0,86116.6667,3304
3048,3304,11900.0,86116.6667,1144
3049,1144,11900.0,86116.6667,1273
3050,1273,11900.0,86100.0,1274
3051,1274,11900.0,86100.0,1275
3052,1275,11900.0,86100.0,2515
3053,2515,11866.6667,86100.0,2563
3054,2563,11866.6667,86100.0,1783
3055,1783,11850.0,86116.6667,415
3056,415,11866.6667,86133.3333,458
3057,458,11866.6667,86133.3333,2710
3058,2710,11866.6667,86133.3333,790
3059,790,11850.0,86150.0,755
3060,755,11850.0,86150.0,993
3061,993,11833.3333,86166.6667,2467
3062,2467,11833.3333,86166.6667,2879
3063,2879,11833.3333,86183.3333,2699
3064,2699,11833.3333,86183.3333,2261
3065,2261,11816.6667,86183.3333,2253
3066,2253,11816.6667,86183.3333,2252
3067,2252,11816.6667,86183.3333,2251
3068,2251,11816.6667,86183.3333,3439
3069,3439,11816.6667,86200.0,3435
3070,3435,11816.6667,86200.0,2869
3071,2869,11816.6667,86200.0,1207
3072,1207,11800.0,86200.0,2571
3073,2571,11800.0,86216.6667,2637
3074,2637,11783.3333,86233.3333,2557
3075,2557,11766.6667,86233.3333,2827
3076,2827,11750.0,86233.3333,1848
3077,1848,11766.6667,86216.6667,1855
3078,1855,11766.6667,86200.0,311
3079,311,11766.6667,86200.0,477
3080,477,11783.3333,86200.0,1764
3081,1764,11766.6667,86183.3333,2875
3082,2875,11783.3333,86183.3333,436
3083,436,11800.0,86166.6667,437
3084,437,11800.0,86166.6667,1735
3085,1735,11800.0,86166.6667,841
3086,841,11783.3333,86150.0,1481
3087,1481,11800.0,86150.0,1525
3088,1525,11816.6667,86150.0,1867
3089,1867,11816.6667,86133.3333,1863
3090,1863,11816.6667,86133.3333,1176
3091,1176,11816.6667,86133.3333,2334
3092,2334,11816.6667,86100.0,652
3093,652,11833.3333,86100.0,931
3094,931,11833.3333,86083.3333,2693
3095,2693,11800.0,86066.6667,2718
3096,2718,11816.6667,86050.0,896
3097,896,11800.0,86033.3333,897
3098,897,11800.0,86033.3333,1946
3099,1946,11800.0,86033.3333,2072
3100,2072,11800.0,86033.3333,2719
3101,2719,11800.0,86033.3333,2060
3102,2060,11783.3333,86050.0,1879
3103,1879,11783.3333,86050.0,864
3104,864,11783.3333,86050.0,1246
3105,1246,11783.3333,86050.0,1336
3106,1336,11783.3333,86050.0,932
3107,932,11766.6667,86066.6667,1809
3108,1809,11750.0,86066.6667,1297
3109,1297,11750.0,86050.0,1791
3110,1791,11750.0,86033.3333,2181
3111,2181,11733.3333,86033.3333,1561
3112,1561,11733.3333,86016.6667,117
3113,117,11733.3333,86000.0,1139
3114,1139,11733.3333,86000.0,2522
3115,2522,11733.3333,86000.0,1500
3116,1500,11766.6667,86016.6667,1475
3117,1475,11783.3333,86016.6667,2323
3118,2323,11783.3333,86000.0,3444
3119,3444,11783.3333,85966.6667,2870
3120,2870,11783.3333,85966.6667,1476
3121,1476,11783.3333,85966.6667,1397
3122,1397,11766.6667,85950.0,2293
3123,2293,11733.3333,85933.3333,2596
3124,2596,11733.3333,85916.6667,118
3125,118,11733.3333,85916.6667,91
3126,91,11700.0,85900.0,2378
3127,2378,11700.0,85900.0,618
3128,618,11683.3333,85916.6667,1394
3129,1394,11700.0,85950.0,1396
3130,1396,11700.0,85950.0,631
3131,631,11666.6667,85950.0,792
3132,792,11650.0,85950.0,439
3133,439,11633.3333,85933.3333,1731
3134,1731,11633.3333,85950.0,2860
3135,2860,11633.3333,85950.0,2807
3136,2807,11650.0,85983.3333,1765
3137,1765,11666.6667,85983.3333,1263
3138,1263,11666.6667,85983.3333,1187
3139,1187,11666.6667,85983.3333,1182
3140,1182,11666.6667,85983.3333,1181
3141,1181,11666.6667,85983.3333,2036
3142,2036,11683.3333,86000.0,1296
3143,1296,11683.3333,86033.3333,511
3144,511,11700.0,86033.3333,595
3145,595,11716.6667,86050.0,3415
3146,3415,11716.6667,86050.0,2204
3147,2204,11716.6667,86050.0,1392
3148,1392,11733.3333,86066.6667,1729
3149,1729,11733.3333,86066.6667,147
3150,147,11733.3333,86083.3333,148
3151,148,11733.3333,86083.3333,2208
3152,2208,11733.3333,86083.3333,2385
3153,2385,11733.3333,86083.3333,2056
3154,2056,11733.3333,86100.0,3195
3155,3195,11733.3333,86100.0,2388
3156,2388,11750.0,86100.0,898
3157,898,11766.6667,86100.0,1664
3158,1664,11783.3333,86116.6667,2993
3159,2993,11766.6667,86133.3333,1299
3160,1299,11766.6667,86150.0,2816
3161,2816,11750.0,86150.0,857
3162,857,11750.0,86166.6667,2821
3163,2821,11716.6667,86166.6667,1891
3164,1891,11700.0,86166.6667,3235
3165,3235,11683.3333,86183.3333,2776
3166,2776,11683.3333,86166.6667,1928
3167,1928,11666.6667,86166.6667,2023
3168,2023,11650.0,86183.3333,1190
3169,1190,11633.3333,86200.0,2211
3170,2211,11633.3333,86216.6667,3431
3171,3431,11616.6667,86200.0,3434
3172,3434,11616.6667,86200.0,1850
3173,1850,11600.0,86200.0,2492
3174,2492,11600.0,86183.3333,2667
3175,2667,11583.3333,86183.3333,1708
3176,1708,11566.6667,86166.6667,2876
3177,2876,11566.6667,86150.0,1797
3178,1797,11550.0,86116.6667,2631
3179,2631,11583.3333,86100.0,1830
3180,1830,11616.6667,86100.0,1962
3181,1962,11616.6667,86116.6667,2685
3182,2685,11633.3333,86133.3333,1849
3183,1849,11616.6667,86150.0,1840
3184,1840,11633.3333,86166.6667,2305
3185,2305,11650.0,86150.0,2634
3186,2634,11650.0,86133.3333,2636
3187,2636,11666.6667,86133.3333,2580
3188,2580,11683.3333,86133.3333,1409
3189,1409,11700.0,86133.3333,2437
3190,2437,11716.6667,86133.3333,1852
3191,1852,11716.6667,86116.6667,2655
3192,2655,11683.3333,86100.0,2045
3193,2045,11666.6667,86083.3333,811
3194,811,11650.0,86066.6667,2046
3195,2046,11633.3333,86066.6667,3062
3196,3062,11650.0,86033.3333,1427
3197,1427,11633.3333,86016.6667,820
3198,820,11616.6667,86000.0,698
3199,698,11600.0,86016.6667,700
3200,700,11600.0,86016.6667,2352
3201,2352,11600.0,86033.3333,3286
3202,3286,11583.3333,86050.0,654
3203,654,11566.6667,86033.3333,1805
3204,1805,11533.3333,86050.0,1775
3205,1775,11533.3333,86066.6667,2483
3206,2483,11516.6667,86050.0,1983
3207,1983,11516.6667,86033.3333,2375
3208,2375,11533.3333,86016.6667,1411
3209,1411,11566.6667,85983.3333,3156
3210,3156,11600.0,85983.3333,530
3211,530,11616.6667,85966.6667,1158
3212,1158,11616.6667,85950.0,858
3213,858,11600.0,85950.0,3133
3214,3133,11600.0,85933.3333,506
3215,506,11600.0,85916.6667,2635
3216,2635,11583.3333,85883.3333,1307
3217,1307,11566.6667,85850.0,1994
3218,1994,11550.0,85833.3333,689
3219,689,11566.6667,85833.3333,2067
3220,2067,11600.0,85850.0,583
3221,583,11650.0,85866.6667,2645
3222,2645,11666.6667,85866.6667,630
3223,630,11683.3333,85866.6667,660
3224,660,11683.3333,85866.6667,1688
3225,1688,11716.6667,85866.6667,685
3226,685,11716.6667,85866.6667,1936
3227,1936,11716.6667,85833.3333,310
3228,310,11700.0,85800.0,2789
3229,2789,11733.3333,85783.3333,2775
3230,2775,11766.6667,85833.3333,684
3231,684,11766.6667,85850.0,862
3232,862,11750.0,85866.6667,1989
3233,1989,11766.6667,85883.3333,1947
3234,1947,11766.6667,85883.3333,1353
3235,1353,11783.3333,85900.0,758
3236,758,11783.3333,85900.0,3044
3237,3044,11800.0,85900.0,459
3238,459,11783.3333,85933.3333,508
3239,508,11783.3333,85933.3333,496
3240,496,11800.0,85933.3333,1631
3241,1631,11816.6667,85933.3333,1987
3242,1987,11816.6667,85950.0,2712
3243,2712,11816.6667,85966.6667,799
3244,799,11816.6667,85983.3333,1906
3245,1906,11816.6667,86000.0,591
3246,591,11833.3333,85983.3333,2082
3247,2082,11850.0,85983.3333,2022
3248,2022,11850.0,85983.3333,435
3249,435,11850.0,85983.3333,3194
3250,3194,11850.0,85950.0,1774
3251,1774,11850.0,85950.0,2055
3252,2055,11850.0,85950.0,2910
3253,2910,11833.3333,85933.3333,523
3254,523,11850.0,85916.6667,1944
3255,1944,11866.6667,85916.6667,2406
3256,2406,11866.6667,85950.0,299
3257,299,11883.3333,85950.0,1796
3258,1796,11900.0,85933.3333,2491
3259,2491,11900.0,85900.0,1687
3260,1687,11916.6667,85916.6667,565
3261,565,11916.6667,85933.3333,2302
3262,2302,11933.3333,85950.0,276
3263,276,11950.0,85950.0,277
3264,277,11950.0,85950.0,1265
3265,1265,11950.0,85950.0,2047
3266,2047,11983.3333,85950.0,628
3267,628,12000.0,85966.6667,2787
3268,2787,11983.3333,85966.6667,902
3269,902,11983.3333,85983.3333,2444
3270,2444,12000.0,86000.0,3074
3271,3074,12016.6667,86000.0,127
3272,127,12016.6667,86000.0,110
3273,110,12016.6667,86000.0,570
3274,570,12016.6667,85983.3333,2648
3275,2648,12050.0,85950.0,1526
3276,1526,12083.3333,85900.0,2738
3277,2738,12083.3333,85900.0,3015
3278,3015,12083.3333,85900.0,1189
3279,1189,12116.6667,85883.3333,1193
3280,1193,12116.6667,85883.3333,2540
3281,2540,12116.6667,85883.3333,1772
3282,1772,12150.0,85900.0,455
3283,455,12183.3333,85883.3333,1771
3284,1771,12200.0,85850.0,2015
3285,2015,12183.3333,85850.0,861
3286,861,12166.6667,85850.0,1478
3287,1478,12150.0,85850.0,1433
3288,1433,12150.0,85833.3333,1435
3289,1435,12150.0,85833.3333,1626
3290,1626,12133.3333,85850.0,1982
3291,1982,12116.6667,85850.0,1215
3292,1215,12100.0,85833.3333,278
3293,278,12133.3333,85800.0,2508
3294,2508,12116.6667,85783.3333,3419
3295,3419,12116.6667,85766.6667,1971
3296,1971,12100.0,85716.6667,1875
3297,1875,12066.6667,85683.3333,519
3298,519,12083.3333,85666.6667,1362
3299,1362,12116.6667,85683.3333,493
3300,493,12133.3333,85716.6667,1416
3301,1416,12166.6667,85733.3333,1414
3302,1414,12166.6667,85733.3333,3067
3303,3067,12183.3333,85800.0,2275
3304,2275,12216.6667,85816.6667,1676
3305,1676,12250.0,85816.6667,265
3306,265,12266.6667,85800.0,1758
3307,1758,12233.3333,85766.6667,2502
3308,2502,12250.0,85750.0,2862
3309,2862,12266.6667,85716.6667,1847
3310,1847,12283.3333,85666.6667,852
3311,852,12300.0,85650.0,2761
3312,2761,12316.6667,85616.6667,2476
3313,2476,12333.3333,85650.0,2371
3314,2371,12350.0,85666.6667,717
3315,717,12383.3333,85666.6667,2533
3316,2533,12383.3333,85683.3333,2395
3317,2395,12383.3333,85700.0,3066
3318,3066,12366.6667,85700.0,1683
3319,1683,12350.0,85700.0,1921
3320,1921,12350.0,85733.3333,1017
3321,1017,12316.6667,85716.6667,1826
3322,1826,12316.6667,85716.6667,1751
3323,1751,12316.6667,85733.3333,1574
3324,1574,12316.6667,85766.6667,2914
3325,2914,12350.0,85783.3333,1109
3326,1109,12366.6667,85800.0,3441
3327,3441,12383.3333,85783.3333,2927
3328,2927,12383.3333,85766.6667,563
3329,563,12416.6667,85800.0,271
3330,271,12416.6667,85800.0,213
3331,213,12416.6667,85800.0,2943
3332,2943,12416.6667,85850.0,1998
3333,1998,12416.6667,85850.0,3164
3334,3164,12433.3333,85866.6667,2559
3335,2559,12450.0,85900.0,1495
3336,1495,12483.3333,85916.6667,244
3337,244,12516.6667,85916.6667,263
3338,263,12516.6667,85900.0,2829
3339,2829,12533.3333,85900.0,2598
3340,2598,12550.0,85933.3333,2721
3341,2721,12566.6667,85916.6667,2814
3342,2814,12583.3333,85916.6667,1272
3343,1272,12583.3333,85950.0,2711
3344,2711,12566.6667,85966.6667,2630
3345,2630,12533.3333,85966.6667,2722
3346,2722,12516.6667,85950.0,2078
3347,2078,12500.0,85983.3333,361
3348,361,12483.3333,85983.3333,1713
3349,1713,12467.7778,86001.1111,1715
3350,1715,12467.7778,86001.1111,1383
3351,1383,12467.7778,86001.1111,2079
3352,2079,12450.0,85966.6667,1502
3353,1502,12400.0,85966.6667,2434
3354,2434,12416.6667,85933.3333,1528
3355,1528,12400.0,85916.6667,1693
3356,1693,12383.3333,85916.6667,945
3357,945,12350.0,85900.0,2008
3358,2008,12366.6667,85883.3333,3343
3359,3343,12333.3333,85833.3333,2403
3360,2403,12300.0,85816.6667,3006
3361,3006,12283.3333,85866.6667,1878
3362,1878,12266.6667,85883.3333,2412
3363,2412,12250.0,85866.6667,616
3364,616,12216.6667,85883.3333,492
3365,492,12216.6667,85900.0,818
3366,818,12200.0,85950.0,853
3367,853,12233.3333,85983.3333,1833
3368,1833,12233.3333,85983.3333,1757
3369,1757,12216.6667,86000.0,903
3370,903,12183.3333,86000.0,536
3371,536,12216.6667,86033.3333,3452
3372,3452,12179.1667,86041.1111,746
3373,746,12168.8889,86034.7222,543
3374,543,12166.6667,86033.3333,2241
3375,2241,12150.0,86033.3333,2846
3376,2846,12116.6667,86033.3333,3451
3377,3451,12113.8889,86057.2222,3477
3378,3477,12127.7778,86064.4444,804
3379,804,12127.7778,86064.4444,14
3380,14,12149.1667,86080.0,15
3381,15,12149.1667,86080.0,2556
3382,2556,12166.6667,86100.0,1206
3383,1206,12166.6667,86100.0,253
3384,253,12200.5556,86093.8889,2649
3385,2649,12195.0,86072.2222,2464
3386,2464,12216.6667,86066.6667,2042
3387,2042,12233.3333,86083.3333,2019
3388,2019,12233.3333,86100.0,2206
3389,2206,12250.0,86083.3333,821
3390,821,12250.0,86083.3333,504
3391,504,12266.6667,86083.3333,2748
3392,2748,12283.3333,86066.6667,3040
3393,3040,12283.3333,86066.6667,491
3394,491,12266.6667,86050.0,3453
3395,3453,12271.6667,86006.1111,1770
3396,1770,12266.6667,85983.3333,3248
3397,3248,12266.6667,85933.3333,1548
3398,1548,12266.6667,85933.3333,2820
3399,2820,12266.6667,85933.3333,3243
3400,3243,12266.6667,85933.3333,3029
3401,3029,12300.0,85916.6667,3328
3402,3328,12333.3333,85950.0,1811
3403,1811,12333.3333,85950.0,1243
3404,1243,12316.6667,85966.6667,1240
3405,1240,12316.6667,85966.6667,3454
3406,3454,12319.4444,86002.5,810
3407,810,12339.7222,86022.7778,870
3408,870,12300.0,86033.3333,2696
3409,2696,12300.0,86050.0,2551
3410,2551,12300.0,86050.0,3479
3411,3479,12308.8889,86052.5,906
3412,906,12316.6667,86066.6667,1271
3413,1271,12333.3333,86050.0,1494
3414,1494,12333.3333,86050.0,1046
3415,1046,12358.8889,86050.2778,3081
3416,3081,12358.8889,86050.2778,828
3417,828,12383.3333,86050.0,837
3418,837,12416.6667,86033.3333,3094
3419,3094,12446.1111,86040.0,1740
3420,1740,12446.1111,86040.0,1442
3421,1442,12446.1111,86040.0,922
3422,922,12473.0556,86042.5,899
3423,899,12481.3889,86051.6667,3090
3424,3090,12483.3333,86016.6667,1638
3425,1638,12483.3333,86016.6667,3110
3426,3110,12500.0,86016.6667,2603
3427,2603,12500.0,86016.6667,2417
3428,2417,12532.5,86019.7222,3107
3429,3107,12532.5,86019.7222,1961
3430,1961,12533.3333,86016.6667,3103
3431,3103,12533.3333,86016.6667,3456
3432,3456,12554.7222,86010.5556,3117
3433,3117,12566.6667,86016.6667,2756
3434,2756,12566.6667,86016.6667,3457
3435,3457,12575.5556,86011.9444,167
3436,167,12583.3333,86016.6667,1129
3437,1129,12566.6667,86033.3333,1677
3438,1677,12566.6667,86033.3333,1490
3439,1490,12566.6667,86050.0,3455
3440,3455,12538.0556,86048.8889,3111
3441,3111,12533.3333,86050.0,2604
3442,2604,12533.3333,86050.0,3126
3443,3126,12516.6667,86050.0,3105
3444,3105,12516.6667,86050.0,2277
3445,2277,12516.6667,86050.0,322
3446,322,12500.0,86083.3333,2427
3447,2427,12500.0,86083.3333,2518
3448,2518,12450.0,86083.3333,429
3449,429,12466.6667,86150.0,992
3450,992,12483.3333,86150.0,2462
3451,2462,12483.3333,86150.0,1234
3452,1234,12466.6667,86200.0,3085
3453,3085,12466.6667,86200.0,605
3454,605,12450.0,86216.6667,1723
3455,1723,12416.6667,86166.6667,468
3456,468,12366.6667,86166.6667,3437
3457,3437,12350.0,86166.6667,924
3458,924,12350.0,86133.3333,926
3459,926,12316.6667,86166.6667,1642
3460,1642,12316.6667,86183.3333,529
3461,529,12300.0,86183.3333,1660
3462,1660,12300.0,86183.3333,2783
3463,2783,12316.6667,86216.6667,615
3464,615,12338.6111,86212.2222,626
3465,626,12350.0,86216.6667,781
3466,781,12350.0,86216.6667,2441
3467,2441,12366.6667,86233.3333,2066
3468,2066,12433.3333,86266.6667,527
3469,527,12466.6667,86283.3333,705
3470,705,12483.3333,86283.3333,2948
3471,2948,12500.0,86283.3333,1064
3472,1064,12500.0,86283.3333,835
3473,835,12504.7222,86300.2778,851
3474,851,12504.7222,86300.2778,840
3475,840,12504.7222,86300.2778,839
3476,839,12504.7222,86300.2778,1009
3477,1009,12492.2222,86357.5,109
3478,109,12500.0,86366.6667,1472
3479,1472,12466.6667,86400.0,2931
3480,2931,12482.7778,86433.6111,779
3481,779,12500.0,86433.3333,3076
3482,3076,12533.3333,86400.0,548
3483,548,12533.3333,86400.0,3128
3484,3128,12566.6667,86416.6667,3120
3485,3120,12566.6667,86416.6667,3119
3486,3119,12583.3333,86400.0,1888
3487,1888,12583.3333,86400.0,880
3488,880,12566.6667,86366.6667,2416
3489,2416,12566.6667,86366.6667,490
3490,490,12550.0,86350.0,1890
3491,1890,12596.9444,86352.7778,3099
3492,3099,12596.9444,86352.7778,466
3493,466,12633.3333,86350.0,2568
3494,2568,12650.0,86383.3333,2695
3495,2695,12674.1667,86422.7778,1
