file,ply,side,san,raw,dcc,stability,adsr,trend,momentum,tunnel,dcc1
TCEC_Cup14_SF_vs_Lc0_2024.pgn,1,w,e4,1,18,0.6,sustained,→,0,0,1
TCEC_Cup14_SF_vs_Lc0_2024.pgn,2,b,d5,,,,,,0,0,0
TCEC_Cup14_SF_vs_Lc0_2024.pgn,3,w,exd5,25,41,0.6,sustained,→,-0.3,0,1
TCEC_Cup14_SF_vs_Lc0_2024.pgn,4,b,Nf6,-25,-9,0.6,sustained,→,0,0,0
TCEC_Cup14_SF_vs_Lc0_2024.pgn,5,w,d4,26,43,0.6,sustained,→,0,0,1
TCEC_Cup14_SF_vs_Lc0_2024.pgn,6,b,Nxd5,,,,,,0,0,0
TCEC_Cup14_SF_vs_Lc0_2024.pgn,7,w,c4,,,,,,0,0,0
TCEC_Cup14_SF_vs_Lc0_2024.pgn,8,b,Nf6,-22,-6,0.6,sustained,→,-0.3,0,1
TCEC_Cup14_SF_vs_Lc0_2024.pgn,9,w,Nf3,22,39,0.6,sustained,→,0,0,1
TCEC_Cup14_SF_vs_Lc0_2024.pgn,10,b,e6,,,,,,0,0,0
TCEC_Cup14_SF_vs_Lc0_2024.pgn,11,w,Nc3,,,,,,0,0,0
TCEC_Cup14_SF_vs_Lc0_2024.pgn,12,b,Be7,,,,,,0,0,0
TCEC_Cup14_SF_vs_Lc0_2024.pgn,13,w,Bd3,106,122,0.6,sustained,→,0,0,1
TCEC_Cup14_SF_vs_Lc0_2024.pgn,14,b,O-O,,,,,,0,0,0
TCEC_Cup14_SF_vs_Lc0_2024.pgn,15,w,Qe2,108,124,0.6,sustained,→,0,0,1
TCEC_Cup14_SF_vs_Lc0_2024.pgn,16,b,c5,-108,-91,0.6,sustained,→,0,0,1
TCEC_Cup14_SF_vs_Lc0_2024.pgn,17,w,dxc5,108,125,0.6,sustained,→,0,0,1
TCEC_Cup14_SF_vs_Lc0_2024.pgn,18,b,Nbd7,-108,-91,0.6,sustained,→,0,0,1
TCEC_Cup14_SF_vs_Lc0_2024.pgn,19,w,Bf4,108,124,0.6,sustained,→,0,0,1
TCEC_Cup14_SF_vs_Lc0_2024.pgn,20,b,Nxc5,-108,-91,0.6,sustained,→,0,0,1
TCEC_Cup14_SF_vs_Lc0_2024.pgn,21,w,O-O-O,,,,,,0,0,0
TCEC_Cup14_SF_vs_Lc0_2024.pgn,22,b,Qb6,,,,,,0,0,0
TCEC_Cup14_SF_vs_Lc0_2024.pgn,23,w,Bc2,108,125,0.6,sustained,→,0.3,0,0
TCEC_Cup14_SF_vs_Lc0_2024.pgn,24,b,Bd7,-107,-91,0.6,sustained,→,-0.5,0,1
TCEC_Cup14_SF_vs_Lc0_2024.pgn,25,w,Ne5,107,122,0.5,sustained,→,0.7,0,1
TCEC_Cup14_SF_vs_Lc0_2024.pgn,26,b,Rfd8,,,,,,0,0,0
TCEC_Cup14_SF_vs_Lc0_2024.pgn,27,w,g4,121,138,0.6,sustained,→,0,0,1
TCEC_Cup14_SF_vs_Lc0_2024.pgn,28,b,Be8,-109,-86,0.6,building,→,1.3,0,1
TCEC_Cup14_SF_vs_Lc0_2024.pgn,29,w,g5,127,111,0.2,volatile,→,-4.5,0,1
TCEC_Cup14_SF_vs_Lc0_2024.pgn,30,b,Nfd7,,,,,,0,0,0
TCEC_Cup14_SF_vs_Lc0_2024.pgn,31,w,Ng4,127,143,0.6,sustained,→,0,0,1
TCEC_Cup14_SF_vs_Lc0_2024.pgn,32,b,f5,-127,-110,0.6,sustained,→,0,0,1
TCEC_Cup14_SF_vs_Lc0_2024.pgn,33,w,gxf6,127,137,0.4,sustained,→,-1.8,0,1
TCEC_Cup14_SF_vs_Lc0_2024.pgn,34,b,Nxf6,-134,-120,0.4,sustained,→,1.8,0,1
TCEC_Cup14_SF_vs_Lc0_2024.pgn,35,w,Be5,134,145,0.4,sustained,→,-1.8,0,1
TCEC_Cup14_SF_vs_Lc0_2024.pgn,36,b,Bg6,,,,,,0,0,0
TCEC_Cup14_SF_vs_Lc0_2024.pgn,37,w,Bxg6,134,150,0.6,sustained,→,0,0,1
TCEC_Cup14_SF_vs_Lc0_2024.pgn,38,b,hxg6,-134,-118,0.6,sustained,→,0,0,1
TCEC_Cup14_SF_vs_Lc0_2024.pgn,39,w,Bd4,134,149,0.5,sustained,→,0,0,1
TCEC_Cup14_SF_vs_Lc0_2024.pgn,40,b,Nb3+,,,,,,0,0,0
TCEC_Cup14_SF_vs_Lc0_2024.pgn,41,w,axb3,134,145,0.333,sustained,→,0,0,1
TCEC_Cup14_SF_vs_Lc0_2024.pgn,42,b,Rxd4,-134,-140,0.25,mixed,↓,-15.7,0,1
TCEC_Cup14_SF_vs_Lc0_2024.pgn,43,w,Rxd4,124,122,0,mixed,→,3.3,0,1
TCEC_Cup14_SF_vs_Lc0_2024.pgn,44,b,Qxd4,-124,-133,0,mixed,→,-3.3,0,1
TCEC_Cup14_SF_vs_Lc0_2024.pgn,45,w,Qxe6+,124,135,0.333,sustained,→,0,0,1
TCEC_Cup14_SF_vs_Lc0_2024.pgn,46,b,Kf8,-124,-113,0.333,sustained,→,0,0,1
TCEC_Cup14_SF_vs_Lc0_2024.pgn,47,w,Re1,124,128,0,sustained,→,0,0,1
TCEC_Cup14_SF_vs_Lc0_2024.pgn,48,b,Re8,-124,-120,0,sustained,→,0,0,1
TCEC_Cup14_SF_vs_Lc0_2024.pgn,49,w,Nxf6,124,138,0.5,sustained,→,0,0,1
TCEC_Cup14_SF_vs_Lc0_2024.pgn,50,b,Qxf6,-124,-110,0.5,sustained,→,0,0,1
TCEC_Cup14_SF_vs_Lc0_2024.pgn,51,w,Qe3,124,128,0.5,unknown,→,0,0,1
TCEC_Cup14_SF_vs_Lc0_2024.pgn,52,b,Qf7,,,,,,0,0,0
TCEC_Cup14_SF_vs_Lc0_2024.pgn,53,w,Rd1,127,143,0.6,sustained,→,0,0,1
TCEC_Cup14_SF_vs_Lc0_2024.pgn,54,b,b6,,,,,,0,0,0
TCEC_Cup14_SF_vs_Lc0_2024.pgn,55,w,Rd7,144,155,0.333,sustained,→,0,0,1
TCEC_Cup14_SF_vs_Lc0_2024.pgn,56,b,Qf5,-144,-140,0,sustained,→,0,0,1
TCEC_Cup14_SF_vs_Lc0_2024.pgn,57,w,Rd5,144,128,0,spike,→,-242,0,1
TCEC_Cup14_SF_vs_Lc0_2024.pgn,58,b,Qf7,-144,-130,0.5,sustained,→,0,0,1
TCEC_Cup14_SF_vs_Lc0_2024.pgn,59,w,Qg3,144,158,0.5,sustained,→,0,0,1
TCEC_Cup14_SF_vs_Lc0_2024.pgn,60,b,Kg8,-144,-140,0.5,unknown,→,0,0,1
TCEC_Cup14_SF_vs_Lc0_2024.pgn,61,w,Ne4,,,,,,0,0,0
TCEC_Cup14_SF_vs_Lc0_2024.pgn,62,b,Rd8,-139,-128,0.333,sustained,→,0,0,1
TCEC_Cup14_SF_vs_Lc0_2024.pgn,63,w,Qe5,139,144,0,sustained,→,0,0,1
TCEC_Cup14_SF_vs_Lc0_2024.pgn,64,b,Re8,-139,-135,0,sustained,→,0,0,1
TCEC_Cup14_SF_vs_Lc0_2024.pgn,65,w,f3,139,123,0.5,collapse,→,0,0,1
TCEC_Cup14_SF_vs_Lc0_2024.pgn,66,b,Bh4,,,,,,0,0,0
TCEC_Cup14_SF_vs_Lc0_2024.pgn,67,w,Qc3,153,158,0.5,unknown,→,0,0,1
TCEC_Cup14_SF_vs_Lc0_2024.pgn,68,b,Rf8,,,,,,0,0,0
TCEC_Cup14_SF_vs_Lc0_2024.pgn,69,w,Rd3,157,161,0.5,unknown,→,0,0,1
TCEC_Cup14_SF_vs_Lc0_2024.pgn,70,b,Qe6,,,,,,0,0,0
TCEC_Cup14_SF_vs_Lc0_2024.pgn,71,w,b4,166,180,0.5,sustained,→,0,0,1
TCEC_Cup14_SF_vs_Lc0_2024.pgn,72,b,Be7,-166,-151,0.5,sustained,→,0,0,1
TCEC_Cup14_SF_vs_Lc0_2024.pgn,73,w,Kb1,166,171,0.5,unknown,→,0,0,1
TCEC_Cup14_SF_vs_Lc0_2024.pgn,74,b,g5,,,,,,0,0,0
TCEC_Cup14_SF_vs_Lc0_2024.pgn,75,w,Re3,212,216,0,sustained,→,0,0,1
TCEC_Cup14_SF_vs_Lc0_2024.pgn,76,b,g4,-212,-208,0,sustained,→,0,0,1
TCEC_Cup14_SF_vs_Lc0_2024.pgn,77,w,fxg4,212,226,0.5,sustained,→,0,0,1
TCEC_Cup14_SF_vs_Lc0_2024.pgn,78,b,Qxg4,-212,-198,0.5,sustained,→,0,0,1
TCEC_Cup14_SF_vs_Lc0_2024.pgn,79,w,c5,212,216,0.5,unknown,→,0,0,1
TCEC_Cup14_SF_vs_Lc0_2024.pgn,80,b,bxc5,,,,,,0,0,0
TCEC_Cup14_SF_vs_Lc0_2024.pgn,81,w,bxc5,221,225,0.5,unknown,→,0,0,1
TCEC_Cup14_SF_vs_Lc0_2024.pgn,82,b,Qe6,,,,,,0,0,0
TCEC_Cup14_SF_vs_Lc0_2024.pgn,83,w,Qd3,225,239,0.5,sustained,→,0,0,1
TCEC_Cup14_SF_vs_Lc0_2024.pgn,84,b,Qg6,,,,,,0,0,0
TCEC_Cup14_SF_vs_Lc0_2024.pgn,85,w,Ka2,264,268,0.5,unknown,→,0,0,1
TCEC_Cup14_SF_vs_Lc0_2024.pgn,86,b,Rd8,,,,,,0,0,0
TCEC_Cup14_SF_vs_Lc0_2024.pgn,87,w,Qc4+,284,288,0,sustained,→,0,0,1
TCEC_Cup14_SF_vs_Lc0_2024.pgn,88,b,Qf7,-284,-280,0,sustained,→,0,0,1
TCEC_Cup14_SF_vs_Lc0_2024.pgn,89,w,Qxf7+,284,298,0.5,sustained,→,0,0,1
TCEC_Cup14_SF_vs_Lc0_2024.pgn,90,b,Kxf7,-284,-270,0.5,sustained,→,0,0,1
TCEC_Cup14_SF_vs_Lc0_2024.pgn,91,w,b4,284,287,0.5,unknown,→,0,0,1
TCEC_Cup14_SF_vs_Lc0_2024.pgn,92,b,Rh8,,,,,,0,0,0
TCEC_Cup14_SF_vs_Lc0_2024.pgn,93,w,Kb3,308,321,0.5,sustained,→,0,0,1
TCEC_Cup14_SF_vs_Lc0_2024.pgn,94,b,Rxh2,-308,-294,0.5,sustained,→,0,0,1
TCEC_Cup14_SF_vs_Lc0_2024.pgn,95,w,Kc4,308,311,0.5,unknown,→,0,0,1
TCEC_Cup14_SF_vs_Lc0_2024.pgn,96,b,g5,,,,,,0,0,0
TCEC_Cup14_SF_vs_Lc0_2024.pgn,97,w,Kd5,358,361,0.5,unknown,→,0,0,1
TCEC_Cup14_SF_vs_Lc0_2024.pgn,98,b,Rb2,,,,,,0,0,0
TCEC_Cup14_SF_vs_Lc0_2024.pgn,99,w,Nd6+,470,473,0.5,unknown,→,0,0,1
TCEC_Cup14_SF_vs_Lc0_2024.pgn,100,b,Bxd6,,,,,,0,0,0
TCEC_Cup14_SF_vs_Lc0_2024.pgn,101,w,cxd6,521,535,0.5,sustained,→,0,0,1
TCEC_Cup14_SF_vs_Lc0_2024.pgn,102,b,g4,,,,,,0,0,0
TCEC_Cup14_SF_vs_Lc0_2024.pgn,103,w,d7,538,541,0.5,unknown,→,0,0,1
TCEC_Cup14_SF_vs_Lc0_2024.pgn,104,b,g3,,,,,,0,0,0
TCEC_Cup14_SF_vs_Lc0_2024.pgn,105,w,Kc6,24994,24998,0,sustained,→,0,0,1
TCEC_Cup14_SF_vs_Lc0_2024.pgn,106,b,Rc2+,-24995,-24992,0,sustained,→,-1,0,1
TCEC_Cup14_SF_vs_Lc0_2024.pgn,107,w,Kb7,24996,25010,0.5,sustained,→,0,0,1
TCEC_Cup14_SF_vs_Lc0_2024.pgn,108,b,g2,,,,,,0,0,0
TCEC_Cup14_SF_vs_Lc0_2024.pgn,109,w,d8=Q,29981,29984,0.5,unknown,→,0,0,1
TCEC_Cup14_SF_vs_Lc0_2024.pgn,110,b,g1=Q,,,,,,0,0,0
TCEC_Cup14_SF_vs_Lc0_2024.pgn,111,w,Re7+,29991,30001,0.333,sustained,→,0,0,1
TCEC_Cup14_SF_vs_Lc0_2024.pgn,112,b,Kg6,-29992,-29983,0.333,sustained,→,0,0,1
TCEC_Cup14_SF_vs_Lc0_2024.pgn,113,w,Qg8+,29993,29996,0,sustained,→,0,0,1
TCEC_Cup14_SF_vs_Lc0_2024.pgn,114,b,Kf5,-29994,-29991,0,sustained,→,0,0,1
TCEC_Cup14_SF_vs_Lc0_2024.pgn,115,w,Qf8+,29995,30008,0.5,sustained,→,0,0,1
TCEC_Cup14_SF_vs_Lc0_2024.pgn,116,b,Kg4,-29996,-29983,0.5,sustained,→,0,0,1
TCEC_Cup14_SF_vs_Lc0_2024.pgn,117,w,Rg7+,29997,30000,0.5,unknown,→,0,0,1
TCEC_Cup14_SF_vs_Lc0_2024.pgn,118,b,Kh3,-29998,-29995,0.5,unknown,→,0,0,1
TCEC_Cup14_SF_vs_Lc0_2024.pgn,119,w,Qh8#,29999,,,,,0,0,
TCEC_Cup14_SF_vs_Lc0_2024.pgn,1,w,e4,1,18,0.6,sustained,→,0,0,1
TCEC_Cup14_SF_vs_Lc0_2024.pgn,2,b,d6,,,,,,0,0,0
TCEC_Cup14_SF_vs_Lc0_2024.pgn,3,w,d4,13,29,0.6,sustained,→,-0.3,0,1
TCEC_Cup14_SF_vs_Lc0_2024.pgn,4,b,Nf6,,,,,,0,0,0
TCEC_Cup14_SF_vs_Lc0_2024.pgn,5,w,Nc3,,,,,,0,0,0
TCEC_Cup14_SF_vs_Lc0_2024.pgn,6,b,g6,,,,,,0,0,0
TCEC_Cup14_SF_vs_Lc0_2024.pgn,7,w,f4,17,,,,,0,0,0
TCEC_Cup14_SF_vs_Lc0_2024.pgn,8,b,c6,,,,,,0,0,0
TCEC_Cup14_SF_vs_Lc0_2024.pgn,9,w,Nf3,109,126,0.6,sustained,→,0,0,1
TCEC_Cup14_SF_vs_Lc0_2024.pgn,10,b,Bg7,-108,-91,0.6,sustained,→,0,0,1
TCEC_Cup14_SF_vs_Lc0_2024.pgn,11,w,Bd3,108,125,0.6,sustained,→,0,0,1
TCEC_Cup14_SF_vs_Lc0_2024.pgn,12,b,O-O,-108,-91,0.6,sustained,→,0,0,1
TCEC_Cup14_SF_vs_Lc0_2024.pgn,13,w,O-O,108,125,0.6,sustained,→,0,0,1
TCEC_Cup14_SF_vs_Lc0_2024.pgn,14,b,Na6,-108,-92,0.6,sustained,→,0,0,1
TCEC_Cup14_SF_vs_Lc0_2024.pgn,15,w,h3,,,,,,0,0,0
TCEC_Cup14_SF_vs_Lc0_2024.pgn,16,b,c5,-93,-77,0.6,sustained,→,0,0,1
TCEC_Cup14_SF_vs_Lc0_2024.pgn,17,w,d5,92,108,0.6,sustained,→,0,0,1
TCEC_Cup14_SF_vs_Lc0_2024.pgn,18,b,Rb8,-92,-76,0.6,sustained,→,0,0,1
TCEC_Cup14_SF_vs_Lc0_2024.pgn,19,w,f5,92,109,0.6,sustained,→,0,0,1
TCEC_Cup14_SF_vs_Lc0_2024.pgn,20,b,Nc7,,,,,,0,0,0
TCEC_Cup14_SF_vs_Lc0_2024.pgn,21,w,a4,115,132,0.6,sustained,→,0,0,1
TCEC_Cup14_SF_vs_Lc0_2024.pgn,22,b,a6,-115,-98,0.6,sustained,→,0,0,1
TCEC_Cup14_SF_vs_Lc0_2024.pgn,23,w,a5,115,132,0.6,sustained,→,0,0,1
TCEC_Cup14_SF_vs_Lc0_2024.pgn,24,b,gxf5,-115,-98,0.6,sustained,→,0,0,1
TCEC_Cup14_SF_vs_Lc0_2024.pgn,25,w,exf5,115,131,0.6,sustained,→,0,0,1
TCEC_Cup14_SF_vs_Lc0_2024.pgn,26,b,b5,-115,-98,0.6,sustained,→,0,0,1
TCEC_Cup14_SF_vs_Lc0_2024.pgn,27,w,axb6,115,132,0.6,sustained,→,0,0,1
TCEC_Cup14_SF_vs_Lc0_2024.pgn,28,b,Ncxd5,,,,,,0,0,0
TCEC_Cup14_SF_vs_Lc0_2024.pgn,29,w,Nxd5,119,133,0.5,sustained,→,0,0,1
TCEC_Cup14_SF_vs_Lc0_2024.pgn,30,b,Nxd5,-119,-105,0.5,sustained,→,0,0,1
TCEC_Cup14_SF_vs_Lc0_2024.pgn,31,w,Ra4,119,130,0.333,sustained,→,0,0,1
TCEC_Cup14_SF_vs_Lc0_2024.pgn,32,b,Qxb6,-119,-108,0.333,sustained,→,0,0,1
TCEC_Cup14_SF_vs_Lc0_2024.pgn,33,w,Kh2,119,123,0,sustained,→,0,0,1
TCEC_Cup14_SF_vs_Lc0_2024.pgn,34,b,Nf6,-119,-115,0,sustained,→,0,0,1
TCEC_Cup14_SF_vs_Lc0_2024.pgn,35,w,Rh4,119,133,0.5,sustained,→,0,0,1
TCEC_Cup14_SF_vs_Lc0_2024.pgn,36,b,c4,,,,,,0,0,0
TCEC_Cup14_SF_vs_Lc0_2024.pgn,37,w,Rxc4,123,127,0,sustained,→,0,0,1
TCEC_Cup14_SF_vs_Lc0_2024.pgn,38,b,a5,-123,-119,0,sustained,→,0,0,1
TCEC_Cup14_SF_vs_Lc0_2024.pgn,39,w,Rh4,123,137,0.5,sustained,→,0,0,1
TCEC_Cup14_SF_vs_Lc0_2024.pgn,40,b,Ba6,-123,-109,0.5,sustained,→,0,0,1
TCEC_Cup14_SF_vs_Lc0_2024.pgn,41,w,Ne1,123,127,0.5,unknown,→,0,0,1
TCEC_Cup14_SF_vs_Lc0_2024.pgn,42,b,Qc6,,,,,,0,0,0
TCEC_Cup14_SF_vs_Lc0_2024.pgn,43,w,Qe2,133,147,0.5,sustained,→,0,0,1
TCEC_Cup14_SF_vs_Lc0_2024.pgn,44,b,Rb4,-133,-122,0.333,sustained,→,0,0,1
TCEC_Cup14_SF_vs_Lc0_2024.pgn,45,w,Rxb4,133,143,0.333,sustained,→,0,0,1
TCEC_Cup14_SF_vs_Lc0_2024.pgn,46,b,Bxd3,-133,-129,0,sustained,→,0,0,1
TCEC_Cup14_SF_vs_Lc0_2024.pgn,47,w,Nxd3,133,137,0,sustained,→,0,0,1
TCEC_Cup14_SF_vs_Lc0_2024.pgn,48,b,axb4,-133,-119,0.5,sustained,→,0,0,1
TCEC_Cup14_SF_vs_Lc0_2024.pgn,49,w,Nxb4,135,149,0.5,sustained,→,0,0,1
TCEC_Cup14_SF_vs_Lc0_2024.pgn,50,b,Qb7,-135,-121,0.5,sustained,→,0,0,1
TCEC_Cup14_SF_vs_Lc0_2024.pgn,51,w,c3,135,139,0.5,unknown,→,0,0,1
TCEC_Cup14_SF_vs_Lc0_2024.pgn,52,b,d5,,,,,,0,0,0
TCEC_Cup14_SF_vs_Lc0_2024.pgn,53,w,Rd1,142,156,0.5,sustained,→,0,0,1
TCEC_Cup14_SF_vs_Lc0_2024.pgn,54,b,Re8,-142,-128,0.5,sustained,→,0,0,1
TCEC_Cup14_SF_vs_Lc0_2024.pgn,55,w,Be3,142,153,0.333,sustained,→,0,0,1
TCEC_Cup14_SF_vs_Lc0_2024.pgn,56,b,e6,-142,-131,0.333,sustained,→,0,0,1
TCEC_Cup14_SF_vs_Lc0_2024.pgn,57,w,fxe6,142,146,0,sustained,→,0,0,1
TCEC_Cup14_SF_vs_Lc0_2024.pgn,58,b,fxe6,-142,-138,0,sustained,→,0,0,1
TCEC_Cup14_SF_vs_Lc0_2024.pgn,59,w,Kg1,142,156,0.5,sustained,→,0,0,1
TCEC_Cup14_SF_vs_Lc0_2024.pgn,60,b,Ne4,-142,-127,0.5,sustained,→,0,0,1
TCEC_Cup14_SF_vs_Lc0_2024.pgn,61,w,Nd3,142,147,0.5,unknown,→,0,0,1
TCEC_Cup14_SF_vs_Lc0_2024.pgn,62,b,Qb5,,,,,,0,0,0
TCEC_Cup14_SF_vs_Lc0_2024.pgn,63,w,Qf3,151,155,0.5,unknown,→,0,0,1
TCEC_Cup14_SF_vs_Lc0_2024.pgn,64,b,e5,,,,,,0,0,0
TCEC_Cup14_SF_vs_Lc0_2024.pgn,65,w,Kh2,173,186,0.5,sustained,→,0,0,1
TCEC_Cup14_SF_vs_Lc0_2024.pgn,66,b,Nf6,-173,-160,0.5,sustained,→,0,0,1
TCEC_Cup14_SF_vs_Lc0_2024.pgn,67,w,Nc5,173,176,0.5,unknown,→,0,0,1
TCEC_Cup14_SF_vs_Lc0_2024.pgn,68,b,Qxb2,,,,,,0,0,0
TCEC_Cup14_SF_vs_Lc0_2024.pgn,69,w,Nd7,195,208,0.5,sustained,→,0,0,1
TCEC_Cup14_SF_vs_Lc0_2024.pgn,70,b,Nxd7,-195,-181,0.5,sustained,→,0,0,1
TCEC_Cup14_SF_vs_Lc0_2024.pgn,71,w,Qxd5+,195,206,0.333,sustained,→,0,0,1
TCEC_Cup14_SF_vs_Lc0_2024.pgn,72,b,Kh8,-195,-184,0.333,sustained,→,0,0,1
TCEC_Cup14_SF_vs_Lc0_2024.pgn,73,w,Qxd7,195,199,0,sustained,→,0,0,1
TCEC_Cup14_SF_vs_Lc0_2024.pgn,74,b,Rg8,-195,-191,0,sustained,→,0,0,1
TCEC_Cup14_SF_vs_Lc0_2024.pgn,75,w,c4,195,208,0.5,sustained,→,0,0,1
TCEC_Cup14_SF_vs_Lc0_2024.pgn,76,b,e4,-195,-176,0.5,building,↑,0,0,1
TCEC_Cup14_SF_vs_Lc0_2024.pgn,77,w,Qd2,176,180,0.5,unknown,→,0,0,1
TCEC_Cup14_SF_vs_Lc0_2024.pgn,78,b,Be5+,,,,,,0,0,0
TCEC_Cup14_SF_vs_Lc0_2024.pgn,79,w,Kg1,211,222,0.333,sustained,→,0,0,1
TCEC_Cup14_SF_vs_Lc0_2024.pgn,80,b,Qxd2,-211,-197,0.5,sustained,→,0,0,1
TCEC_Cup14_SF_vs_Lc0_2024.pgn,81,w,Rxd2,211,222,0.333,sustained,→,0,0,1
TCEC_Cup14_SF_vs_Lc0_2024.pgn,82,b,Kg7,-211,-207,0,sustained,→,0,0,1
TCEC_Cup14_SF_vs_Lc0_2024.pgn,83,w,Rd7+,211,225,0.5,sustained,→,0,0,1
TCEC_Cup14_SF_vs_Lc0_2024.pgn,84,b,Kg6,-211,-207,0,sustained,→,0,0,1
TCEC_Cup14_SF_vs_Lc0_2024.pgn,85,w,Re7,211,225,0.5,sustained,→,0,0,1
TCEC_Cup14_SF_vs_Lc0_2024.pgn,86,b,Kf6,-211,-198,0.5,sustained,→,0,0,1
TCEC_Cup14_SF_vs_Lc0_2024.pgn,87,w,Rxh7,211,214,0.5,unknown,→,0,0,1
TCEC_Cup14_SF_vs_Lc0_2024.pgn,88,b,Rb8,,,,,,0,0,0
TCEC_Cup14_SF_vs_Lc0_2024.pgn,89,w,Rd7,218,222,0.5,unknown,→,0,0,1
TCEC_Cup14_SF_vs_Lc0_2024.pgn,90,b,Bg3,,,,,,0,0,0
TCEC_Cup14_SF_vs_Lc0_2024.pgn,91,w,Kf1,230,233,0.5,unknown,→,0,0,1
TCEC_Cup14_SF_vs_Lc0_2024.pgn,92,b,Ke6,,,,,,0,0,0
TCEC_Cup14_SF_vs_Lc0_2024.pgn,93,w,Rd4,,,,,,0,0,0
TCEC_Cup14_SF_vs_Lc0_2024.pgn,94,b,Ke5,,,,,,0,0,0
TCEC_Cup14_SF_vs_Lc0_2024.pgn,95,w,Rd1,,,,,,0,0,0
TCEC_Cup14_SF_vs_Lc0_2024.pgn,96,b,Rb3,,,,,,0,0,0
TCEC_Cup14_SF_vs_Lc0_2024.pgn,97,w,Ke2,273,277,0.5,unknown,→,0,0,1
TCEC_Cup14_SF_vs_Lc0_2024.pgn,98,b,Kf5,,,,,,0,0,0
TCEC_Cup14_SF_vs_Lc0_2024.pgn,99,w,c5,293,307,0.5,sustained,→,0,0,1
TCEC_Cup14_SF_vs_Lc0_2024.pgn,100,b,Rc3,-293,-289,0,sustained,→,0,0,1
TCEC_Cup14_SF_vs_Lc0_2024.pgn,101,w,Rd5+,293,297,0,sustained,→,0,0,1
TCEC_Cup14_SF_vs_Lc0_2024.pgn,102,b,Ke6,-283,-279,0.5,mixed,→,0,0,1
TCEC_Cup14_SF_vs_Lc0_2024.pgn,103,w,Rd4,283,297,0.5,sustained,→,0,0,1
TCEC_Cup14_SF_vs_Lc0_2024.pgn,104,b,Ke5,,,,,,0,0,0
TCEC_Cup14_SF_vs_Lc0_2024.pgn,105,w,Rd1,,,,,,0,0,0
TCEC_Cup14_SF_vs_Lc0_2024.pgn,106,b,Kf5,-293,-289,0,sustained,→,0,0,1
TCEC_Cup14_SF_vs_Lc0_2024.pgn,107,w,Rd5+,293,297,0,sustained,→,0,0,1
TCEC_Cup14_SF_vs_Lc0_2024.pgn,108,b,Ke6,-283,-279,0.5,mixed,→,0,0,1
TCEC_Cup14_SF_vs_Lc0_2024.pgn,109,w,Rd8,,,,,,0,0,0
TCEC_Cup14_SF_vs_Lc0_2024.pgn,110,b,Rc2+,-267,-264,0.5,unknown,→,0,0,1
TCEC_Cup14_SF_vs_Lc0_2024.pgn,111,w,Kd1,,,,,,0,0,0
TCEC_Cup14_SF_vs_Lc0_2024.pgn,112,b,Rc3,,,,,,0,0,0
TCEC_Cup14_SF_vs_Lc0_2024.pgn,113,w,Kd2,274,278,0.5,unknown,→,0,0,1
TCEC_Cup14_SF_vs_Lc0_2024.pgn,114,b,Ra3,,,,,,0,0,0
TCEC_Cup14_SF_vs_Lc0_2024.pgn,115,w,Ke2,281,284,0.5,unknown,→,0,0,1
TCEC_Cup14_SF_vs_Lc0_2024.pgn,116,b,Rc3,,,,,,0,0,0
TCEC_Cup14_SF_vs_Lc0_2024.pgn,117,w,Rg8,375,379,0.5,unknown,→,0,0,1
TCEC_Cup14_SF_vs_Lc0_2024.pgn,118,b,Bc7,,,,,,0,0,0
TCEC_Cup14_SF_vs_Lc0_2024.pgn,119,w,h4,378,392,0.5,sustained,→,0,0,1
TCEC_Cup14_SF_vs_Lc0_2024.pgn,120,b,Rc2+,-378,-363,0.5,sustained,→,0,0,1
TCEC_Cup14_SF_vs_Lc0_2024.pgn,121,w,Kd1,378,382,0.5,unknown,→,0,0,1
TCEC_Cup14_SF_vs_Lc0_2024.pgn,122,b,Rc3,,,,,,0,0,0
TCEC_Cup14_SF_vs_Lc0_2024.pgn,123,w,Kd2,399,403,0.5,unknown,→,0,0,1
TCEC_Cup14_SF_vs_Lc0_2024.pgn,124,b,Ba5,,,,,,0,0,0
TCEC_Cup14_SF_vs_Lc0_2024.pgn,125,w,Ke2,415,429,0.5,sustained,→,0,0,1
TCEC_Cup14_SF_vs_Lc0_2024.pgn,126,b,Rc2+,-415,-401,0.5,sustained,→,0,0,1
TCEC_Cup14_SF_vs_Lc0_2024.pgn,127,w,Kf1,415,419,0.5,unknown,→,0,0,1
TCEC_Cup14_SF_vs_Lc0_2024.pgn,128,b,Rc3,,,,,,0,0,0
TCEC_Cup14_SF_vs_Lc0_2024.pgn,129,w,Bd2,544,548,0.5,unknown,→,0,0,1
TCEC_Cup14_SF_vs_Lc0_2024.pgn,130,b,Rxc5,,,,,,0,0,0
TCEC_Cup14_SF_vs_Lc0_2024.pgn,131,w,Bxa5,570,583,0.5,sustained,→,0,0,1
TCEC_Cup14_SF_vs_Lc0_2024.pgn,132,b,Rf5+,-570,-556,0.5,sustained,→,0,0,1
TCEC_Cup14_SF_vs_Lc0_2024.pgn,133,w,Ke2,570,554,0,spike,→,-1140,0,1
TCEC_Cup14_SF_vs_Lc0_2024.pgn,134,b,Rh5,,,,,,0,0,0
TCEC_Cup14_SF_vs_Lc0_2024.pgn,135,w,Rg4,24992,25006,0.5,sustained,→,0,0,1
TCEC_Cup14_SF_vs_Lc0_2024.pgn,136,b,Re5,,,,,,0,0,0
TCEC_Cup14_SF_vs_Lc0_2024.pgn,137,w,Rg5,24996,25010,0.5,sustained,→,0,0,1
TCEC_Cup14_SF_vs_Lc0_2024.pgn,138,b,e3,,,,,,0,0,0
TCEC_Cup14_SF_vs_Lc0_2024.pgn,139,w,Rxe5+,24998,25037,0.5,sustained,→,0,0,1
TCEC_Cup14_SF_vs_Lc0_2024.pgn,140,b,Kxe5,-24999,-24960,0.5,sustained,→,0,0,1
TCEC_Cup14_SF_vs_Lc0_2024.pgn,1,w,d4,,,,,,0,0,0
TCEC_Cup14_SF_vs_Lc0_2024.pgn,2,b,g6,,,,,,0,0,0
TCEC_Cup14_SF_vs_Lc0_2024.pgn,3,w,c4,,,,,,0,0,0
TCEC_Cup14_SF_vs_Lc0_2024.pgn,4,b,Bg7,,,,,,0,0,0
TCEC_Cup14_SF_vs_Lc0_2024.pgn,5,w,Nc3,12,28,0.6,sustained,→,0,0,0
TCEC_Cup14_SF_vs_Lc0_2024.pgn,6,b,d6,-12,3,0.6,sustained,→,-0.5,0,0
TCEC_Cup14_SF_vs_Lc0_2024.pgn,7,w,e4,12,28,0.6,sustained,→,0.3,0,0
TCEC_Cup14_SF_vs_Lc0_2024.pgn,8,b,Nc6,,,,,,0,0,0
TCEC_Cup14_SF_vs_Lc0_2024.pgn,9,w,d5,70,86,0.6,sustained,→,-0.3,0,1
TCEC_Cup14_SF_vs_Lc0_2024.pgn,10,b,Nd4,-60,-48,0.4,sustained,→,0,0,1
TCEC_Cup14_SF_vs_Lc0_2024.pgn,11,w,Be3,60,77,0.6,sustained,→,0,0,1
TCEC_Cup14_SF_vs_Lc0_2024.pgn,12,b,c5,,,,,,0,0,0
TCEC_Cup14_SF_vs_Lc0_2024.pgn,13,w,Nge2,77,94,0.6,sustained,→,0,0,1
TCEC_Cup14_SF_vs_Lc0_2024.pgn,14,b,Nxe2,,,,,,0,0,0
TCEC_Cup14_SF_vs_Lc0_2024.pgn,15,w,Bxe2,91,108,0.6,sustained,→,0,0,1
TCEC_Cup14_SF_vs_Lc0_2024.pgn,16,b,f5,-91,-74,0.6,sustained,→,0,0,1
TCEC_Cup14_SF_vs_Lc0_2024.pgn,17,w,exf5,91,108,0.6,sustained,→,0,0,1
TCEC_Cup14_SF_vs_Lc0_2024.pgn,18,b,Bxf5,-91,-74,0.6,sustained,→,0,0,1
TCEC_Cup14_SF_vs_Lc0_2024.pgn,19,w,h4,,,,,,0,0,0
TCEC_Cup14_SF_vs_Lc0_2024.pgn,20,b,Nh6,,,,,,0,0,0
TCEC_Cup14_SF_vs_Lc0_2024.pgn,21,w,g4,109,126,0.6,sustained,→,0,0,1
TCEC_Cup14_SF_vs_Lc0_2024.pgn,22,b,Bd7,-95,-79,0.6,sustained,→,0,0,1
TCEC_Cup14_SF_vs_Lc0_2024.pgn,23,w,Bd2,95,111,0.6,sustained,→,0,0,1
TCEC_Cup14_SF_vs_Lc0_2024.pgn,24,b,Qc7,,,,,,0,0,0
TCEC_Cup14_SF_vs_Lc0_2024.pgn,25,w,h5,110,123,0.2,building,↑,-1,0,1
TCEC_Cup14_SF_vs_Lc0_2024.pgn,26,b,a6,-104,-87,0.6,sustained,→,0,0,1
TCEC_Cup14_SF_vs_Lc0_2024.pgn,27,w,Rb1,,,,,,0,0,0
TCEC_Cup14_SF_vs_Lc0_2024.pgn,28,b,Nf7,-103,-86,0.6,sustained,→,0,0,1
TCEC_Cup14_SF_vs_Lc0_2024.pgn,29,w,Ne4,,,,,,0,0,0
TCEC_Cup14_SF_vs_Lc0_2024.pgn,30,b,g5,,,,,,0,0,0
TCEC_Cup14_SF_vs_Lc0_2024.pgn,31,w,Nxg5,109,113,0,sustained,→,0,0,1
TCEC_Cup14_SF_vs_Lc0_2024.pgn,32,b,Nxg5,-109,-95,0.5,sustained,→,0,0,1
TCEC_Cup14_SF_vs_Lc0_2024.pgn,33,w,Bxg5,109,123,0.5,sustained,→,0,0,1
TCEC_Cup14_SF_vs_Lc0_2024.pgn,34,b,O-O-O,-109,-105,0.5,unknown,→,0,0,1
TCEC_Cup14_SF_vs_Lc0_2024.pgn,35,w,Be3,,,,,,0,0,0
TCEC_Cup14_SF_vs_Lc0_2024.pgn,36,b,Qa5+,,,,,,0,0,
TCEC_Cup14_SF_vs_Lc0_2024.pgn,37,w,Qd2,118,135,0.6,sustained,→,0,0,1
TCEC_Cup14_SF_vs_Lc0_2024.pgn,38,b,Qxa2,-118,-101,0.6,sustained,→,0,0,1
TCEC_Cup14_SF_vs_Lc0_2024.pgn,39,w,O-O,118,135,0.6,sustained,→,0,0,1
TCEC_Cup14_SF_vs_Lc0_2024.pgn,40,b,Qb3,-118,-101,0.6,sustained,→,0,0,1
TCEC_Cup14_SF_vs_Lc0_2024.pgn,41,w,h6,118,133,0.5,sustained,→,0,0,1
TCEC_Cup14_SF_vs_Lc0_2024.pgn,42,b,Bf6,-118,-104,0.5,sustained,→,0,0,1
TCEC_Cup14_SF_vs_Lc0_2024.pgn,43,w,f3,118,128,0.333,sustained,→,-1.5,0,1
TCEC_Cup14_SF_vs_Lc0_2024.pgn,44,b,e6,-121,-107,0.333,sustained,→,3,0,1
TCEC_Cup14_SF_vs_Lc0_2024.pgn,45,w,Qd3,121,122,0,sustained,→,-3,0,1
TCEC_Cup14_SF_vs_Lc0_2024.pgn,46,b,Qxd3,-121,-112,0,sustained,→,6,0,1
TCEC_Cup14_SF_vs_Lc0_2024.pgn,47,w,Bxd3,121,135,0.5,sustained,→,0,0,1
TCEC_Cup14_SF_vs_Lc0_2024.pgn,48,b,exd5,-121,-107,0.5,sustained,→,0,0,1
TCEC_Cup14_SF_vs_Lc0_2024.pgn,49,w,cxd5,121,125,0.5,unknown,→,0,0,1
TCEC_Cup14_SF_vs_Lc0_2024.pgn,50,b,Rdg8,,,,,,0,0,0
TCEC_Cup14_SF_vs_Lc0_2024.pgn,51,w,Rfe1,,,,,,0,0,0
TCEC_Cup14_SF_vs_Lc0_2024.pgn,52,b,b5,,,,,,0,0,0
TCEC_Cup14_SF_vs_Lc0_2024.pgn,53,w,Kg2,160,176,0.6,sustained,→,0,0,1
TCEC_Cup14_SF_vs_Lc0_2024.pgn,54,b,Kc7,-160,-144,0.6,sustained,→,0,0,1
TCEC_Cup14_SF_vs_Lc0_2024.pgn,55,w,Bd2,160,174,0.5,sustained,→,0,0,1
TCEC_Cup14_SF_vs_Lc0_2024.pgn,56,b,Bxg4,-160,-146,0.5,sustained,→,0,0,1
TCEC_Cup14_SF_vs_Lc0_2024.pgn,57,w,fxg4,160,171,0.333,sustained,→,0,0,1
TCEC_Cup14_SF_vs_Lc0_2024.pgn,58,b,Rxg4+,-160,-150,0.333,sustained,→,0,0,1
TCEC_Cup14_SF_vs_Lc0_2024.pgn,59,w,Kf3,160,164,0,sustained,→,0,0,1
TCEC_Cup14_SF_vs_Lc0_2024.pgn,60,b,Rd4,-160,-181,0,collapse,→,13,0,1
TCEC_Cup14_SF_vs_Lc0_2024.pgn,61,w,Ba5+,173,177,0.5,unknown,→,0,0,1
TCEC_Cup14_SF_vs_Lc0_2024.pgn,62,b,Kb8,,,,,,0,0,0
TCEC_Cup14_SF_vs_Lc0_2024.pgn,63,w,Be4,183,197,0.5,sustained,→,0,0,1
TCEC_Cup14_SF_vs_Lc0_2024.pgn,64,b,b4,-183,-179,0.5,unknown,→,0,0,1
TCEC_Cup14_SF_vs_Lc0_2024.pgn,65,w,Kg4,,,,,,0,0,0
TCEC_Cup14_SF_vs_Lc0_2024.pgn,66,b,Re8,,,,,,0,0,0
TCEC_Cup14_SF_vs_Lc0_2024.pgn,67,w,Kf5,206,220,0.5,sustained,→,0,0,1
TCEC_Cup14_SF_vs_Lc0_2024.pgn,68,b,Bh8,-206,-192,0.5,sustained,→,0,0,1
TCEC_Cup14_SF_vs_Lc0_2024.pgn,69,w,Re2,206,210,0.5,unknown,→,0,0,1
TCEC_Cup14_SF_vs_Lc0_2024.pgn,70,b,Kb7,,,,,,0,0,0
TCEC_Cup14_SF_vs_Lc0_2024.pgn,71,w,Rh1,212,216,0.5,unknown,→,0,0,1
TCEC_Cup14_SF_vs_Lc0_2024.pgn,72,b,Re5+,,,,,,0,0,0
TCEC_Cup14_SF_vs_Lc0_2024.pgn,73,w,Kf4,225,229,0.5,unknown,→,0,0,1
TCEC_Cup14_SF_vs_Lc0_2024.pgn,74,b,Re8,,,,,,0,0,0
TCEC_Cup14_SF_vs_Lc0_2024.pgn,75,w,Kf3,256,260,0.5,unknown,→,0,0,1
TCEC_Cup14_SF_vs_Lc0_2024.pgn,76,b,Be5,,,,,,0,0,0
TCEC_Cup14_SF_vs_Lc0_2024.pgn,77,w,Rh5,,,,,,0,0,0
TCEC_Cup14_SF_vs_Lc0_2024.pgn,78,b,Rf8+,-253,-239,0.5,sustained,→,0,0,1
TCEC_Cup14_SF_vs_Lc0_2024.pgn,79,w,Kg2,253,267,0.5,sustained,→,0,0,1
TCEC_Cup14_SF_vs_Lc0_2024.pgn,80,b,Rg8+,-253,-249,0.5,unknown,→,0,0,1
TCEC_Cup14_SF_vs_Lc0_2024.pgn,81,w,Kh3,,,,,,0,0,0
TCEC_Cup14_SF_vs_Lc0_2024.pgn,82,b,Rg3+,-251,-247,0,sustained,→,0,0,1
TCEC_Cup14_SF_vs_Lc0_2024.pgn,83,w,Kh4,251,265,0.5,sustained,→,0,0,1
TCEC_Cup14_SF_vs_Lc0_2024.pgn,84,b,Rf3,-251,-237,0.5,sustained,→,0,0,1
TCEC_Cup14_SF_vs_Lc0_2024.pgn,85,w,Rg5,251,255,0.5,unknown,→,0,0,1
TCEC_Cup14_SF_vs_Lc0_2024.pgn,86,b,Rf4+,,,,,,0,0,0
TCEC_Cup14_SF_vs_Lc0_2024.pgn,87,w,Rg4,311,315,0.5,unknown,→,0,0,1
TCEC_Cup14_SF_vs_Lc0_2024.pgn,88,b,Rfxe4,,,,,,0,0,0
TCEC_Cup14_SF_vs_Lc0_2024.pgn,89,w,Rexe4,316,330,0.5,sustained,→,0,0,1
TCEC_Cup14_SF_vs_Lc0_2024.pgn,90,b,Bf6+,-316,-306,0.333,sustained,→,0,0,1
TCEC_Cup14_SF_vs_Lc0_2024.pgn,91,w,Kh3,316,326,0.333,sustained,→,0,0,1
TCEC_Cup14_SF_vs_Lc0_2024.pgn,92,b,Rd3+,-316,-305,0.333,sustained,→,0,0,1
TCEC_Cup14_SF_vs_Lc0_2024.pgn,93,w,Rg3,316,317,0,sustained,→,-3,0,1
TCEC_Cup14_SF_vs_Lc0_2024.pgn,94,b,Rxd5,-319,-310,0,sustained,→,6,0,1
TCEC_Cup14_SF_vs_Lc0_2024.pgn,95,w,Rg7+,319,333,0.5,sustained,→,0,0,1
TCEC_Cup14_SF_vs_Lc0_2024.pgn,96,b,Kc6,-319,-305,0.5,sustained,→,0,0,1
TCEC_Cup14_SF_vs_Lc0_2024.pgn,97,w,Rxh7,319,323,0.5,unknown,→,0,0,1
TCEC_Cup14_SF_vs_Lc0_2024.pgn,98,b,Bxb2,,,,,,0,0,0
TCEC_Cup14_SF_vs_Lc0_2024.pgn,99,w,Rf7,321,334,0.5,sustained,→,0,0,1
TCEC_Cup14_SF_vs_Lc0_2024.pgn,100,b,Rd3+,-321,-307,0.5,sustained,→,0,0,1
TCEC_Cup14_SF_vs_Lc0_2024.pgn,101,w,Kg2,321,325,0.5,unknown,→,0,0,1
TCEC_Cup14_SF_vs_Lc0_2024.pgn,102,b,Bh8,,,,,,0,0,0
TCEC_Cup14_SF_vs_Lc0_2024.pgn,103,w,Rf8,377,381,0.5,unknown,→,0,0,1
TCEC_Cup14_SF_vs_Lc0_2024.pgn,104,b,Rd2+,,,,,,0,0,0
TCEC_Cup14_SF_vs_Lc0_2024.pgn,105,w,Kg3,378,382,0.5,unknown,→,0,0,1
TCEC_Cup14_SF_vs_Lc0_2024.pgn,106,b,Rd3+,,,,,,0,0,0
TCEC_Cup14_SF_vs_Lc0_2024.pgn,107,w,Kg4,410,424,0.5,sustained,→,0,0,1
TCEC_Cup14_SF_vs_Lc0_2024.pgn,108,b,Bb2,,,,,,0,0,0
TCEC_Cup14_SF_vs_Lc0_2024.pgn,109,w,Bd8,468,472,0.5,unknown,→,0,0,1
TCEC_Cup14_SF_vs_Lc0_2024.pgn,110,b,Rd1,,,,,,0,0,0
TCEC_Cup14_SF_vs_Lc0_2024.pgn,111,w,h7,,,,,,0,0,0
TCEC_Cup14_SF_vs_Lc0_2024.pgn,112,b,b3,,,,,,0,0,0
TCEC_Cup14_SF_vs_Lc0_2024.pgn,113,w,Rf3,524,537,0.5,sustained,→,0,0,1
TCEC_Cup14_SF_vs_Lc0_2024.pgn,114,b,Bh8,-524,-511,0.5,sustained,→,0,0,1
TCEC_Cup14_SF_vs_Lc0_2024.pgn,115,w,Rxb3,524,527,0.5,unknown,→,0,0,1
TCEC_Cup14_SF_vs_Lc0_2024.pgn,116,b,Kd7,,,,,,0,0,0
TCEC_Cup14_SF_vs_Lc0_2024.pgn,117,w,Bh4,,,,,,0,0,0
TCEC_Cup14_SF_vs_Lc0_2024.pgn,118,b,a5,,,,,,0,0,0
TCEC_Cup14_SF_vs_Lc0_2024.pgn,119,w,Rb8,740,744,0.5,unknown,→,0,0,1
TCEC_Cup14_SF_vs_Lc0_2024.pgn,120,b,Bc3,,,,,,0,0,0
TCEC_Cup14_SF_vs_Lc0_2024.pgn,121,w,Re3,825,829,0.5,unknown,→,0,0,1
TCEC_Cup14_SF_vs_Lc0_2024.pgn,122,b,Bd4,,,,,,0,0,0
TCEC_Cup14_SF_vs_Lc0_2024.pgn,123,w,Rb6,,,,,,0,0,0
TCEC_Cup14_SF_vs_Lc0_2024.pgn,124,b,Kc7,,,,,,0,0,0
TCEC_Cup14_SF_vs_Lc0_2024.pgn,125,w,Ra6,954,958,0.5,unknown,→,0,0,1
TCEC_Cup14_SF_vs_Lc0_2024.pgn,126,b,Rg1+,,,,,,0,0,0
TCEC_Cup14_SF_vs_Lc0_2024.pgn,127,w,Kh5,29967,29971,0.5,unknown,→,0,0,1
TCEC_Cup14_SF_vs_Lc0_2024.pgn,128,b,Kb7,,,,,,0,0,0
TCEC_Cup14_SF_vs_Lc0_2024.pgn,129,w,Rxd6,29977,29981,0,sustained,→,0,0,1
TCEC_Cup14_SF_vs_Lc0_2024.pgn,130,b,Kc7,-29978,-29965,0.5,sustained,→,0,0,1
TCEC_Cup14_SF_vs_Lc0_2024.pgn,131,w,Rxd4,29981,29994,0.5,sustained,→,0,0,1
TCEC_Cup14_SF_vs_Lc0_2024.pgn,132,b,cxd4,-29982,-29979,0.5,unknown,→,0,0,1
TCEC_Cup14_SF_vs_Lc0_2024.pgn,133,w,Rd3,,,,,,0,0,0
TCEC_Cup14_SF_vs_Lc0_2024.pgn,134,b,Rb1,-29970,-29967,0.5,unknown,→,0,0,1
TCEC_Cup14_SF_vs_Lc0_2024.pgn,135,w,Rxd4,,,,,,0,0,0
TCEC_Cup14_SF_vs_Lc0_2024.pgn,136,b,Rb5+,-24997,-24959,0.5,sustained,→,0,0,1
TCEC_Cup14_SF_vs_Lc0_2024.pgn,137,w,Kg4,24996,25034,0.5,sustained,→,0,0,1
TCEC_Cup14_SF_vs_Lc0_2024.pgn,138,b,Rb4,-24999,-24960,0.5,sustained,→,0,0,1
TCEC_Cup14_SF_vs_Lc0_2024.pgn,139,w,h8=Q,24996,,,,,0,0,0
TCEC_Cup14_SF_vs_Lc0_2024.pgn,140,b,Rxd4+,-24999,,,,,0,0,0
TCEC_Cup14_SF_vs_Lc0_2024.pgn,1,w,e4,1,18,0.6,sustained,→,0,0,1
TCEC_Cup14_SF_vs_Lc0_2024.pgn,2,b,c5,-1,15,0.6,sustained,→,0,0,0
TCEC_Cup14_SF_vs_Lc0_2024.pgn,3,w,Nf3,1,17,0.6,sustained,→,0,0,0
TCEC_Cup14_SF_vs_Lc0_2024.pgn,4,b,Nf6,,,,,,0,0,0
TCEC_Cup14_SF_vs_Lc0_2024.pgn,5,w,e5,17,34,0.6,sustained,→,0.3,0,1
TCEC_Cup14_SF_vs_Lc0_2024.pgn,6,b,Nd5,-17,-1,0.6,sustained,→,-0.8,0,1
TCEC_Cup14_SF_vs_Lc0_2024.pgn,7,w,Nc3,18,35,0.6,sustained,→,0,0,1
TCEC_Cup14_SF_vs_Lc0_2024.pgn,8,b,Nxc3,,,,,,0,0,0
TCEC_Cup14_SF_vs_Lc0_2024.pgn,9,w,dxc3,90,107,0.6,sustained,→,0,0,1
TCEC_Cup14_SF_vs_Lc0_2024.pgn,10,b,d5,,,,,,0,0,0
TCEC_Cup14_SF_vs_Lc0_2024.pgn,11,w,exd6,96,112,0.6,sustained,→,0,0,1
TCEC_Cup14_SF_vs_Lc0_2024.pgn,12,b,exd6,,,,,,0,0,0
TCEC_Cup14_SF_vs_Lc0_2024.pgn,13,w,Bf4,,,,,,0,0,0
TCEC_Cup14_SF_vs_Lc0_2024.pgn,14,b,Nc6,-90,-74,0.6,sustained,→,0,0,1
TCEC_Cup14_SF_vs_Lc0_2024.pgn,15,w,Qd2,90,106,0.6,sustained,→,0,0,1
TCEC_Cup14_SF_vs_Lc0_2024.pgn,16,b,Qe7+,,,,,,0,0,0
TCEC_Cup14_SF_vs_Lc0_2024.pgn,17,w,Be2,127,143,0.6,sustained,→,0,0,1
TCEC_Cup14_SF_vs_Lc0_2024.pgn,18,b,Bf5,-127,-111,0.6,sustained,→,0,0,1
TCEC_Cup14_SF_vs_Lc0_2024.pgn,19,w,O-O,,,,,,0,0,0
TCEC_Cup14_SF_vs_Lc0_2024.pgn,20,b,Qd7,-102,-98,0,sustained,→,0,0,1
TCEC_Cup14_SF_vs_Lc0_2024.pgn,21,w,Rfe1,102,118,0.6,sustained,→,0,0,1
TCEC_Cup14_SF_vs_Lc0_2024.pgn,22,b,Be7,-102,-86,0.6,sustained,→,0,0,1
TCEC_Cup14_SF_vs_Lc0_2024.pgn,23,w,Bb5,102,117,0.6,sustained,→,-1,0,1
TCEC_Cup14_SF_vs_Lc0_2024.pgn,24,b,Be6,,,,,,0,0,0
TCEC_Cup14_SF_vs_Lc0_2024.pgn,25,w,Rad1,124,129,0.5,unknown,→,0,0,1
TCEC_Cup14_SF_vs_Lc0_2024.pgn,26,b,a6,,,,,,0,0,0
TCEC_Cup14_SF_vs_Lc0_2024.pgn,27,w,Bxc6,128,139,0.333,sustained,→,0,0,1
TCEC_Cup14_SF_vs_Lc0_2024.pgn,28,b,Qxc6,-128,-117,0.333,sustained,→,0,0,1
TCEC_Cup14_SF_vs_Lc0_2024.pgn,29,w,Bg5,128,132,0,sustained,→,0,0,1
TCEC_Cup14_SF_vs_Lc0_2024.pgn,30,b,Qd7,-128,-124,0,sustained,→,0,0,1
TCEC_Cup14_SF_vs_Lc0_2024.pgn,31,w,Bxe7,128,142,0.5,sustained,→,0,0,1
TCEC_Cup14_SF_vs_Lc0_2024.pgn,32,b,Qxe7,-128,-114,0.5,sustained,→,0,0,1
TCEC_Cup14_SF_vs_Lc0_2024.pgn,33,w,Qxd6,128,132,0.5,unknown,→,0,0,1
TCEC_Cup14_SF_vs_Lc0_2024.pgn,34,b,h6,-128,-124,0.5,unknown,→,0,0,1
TCEC_Cup14_SF_vs_Lc0_2024.pgn,35,w,Qf4,,,,,,0,0,
TCEC_Cup14_SF_vs_Lc0_2024.pgn,36,b,O-O,-124,-120,0.5,unknown,→,0,0,1
TCEC_Cup14_SF_vs_Lc0_2024.pgn,37,w,Rd3,,,,,,0,0,0
TCEC_Cup14_SF_vs_Lc0_2024.pgn,38,b,Rfd8,,,,,,0,0,0
TCEC_Cup14_SF_vs_Lc0_2024.pgn,39,w,h3,122,127,0,sustained,→,0,0,1
TCEC_Cup14_SF_vs_Lc0_2024.pgn,40,b,Rac8,-122,-108,0.5,sustained,→,0,0,1
TCEC_Cup14_SF_vs_Lc0_2024.pgn,41,w,a3,122,136,0.5,sustained,→,0,0,1
TCEC_Cup14_SF_vs_Lc0_2024.pgn,42,b,b6,-122,-118,0.5,unknown,→,0,0,1
TCEC_Cup14_SF_vs_Lc0_2024.pgn,43,w,Ree3,,,,,,0,0,0
TCEC_Cup14_SF_vs_Lc0_2024.pgn,44,b,a5,-118,-104,0.5,sustained,→,0,0,1
TCEC_Cup14_SF_vs_Lc0_2024.pgn,45,w,Nd2,118,122,0,sustained,→,0,0,1
TCEC_Cup14_SF_vs_Lc0_2024.pgn,46,b,Qg5,-118,-104,0.5,sustained,→,0,0,1
TCEC_Cup14_SF_vs_Lc0_2024.pgn,47,w,Qxg5,118,117,0,sustained,→,-11,0,0
TCEC_Cup14_SF_vs_Lc0_2024.pgn,48,b,hxg5,-123,-119,0.5,unknown,→,0,0,1
TCEC_Cup14_SF_vs_Lc0_2024.pgn,49,w,Ne4,,,,,,0,0,0
TCEC_Cup14_SF_vs_Lc0_2024.pgn,50,b,Bf5,-116,-112,0.5,unknown,→,0,0,1
TCEC_Cup14_SF_vs_Lc0_2024.pgn,51,w,g4,,,,,,0,0,0
TCEC_Cup14_SF_vs_Lc0_2024.pgn,52,b,Bg6,-101,-84,0.6,sustained,→,0,0,1
TCEC_Cup14_SF_vs_Lc0_2024.pgn,53,w,Rxd8+,101,102,0.5,mixed,→,-3.7,0,1
TCEC_Cup14_SF_vs_Lc0_2024.pgn,54,b,Rxd8,-101,-118,0.25,collapse,→,3.7,0,1
TCEC_Cup14_SF_vs_Lc0_2024.pgn,55,w,Nxg5,112,108,0.333,mixed,→,-7.5,0,1
TCEC_Cup14_SF_vs_Lc0_2024.pgn,56,b,f6,-105,-91,0.333,sustained,→,2,0,1
TCEC_Cup14_SF_vs_Lc0_2024.pgn,57,w,Nf3,105,95,0,mixed,→,-15,0,1
TCEC_Cup14_SF_vs_Lc0_2024.pgn,58,b,Bxc2,-105,-96,0,sustained,→,4,0,1
TCEC_Cup14_SF_vs_Lc0_2024.pgn,59,w,Re2,105,120,0.5,sustained,→,0,0,1
TCEC_Cup14_SF_vs_Lc0_2024.pgn,60,b,Rd1+,-107,-92,0.5,sustained,→,0,0,1
TCEC_Cup14_SF_vs_Lc0_2024.pgn,61,w,Kg2,,,,,,0,0,0
TCEC_Cup14_SF_vs_Lc0_2024.pgn,62,b,Bb3,-99,-84,0.5,sustained,→,0,0,1
TCEC_Cup14_SF_vs_Lc0_2024.pgn,63,w,Rd2,100,115,0.5,sustained,→,0,0,1
TCEC_Cup14_SF_vs_Lc0_2024.pgn,64,b,Rb1,-100,-95,0.5,unknown,→,0,0,1
TCEC_Cup14_SF_vs_Lc0_2024.pgn,65,w,h4,,,,,,0,0,0
TCEC_Cup14_SF_vs_Lc0_2024.pgn,66,b,Kf7,,,,,,0,0,0
TCEC_Cup14_SF_vs_Lc0_2024.pgn,67,w,Ng1,,,,,,0,0,0
TCEC_Cup14_SF_vs_Lc0_2024.pgn,68,b,b5,-124,-110,0.5,sustained,→,0,0,1
TCEC_Cup14_SF_vs_Lc0_2024.pgn,69,w,Nh3,124,138,0.5,sustained,→,0,0,1
TCEC_Cup14_SF_vs_Lc0_2024.pgn,70,b,b4,-124,-120,0.5,unknown,→,0,0,1
TCEC_Cup14_SF_vs_Lc0_2024.pgn,71,w,cxb4,,,,,,0,0,0
TCEC_Cup14_SF_vs_Lc0_2024.pgn,72,b,axb4,,,,,,0,0,0
TCEC_Cup14_SF_vs_Lc0_2024.pgn,73,w,axb4,126,140,0.5,sustained,→,0,0,1
TCEC_Cup14_SF_vs_Lc0_2024.pgn,74,b,cxb4,-126,-122,0.5,unknown,→,0,0,1
TCEC_Cup14_SF_vs_Lc0_2024.pgn,75,w,f3,,,,,,0,0,0
TCEC_Cup14_SF_vs_Lc0_2024.pgn,76,b,g6,,,,,,0,0,0
TCEC_Cup14_SF_vs_Lc0_2024.pgn,77,w,Nf4,127,131,0.5,unknown,→,0,0,1
TCEC_Cup14_SF_vs_Lc0_2024.pgn,78,b,Ba2,,,,,,0,0,0
TCEC_Cup14_SF_vs_Lc0_2024.pgn,79,w,Nd3,167,181,0.5,sustained,→,0,0,1
TCEC_Cup14_SF_vs_Lc0_2024.pgn,80,b,b3,-167,-156,0.333,sustained,→,0.5,0,1
TCEC_Cup14_SF_vs_Lc0_2024.pgn,81,w,g5,167,178,0.333,sustained,→,-0.5,0,1
TCEC_Cup14_SF_vs_Lc0_2024.pgn,82,b,Ra1,-168,-164,0,sustained,→,-1,0,1
TCEC_Cup14_SF_vs_Lc0_2024.pgn,83,w,f4,165,174,0,sustained,→,4,0,1
TCEC_Cup14_SF_vs_Lc0_2024.pgn,84,b,fxg5,-165,-150,0.5,sustained,→,0,0,1
TCEC_Cup14_SF_vs_Lc0_2024.pgn,85,w,hxg5,165,179,0.5,sustained,→,0,0,1
TCEC_Cup14_SF_vs_Lc0_2024.pgn,86,b,Kf8,,,,,,0,0,0
TCEC_Cup14_SF_vs_Lc0_2024.pgn,87,w,Kf3,,,,,,0,0,0
TCEC_Cup14_SF_vs_Lc0_2024.pgn,88,b,Rg1,,,,,,0,0,0
TCEC_Cup14_SF_vs_Lc0_2024.pgn,89,w,Nf2,,,,,,0,0,0
TCEC_Cup14_SF_vs_Lc0_2024.pgn,90,b,Rb1,,,,,,0,0,0
TCEC_Cup14_SF_vs_Lc0_2024.pgn,91,w,Ke2,,,,,,0,0,0
TCEC_Cup14_SF_vs_Lc0_2024.pgn,92,b,Kg7,,,,,,0,0,0
TCEC_Cup14_SF_vs_Lc0_2024.pgn,93,w,Nd3,,,,,,0,0,0
TCEC_Cup14_SF_vs_Lc0_2024.pgn,94,b,Rh1,,,,,,0,0,0
TCEC_Cup14_SF_vs_Lc0_2024.pgn,95,w,Rd1,159,164,0.5,unknown,→,0,0,1
TCEC_Cup14_SF_vs_Lc0_2024.pgn,96,b,Rh3,,,,,,0,0,0
TCEC_Cup14_SF_vs_Lc0_2024.pgn,97,w,f5,238,242,0.5,unknown,→,0,0,1
TCEC_Cup14_SF_vs_Lc0_2024.pgn,98,b,Rh2+,,,,,,0,0,0
TCEC_Cup14_SF_vs_Lc0_2024.pgn,99,w,Kf3,494,498,0.5,unknown,→,0,0,1
TCEC_Cup14_SF_vs_Lc0_2024.pgn,100,b,Rh3+,,,,,,0,0,0
TCEC_Cup14_SF_vs_Lc0_2024.pgn,101,w,Kg4,709,723,0.5,sustained,→,0,0,1
TCEC_Cup14_SF_vs_Lc0_2024.pgn,102,b,Re3,-709,-695,0.5,sustained,→,0,0,1
TCEC_Cup14_SF_vs_Lc0_2024.pgn,103,w,f6+,709,713,0.5,unknown,→,0,0,1
TCEC_Cup14_SF_vs_Lc0_2024.pgn,104,b,Kf7,,,,,,0,0,0
TCEC_Cup14_SF_vs_Lc0_2024.pgn,105,w,Kf4,1049,1053,0.5,unknown,→,0,0,1
TCEC_Cup14_SF_vs_Lc0_2024.pgn,106,b,Re2,,,,,,0,0,0
TCEC_Cup14_SF_vs_Lc0_2024.pgn,107,w,Rc1,,,,,,0,0,0
TCEC_Cup14_SF_vs_Lc0_2024.pgn,108,b,Rg2,,,,,,0,0,0
TCEC_Cup14_SF_vs_Lc0_2024.pgn,109,w,Rc7+,1135,1139,0.5,unknown,→,0,0,1
TCEC_Cup14_SF_vs_Lc0_2024.pgn,110,b,Ke8,,,,,,0,0,0
TCEC_Cup14_SF_vs_Lc0_2024.pgn,111,w,Ne5,1306,1319,0.5,sustained,→,0,0,1
TCEC_Cup14_SF_vs_Lc0_2024.pgn,112,b,Kd8,-1306,-1303,0.5,unknown,→,0,0,1
TCEC_Cup14_SF_vs_Lc0_2024.pgn,113,w,Rd7+,,,,,,0,0,0
TCEC_Cup14_SF_vs_Lc0_2024.pgn,114,b,Kc8,-1142,-1129,0.5,sustained,→,0,0,1
TCEC_Cup14_SF_vs_Lc0_2024.pgn,115,w,Rd1,1142,1145,0.5,unknown,→,0,0,1
TCEC_Cup14_SF_vs_Lc0_2024.pgn,116,b,Rh2,,,,,,0,0,0
TCEC_Cup14_SF_vs_Lc0_2024.pgn,117,w,f7,29963,29967,0.5,unknown,→,0,0,1
TCEC_Cup14_SF_vs_Lc0_2024.pgn,118,b,Rh4+,,,,,,0,0,0
TCEC_Cup14_SF_vs_Lc0_2024.pgn,119,w,Ke3,,,,,,0,0,0
TCEC_Cup14_SF_vs_Lc0_2024.pgn,120,b,Rh3+,-29964,-29950,0.5,sustained,→,0,0,1
TCEC_Cup14_SF_vs_Lc0_2024.pgn,121,w,Kd4,,,,,,0,0,0
TCEC_Cup14_SF_vs_Lc0_2024.pgn,122,b,Rh8,,,,,,0,0,0
TCEC_Cup14_SF_vs_Lc0_2024.pgn,123,w,Kc5,29977,29990,0.5,sustained,→,0,0,1
TCEC_Cup14_SF_vs_Lc0_2024.pgn,124,b,Bb1,-29978,-29974,0.5,unknown,→,0,0,1
TCEC_Cup14_SF_vs_Lc0_2024.pgn,125,w,Rxb1,29977,29987,0.333,sustained,→,0,0,1
TCEC_Cup14_SF_vs_Lc0_2024.pgn,126,b,Kb7,-29978,-29967,0.333,sustained,→,0,0,1
TCEC_Cup14_SF_vs_Lc0_2024.pgn,127,w,Rd1,29979,29978,0,mixed,→,6,0,1
TCEC_Cup14_SF_vs_Lc0_2024.pgn,128,b,Rc8+,-29974,-29966,0,sustained,→,4,0,1
TCEC_Cup14_SF_vs_Lc0_2024.pgn,129,w,Kb5,29985,29999,0.5,sustained,→,0,0,1
TCEC_Cup14_SF_vs_Lc0_2024.pgn,130,b,Rf8,-29986,-29972,0.5,sustained,→,0,0,1
TCEC_Cup14_SF_vs_Lc0_2024.pgn,131,w,Rd7+,29987,29992,0.5,unknown,→,0,0,1
TCEC_Cup14_SF_vs_Lc0_2024.pgn,132,b,Kc8,,,,,,0,0,0
TCEC_Cup14_SF_vs_Lc0_2024.pgn,133,w,Kb6,29991,30002,0.333,sustained,→,0,0,1
TCEC_Cup14_SF_vs_Lc0_2024.pgn,134,b,Rxf7,-29992,-29981,0.333,sustained,→,0,0,1
TCEC_Cup14_SF_vs_Lc0_2024.pgn,135,w,Rxf7,29993,29997,0,sustained,→,0,0,1
TCEC_Cup14_SF_vs_Lc0_2024.pgn,136,b,Kd8,-29994,-29990,0,sustained,→,0,0,1
TCEC_Cup14_SF_vs_Lc0_2024.pgn,137,w,Kc6,29995,30009,0.5,sustained,→,0,0,1
TCEC_Cup14_SF_vs_Lc0_2024.pgn,138,b,Ke8,-29996,-29982,0.5,sustained,→,0,0,1
TCEC_Cup14_SF_vs_Lc0_2024.pgn,139,w,Kd6,29997,30001,0.5,unknown,→,0,0,1
TCEC_Cup14_SF_vs_Lc0_2024.pgn,140,b,Kd8,-29998,-29994,0.5,unknown,→,0,0,1
TCEC_Cup14_SF_vs_Lc0_2024.pgn,141,w,Rf8#,29999,,,,,0,0,
TCEC_Cup14_SF_vs_Lc0_2024.pgn,1,w,d4,,,,,,0,0,0
TCEC_Cup14_SF_vs_Lc0_2024.pgn,2,b,g6,,,,,,0,0,0
TCEC_Cup14_SF_vs_Lc0_2024.pgn,3,w,Nf3,,,,,,0,0,0
TCEC_Cup14_SF_vs_Lc0_2024.pgn,4,b,Bg7,,,,,,0,0,0
TCEC_Cup14_SF_vs_Lc0_2024.pgn,5,w,g3,,,,,,0,0,0
TCEC_Cup14_SF_vs_Lc0_2024.pgn,6,b,d6,,,,,,0,0,0
TCEC_Cup14_SF_vs_Lc0_2024.pgn,7,w,Bg2,7,22,0.6,sustained,→,-1,0,0
TCEC_Cup14_SF_vs_Lc0_2024.pgn,8,b,f5,,,,,,0,0,0
TCEC_Cup14_SF_vs_Lc0_2024.pgn,9,w,O-O,,,,,,0,0,0
TCEC_Cup14_SF_vs_Lc0_2024.pgn,10,b,Nh6,,,,,,0,0,0
TCEC_Cup14_SF_vs_Lc0_2024.pgn,11,w,d5,90,96,0.2,sustained,→,-2,0,1
TCEC_Cup14_SF_vs_Lc0_2024.pgn,12,b,O-O,,,,,,0,0,0
TCEC_Cup14_SF_vs_Lc0_2024.pgn,13,w,Nc3,101,116,0.5,sustained,→,0,0,1
TCEC_Cup14_SF_vs_Lc0_2024.pgn,14,b,a5,,,,,,0,0,0
TCEC_Cup14_SF_vs_Lc0_2024.pgn,15,w,e4,114,128,0.5,sustained,→,0,0,1
TCEC_Cup14_SF_vs_Lc0_2024.pgn,16,b,Nd7,,,,,,0,0,0
TCEC_Cup14_SF_vs_Lc0_2024.pgn,17,w,exf5,117,133,0.6,sustained,→,0,0,1
TCEC_Cup14_SF_vs_Lc0_2024.pgn,18,b,Nxf5,-117,-101,0.6,sustained,→,0,0,1
TCEC_Cup14_SF_vs_Lc0_2024.pgn,19,w,g4,117,134,0.6,sustained,→,0,0,1
TCEC_Cup14_SF_vs_Lc0_2024.pgn,20,b,Nh6,-117,-101,0.6,sustained,→,0,0,1
TCEC_Cup14_SF_vs_Lc0_2024.pgn,21,w,Nd4,117,134,0.6,sustained,→,0,0,1
TCEC_Cup14_SF_vs_Lc0_2024.pgn,22,b,Nc5,-117,-103,0.5,sustained,→,-0.7,0,1
TCEC_Cup14_SF_vs_Lc0_2024.pgn,23,w,h3,115,130,0.5,sustained,→,0.7,0,1
TCEC_Cup14_SF_vs_Lc0_2024.pgn,24,b,Nf7,-115,-105,0.333,sustained,→,-1,0,1
TCEC_Cup14_SF_vs_Lc0_2024.pgn,25,w,f4,115,124,0,sustained,→,4,0,1
TCEC_Cup14_SF_vs_Lc0_2024.pgn,26,b,e5,-109,-103,0.333,sustained,→,-6,0,1
TCEC_Cup14_SF_vs_Lc0_2024.pgn,27,w,dxe6,113,128,0.333,sustained,→,4,0,1
TCEC_Cup14_SF_vs_Lc0_2024.pgn,28,b,Nxe6,-113,-99,0.5,sustained,→,0,0,1
TCEC_Cup14_SF_vs_Lc0_2024.pgn,29,w,Be3,113,123,0,sustained,→,8,0,1
TCEC_Cup14_SF_vs_Lc0_2024.pgn,30,b,Nc5,-113,-108,0.5,unknown,→,0,0,1
TCEC_Cup14_SF_vs_Lc0_2024.pgn,31,w,Qd2,,,,,,0,0,0
TCEC_Cup14_SF_vs_Lc0_2024.pgn,32,b,c6,,,,,,0,0,0
TCEC_Cup14_SF_vs_Lc0_2024.pgn,33,w,Rae1,110,114,0.5,unknown,→,0,0,1
TCEC_Cup14_SF_vs_Lc0_2024.pgn,34,b,Re8,,,,,,0,0,0
TCEC_Cup14_SF_vs_Lc0_2024.pgn,35,w,f5,122,137,0.5,sustained,→,0,0,1
TCEC_Cup14_SF_vs_Lc0_2024.pgn,36,b,Bd7,-122,-107,0.5,sustained,→,0,0,1
TCEC_Cup14_SF_vs_Lc0_2024.pgn,37,w,Kh1,122,127,0.5,unknown,→,0,0,1
TCEC_Cup14_SF_vs_Lc0_2024.pgn,38,b,gxf5,,,,,,0,0,0
TCEC_Cup14_SF_vs_Lc0_2024.pgn,39,w,Nxf5,128,132,0,sustained,→,0,0,1
TCEC_Cup14_SF_vs_Lc0_2024.pgn,40,b,Bxf5,-128,-124,0,sustained,→,0,0,1
TCEC_Cup14_SF_vs_Lc0_2024.pgn,41,w,gxf5,128,142,0.5,sustained,→,0,0,1
TCEC_Cup14_SF_vs_Lc0_2024.pgn,42,b,Bf6,-128,-113,0.5,sustained,→,0,0,1
TCEC_Cup14_SF_vs_Lc0_2024.pgn,43,w,Bf3,128,132,0.5,unknown,→,0,0,1
TCEC_Cup14_SF_vs_Lc0_2024.pgn,44,b,Rf8,,,,,,0,0,0
TCEC_Cup14_SF_vs_Lc0_2024.pgn,45,w,Bh5,131,145,0.5,sustained,→,0,0,1
TCEC_Cup14_SF_vs_Lc0_2024.pgn,46,b,Kh8,-131,-117,0.5,sustained,→,0,0,1
TCEC_Cup14_SF_vs_Lc0_2024.pgn,47,w,a3,131,135,0.5,unknown,→,0,0,1
TCEC_Cup14_SF_vs_Lc0_2024.pgn,48,b,Ne5,,,,,,0,0,0
TCEC_Cup14_SF_vs_Lc0_2024.pgn,49,w,Bxc5,134,148,0.5,sustained,→,0,0,1
TCEC_Cup14_SF_vs_Lc0_2024.pgn,50,b,dxc5,-134,-120,0.5,sustained,→,0,0,1
TCEC_Cup14_SF_vs_Lc0_2024.pgn,51,w,Qf4,134,145,0.333,sustained,→,0,0,1
TCEC_Cup14_SF_vs_Lc0_2024.pgn,52,b,Nf7,-134,-119,0.5,sustained,→,0.7,0,1
TCEC_Cup14_SF_vs_Lc0_2024.pgn,53,w,Ne4,135,145,0.333,sustained,→,-1,0,1
TCEC_Cup14_SF_vs_Lc0_2024.pgn,54,b,Be5,-135,-124,0.333,sustained,→,1,0,1
TCEC_Cup14_SF_vs_Lc0_2024.pgn,55,w,Qf3,135,137,0,sustained,→,-2,0,1
TCEC_Cup14_SF_vs_Lc0_2024.pgn,56,b,Nd6,-135,-129,0,sustained,→,2,0,1
TCEC_Cup14_SF_vs_Lc0_2024.pgn,57,w,Rd1,135,149,0.5,sustained,→,0,0,1
TCEC_Cup14_SF_vs_Lc0_2024.pgn,58,b,Qc7,,,,,,0,0,0
TCEC_Cup14_SF_vs_Lc0_2024.pgn,59,w,Nxd6,174,188,0.5,sustained,→,0,0,1
TCEC_Cup14_SF_vs_Lc0_2024.pgn,60,b,Bxd6,-174,-163,0.333,sustained,→,0,0,1
TCEC_Cup14_SF_vs_Lc0_2024.pgn,61,w,f6,174,183,0,sustained,→,4.5,0,1
TCEC_Cup14_SF_vs_Lc0_2024.pgn,62,b,Be5,-165,-166,0,sustained,→,-9,0,1
TCEC_Cup14_SF_vs_Lc0_2024.pgn,63,w,f7,165,174,0,sustained,→,4.5,0,1
TCEC_Cup14_SF_vs_Lc0_2024.pgn,64,b,Rad8,-165,-166,0,sustained,→,-18,0,1
TCEC_Cup14_SF_vs_Lc0_2024.pgn,65,w,c3,165,169,0,sustained,→,0,0,1
TCEC_Cup14_SF_vs_Lc0_2024.pgn,66,b,Rxd1,-165,-150,0.5,sustained,→,0,0,1
TCEC_Cup14_SF_vs_Lc0_2024.pgn,67,w,Rxd1,165,179,0.5,sustained,→,0,0,1
TCEC_Cup14_SF_vs_Lc0_2024.pgn,68,b,Bg7,,,,,,0,0,0
TCEC_Cup14_SF_vs_Lc0_2024.pgn,69,w,Re1,255,259,0.5,unknown,→,0,0,1
TCEC_Cup14_SF_vs_Lc0_2024.pgn,70,b,Qd8,,,,,,0,0,0
TCEC_Cup14_SF_vs_Lc0_2024.pgn,71,w,Re8,263,277,0.5,sustained,→,0,0,1
TCEC_Cup14_SF_vs_Lc0_2024.pgn,72,b,Qg5,,,,,,0,0,0
TCEC_Cup14_SF_vs_Lc0_2024.pgn,73,w,Qf2,269,285,0.6,sustained,→,0,0,1
TCEC_Cup14_SF_vs_Lc0_2024.pgn,74,b,Qd5+,-269,-253,0.6,sustained,→,0,0,1
TCEC_Cup14_SF_vs_Lc0_2024.pgn,75,w,Kh2,269,285,0.6,sustained,→,0,0,1
TCEC_Cup14_SF_vs_Lc0_2024.pgn,76,b,Be5+,-269,-253,0.6,sustained,→,0,0,1
TCEC_Cup14_SF_vs_Lc0_2024.pgn,77,w,Kg1,269,285,0.6,sustained,→,0,0,1
TCEC_Cup14_SF_vs_Lc0_2024.pgn,78,b,Kg7,-269,-253,0.6,sustained,→,0,0,1
TCEC_Cup14_SF_vs_Lc0_2024.pgn,79,w,Qe2,269,284,0.6,sustained,→,0,0,1
TCEC_Cup14_SF_vs_Lc0_2024.pgn,80,b,Bd6,-269,-254,0.6,sustained,→,0,0,1
TCEC_Cup14_SF_vs_Lc0_2024.pgn,81,w,Qg4+,269,285,0.6,sustained,→,0,0,1
TCEC_Cup14_SF_vs_Lc0_2024.pgn,82,b,Kf6,-269,-253,0.6,sustained,→,0,0,1
TCEC_Cup14_SF_vs_Lc0_2024.pgn,83,w,Re3,269,285,0.6,sustained,→,0,0,1
TCEC_Cup14_SF_vs_Lc0_2024.pgn,84,b,c4,-269,-255,0.4,building,→,-3,0,1
TCEC_Cup14_SF_vs_Lc0_2024.pgn,85,w,Kf1,257,242,0.4,collapse,→,3,0,1
TCEC_Cup14_SF_vs_Lc0_2024.pgn,86,b,Qh1+,-257,-244,0.4,building,↑,-4.3,0,1
TCEC_Cup14_SF_vs_Lc0_2024.pgn,87,w,Ke2,252,268,0.6,sustained,→,-0.5,0,1
TCEC_Cup14_SF_vs_Lc0_2024.pgn,88,b,Qd5,-271,-254,0.6,sustained,→,0.5,0,1
TCEC_Cup14_SF_vs_Lc0_2024.pgn,89,w,h4,271,287,0.6,sustained,→,-0.5,0,1
TCEC_Cup14_SF_vs_Lc0_2024.pgn,90,b,Bc7,-271,-260,0.4,sustained,→,-1.8,0,1
TCEC_Cup14_SF_vs_Lc0_2024.pgn,91,w,a4,262,276,0.4,sustained,→,1.8,0,1
TCEC_Cup14_SF_vs_Lc0_2024.pgn,92,b,b5,-262,-251,0.4,sustained,→,-1.8,0,1
TCEC_Cup14_SF_vs_Lc0_2024.pgn,93,w,Rf3+,262,246,0.25,collapse,↓,6.3,0,1
TCEC_Cup14_SF_vs_Lc0_2024.pgn,94,b,Ke7,-250,-241,0.25,building,↑,-6.3,0,1
TCEC_Cup14_SF_vs_Lc0_2024.pgn,95,w,Qg5+,250,229,0,collapse,↓,9.5,0,1
TCEC_Cup14_SF_vs_Lc0_2024.pgn,96,b,Qxg5,-250,-246,0,building,↑,-9.5,0,1
TCEC_Cup14_SF_vs_Lc0_2024.pgn,97,w,hxg5,250,230,0,collapse,↓,19,0,1
TCEC_Cup14_SF_vs_Lc0_2024.pgn,98,b,Be5,-250,-249,0,sustained,→,-3,0,1
TCEC_Cup14_SF_vs_Lc0_2024.pgn,99,w,Re3,266,265,0,sustained,→,-8,0,1
TCEC_Cup14_SF_vs_Lc0_2024.pgn,100,b,Ke6,-273,-259,0.5,sustained,→,0,0,1
TCEC_Cup14_SF_vs_Lc0_2024.pgn,101,w,Kf3,273,287,0.5,sustained,→,0,0,1
TCEC_Cup14_SF_vs_Lc0_2024.pgn,102,b,bxa4,,,,,,0,0,0
TCEC_Cup14_SF_vs_Lc0_2024.pgn,103,w,Kg4,308,312,0.5,unknown,→,0,0,1
TCEC_Cup14_SF_vs_Lc0_2024.pgn,104,b,Rb8,,,,,,0,0,0
TCEC_Cup14_SF_vs_Lc0_2024.pgn,105,w,Re4,309,308,0,sustained,→,-12,0,1
TCEC_Cup14_SF_vs_Lc0_2024.pgn,106,b,Kd6,-309,-295,0.5,sustained,→,0,0,1
TCEC_Cup14_SF_vs_Lc0_2024.pgn,107,w,Re3,,,,,,0,0,0
TCEC_Cup14_SF_vs_Lc0_2024.pgn,108,b,Ke6,-303,-299,0.5,unknown,→,0,0,1
TCEC_Cup14_SF_vs_Lc0_2024.pgn,109,w,Re4,309,308,0,sustained,→,-12,0,1
TCEC_Cup14_SF_vs_Lc0_2024.pgn,110,b,Kd6,-309,-295,0.5,sustained,→,0,0,1
TCEC_Cup14_SF_vs_Lc0_2024.pgn,111,w,Re1,309,323,0.5,sustained,→,0,0,1
TCEC_Cup14_SF_vs_Lc0_2024.pgn,112,b,Ke6,-309,-305,0.5,unknown,→,0,0,1
TCEC_Cup14_SF_vs_Lc0_2024.pgn,113,w,Re3,,,,,,0,0,0
TCEC_Cup14_SF_vs_Lc0_2024.pgn,114,b,Kd6,,,,,,0,0,0
TCEC_Cup14_SF_vs_Lc0_2024.pgn,115,w,Re4,317,328,0.333,sustained,→,0,0,1
TCEC_Cup14_SF_vs_Lc0_2024.pgn,116,b,Ke6,-317,-313,0,building,→,-11,0,1
TCEC_Cup14_SF_vs_Lc0_2024.pgn,117,w,Rxc4,,,,,,0,0,0
TCEC_Cup14_SF_vs_Lc0_2024.pgn,118,b,Bd6,-306,-287,0.5,building,→,0,0,1
TCEC_Cup14_SF_vs_Lc0_2024.pgn,119,w,Rxc6,306,290,0.5,collapse,→,0,0,1
TCEC_Cup14_SF_vs_Lc0_2024.pgn,120,b,Kd7,,,,,,0,0,0
TCEC_Cup14_SF_vs_Lc0_2024.pgn,121,w,Ra6,360,364,0.5,unknown,→,0,0,1
TCEC_Cup14_SF_vs_Lc0_2024.pgn,122,b,Be7,,,,,,0,0,0
TCEC_Cup14_SF_vs_Lc0_2024.pgn,123,w,Rxa5,422,435,0.5,sustained,→,0,0,1
TCEC_Cup14_SF_vs_Lc0_2024.pgn,124,b,Rxb2,-422,-409,0.5,sustained,→,0,0,1
TCEC_Cup14_SF_vs_Lc0_2024.pgn,125,w,Rxa4,422,425,0.5,unknown,→,0,0,1
TCEC_Cup14_SF_vs_Lc0_2024.pgn,126,b,Rb1,,,,,,0,0,0
TCEC_Cup14_SF_vs_Lc0_2024.pgn,127,w,Ra8,496,509,0.5,sustained,→,0,0,1
TCEC_Cup14_SF_vs_Lc0_2024.pgn,128,b,Rf1,-496,-483,0.5,sustained,→,0,0,1
TCEC_Cup14_SF_vs_Lc0_2024.pgn,129,w,Kg3,496,499,0.5,unknown,→,0,0,1
TCEC_Cup14_SF_vs_Lc0_2024.pgn,130,b,Bd6+,,,,,,0,0,0
TCEC_Cup14_SF_vs_Lc0_2024.pgn,131,w,Kg2,515,529,0.5,sustained,→,0,0,1
TCEC_Cup14_SF_vs_Lc0_2024.pgn,132,b,Rf4,-515,-501,0.5,sustained,→,0,0,1
TCEC_Cup14_SF_vs_Lc0_2024.pgn,133,w,Rh8,515,519,0.5,unknown,→,0,0,1
TCEC_Cup14_SF_vs_Lc0_2024.pgn,134,b,Ke7,,,,,,0,0,0
TCEC_Cup14_SF_vs_Lc0_2024.pgn,135,w,c4,596,609,0.5,sustained,→,0,0,1
TCEC_Cup14_SF_vs_Lc0_2024.pgn,136,b,Ke6,,,,,,0,0,0
TCEC_Cup14_SF_vs_Lc0_2024.pgn,137,w,Rxh7,612,625,0.5,sustained,→,0,0,1
TCEC_Cup14_SF_vs_Lc0_2024.pgn,138,b,Bf8,-612,-602,0.333,sustained,→,0,0,1
TCEC_Cup14_SF_vs_Lc0_2024.pgn,139,w,g6,612,624,0.333,sustained,→,2,0,1
TCEC_Cup14_SF_vs_Lc0_2024.pgn,140,b,Kf6,-608,-601,0.333,sustained,→,-4,0,1
TCEC_Cup14_SF_vs_Lc0_2024.pgn,141,w,Rh8,608,619,0.333,sustained,→,0,0,1
TCEC_Cup14_SF_vs_Lc0_2024.pgn,142,b,Ke7,-608,-609,0,sustained,→,-8,0,1
TCEC_Cup14_SF_vs_Lc0_2024.pgn,143,w,Rg8,608,622,0.5,sustained,→,0,0,1
TCEC_Cup14_SF_vs_Lc0_2024.pgn,144,b,Rf5,,,,,,0,0,0
TCEC_Cup14_SF_vs_Lc0_2024.pgn,145,w,g7,24992,24996,0,sustained,→,0,0,1
TCEC_Cup14_SF_vs_Lc0_2024.pgn,146,b,Bxg7,-24993,-24990,0,sustained,→,-1,0,1
TCEC_Cup14_SF_vs_Lc0_2024.pgn,147,w,Bg4,24994,25008,0.5,sustained,→,0,0,1
TCEC_Cup14_SF_vs_Lc0_2024.pgn,148,b,Rf2+,-24995,-24981,0.5,sustained,→,0,0,1
TCEC_Cup14_SF_vs_Lc0_2024.pgn,149,w,Kxf2,24996,25035,0.5,sustained,→,0,0,1
TCEC_Cup14_SF_vs_Lc0_2024.pgn,150,b,Bd4+,-24997,-24958,0.5,sustained,→,0,0,1
TCEC_Cup14_SF_vs_Lc0_2024.pgn,151,w,Kf3,24998,25037,0.5,sustained,→,0,0,1
TCEC_Cup14_SF_vs_Lc0_2024.pgn,152,b,Kxf7,-24997,-24957,0.5,sustained,→,0,0,1
TCEC_Cup14_SF_vs_Lc0_2024.pgn,1,w,e4,1,18,0.6,sustained,→,0,0,1
TCEC_Cup14_SF_vs_Lc0_2024.pgn,2,b,d5,,,,,,0,0,0
TCEC_Cup14_SF_vs_Lc0_2024.pgn,3,w,exd5,25,41,0.6,sustained,→,-0.3,0,1
TCEC_Cup14_SF_vs_Lc0_2024.pgn,4,b,Nf6,-25,-9,0.6,sustained,→,0,0,0
TCEC_Cup14_SF_vs_Lc0_2024.pgn,5,w,d4,26,43,0.6,sustained,→,0,0,1
TCEC_Cup14_SF_vs_Lc0_2024.pgn,6,b,Nxd5,,,,,,0,0,0
TCEC_Cup14_SF_vs_Lc0_2024.pgn,7,w,c4,,,,,,0,0,0
TCEC_Cup14_SF_vs_Lc0_2024.pgn,8,b,Nf6,-22,-6,0.6,sustained,→,-0.3,0,1
TCEC_Cup14_SF_vs_Lc0_2024.pgn,9,w,Nf3,22,39,0.6,sustained,→,0,0,1
TCEC_Cup14_SF_vs_Lc0_2024.pgn,10,b,e6,,,,,,0,0,0
TCEC_Cup14_SF_vs_Lc0_2024.pgn,11,w,Nc3,,,,,,0,0,0
TCEC_Cup14_SF_vs_Lc0_2024.pgn,12,b,Be7,,,,,,0,0,0
TCEC_Cup14_SF_vs_Lc0_2024.pgn,13,w,Bd3,106,122,0.6,sustained,→,0,0,1
TCEC_Cup14_SF_vs_Lc0_2024.pgn,14,b,O-O,,,,,,0,0,0
TCEC_Cup14_SF_vs_Lc0_2024.pgn,15,w,Bf4,,,,,,0,0,0
TCEC_Cup14_SF_vs_Lc0_2024.pgn,16,b,c5,-80,-63,0.6,sustained,→,0,0,1
TCEC_Cup14_SF_vs_Lc0_2024.pgn,17,w,dxc5,80,97,0.6,sustained,→,0,0,1
TCEC_Cup14_SF_vs_Lc0_2024.pgn,18,b,Na6,-80,-63,0.6,sustained,→,0,0,1
TCEC_Cup14_SF_vs_Lc0_2024.pgn,19,w,Qe2,80,97,0.6,sustained,→,0,0,1
TCEC_Cup14_SF_vs_Lc0_2024.pgn,20,b,Nxc5,,,,,,0,0,0
TCEC_Cup14_SF_vs_Lc0_2024.pgn,21,w,O-O-O,,,,,,0,0,0
TCEC_Cup14_SF_vs_Lc0_2024.pgn,22,b,Bd7,,,,,,0,0,0
TCEC_Cup14_SF_vs_Lc0_2024.pgn,23,w,Bc2,91,107,0.6,sustained,→,-0.3,0,1
TCEC_Cup14_SF_vs_Lc0_2024.pgn,24,b,Qb6,,,,,,0,0,0
TCEC_Cup14_SF_vs_Lc0_2024.pgn,25,w,Ne5,107,122,0.5,sustained,→,0.7,0,1
TCEC_Cup14_SF_vs_Lc0_2024.pgn,26,b,Bc6,-107,-93,0.5,sustained,→,-0.7,0,1
TCEC_Cup14_SF_vs_Lc0_2024.pgn,27,w,Be3,107,116,0,sustained,→,4.5,0,1
TCEC_Cup14_SF_vs_Lc0_2024.pgn,28,b,Rad8,-100,-84,0.6,sustained,→,-1,0,1
TCEC_Cup14_SF_vs_Lc0_2024.pgn,29,w,Kb1,104,122,0.6,sustained,→,1,0,1
TCEC_Cup14_SF_vs_Lc0_2024.pgn,30,b,Rxd1+,-104,-91,0.5,sustained,→,-1.3,0,1
TCEC_Cup14_SF_vs_Lc0_2024.pgn,31,w,Rxd1,104,120,0.5,sustained,→,1.3,0,1
TCEC_Cup14_SF_vs_Lc0_2024.pgn,32,b,Rd8,-104,-95,0.333,sustained,→,-2,0,1
TCEC_Cup14_SF_vs_Lc0_2024.pgn,33,w,Bd4,104,117,0.333,sustained,→,2,0,1
TCEC_Cup14_SF_vs_Lc0_2024.pgn,34,b,Qc7,-104,-104,0,sustained,→,-4,0,1
TCEC_Cup14_SF_vs_Lc0_2024.pgn,35,w,h4,,,,,,0,0,0
TCEC_Cup14_SF_vs_Lc0_2024.pgn,36,b,h5,,,,,,0,0,0
TCEC_Cup14_SF_vs_Lc0_2024.pgn,37,w,f3,,,,,,0,0,0
TCEC_Cup14_SF_vs_Lc0_2024.pgn,38,b,Na6,,,,,,0,0,0
TCEC_Cup14_SF_vs_Lc0_2024.pgn,39,w,g4,104,120,0.6,sustained,→,0,0,1
TCEC_Cup14_SF_vs_Lc0_2024.pgn,40,b,Nb4,-104,-90,0.5,sustained,→,0,0,1
TCEC_Cup14_SF_vs_Lc0_2024.pgn,41,w,Bb3,104,118,0.5,sustained,→,0,0,1
TCEC_Cup14_SF_vs_Lc0_2024.pgn,42,b,Be8,-104,-93,0.333,sustained,→,0,0,1
TCEC_Cup14_SF_vs_Lc0_2024.pgn,43,w,g5,104,115,0.333,sustained,→,0,0,1
TCEC_Cup14_SF_vs_Lc0_2024.pgn,44,b,Nd7,-104,-101,0,sustained,→,-2,0,1
TCEC_Cup14_SF_vs_Lc0_2024.pgn,45,w,a3,102,108,0,sustained,→,2,0,1
TCEC_Cup14_SF_vs_Lc0_2024.pgn,46,b,Nc6,-102,-88,0.5,sustained,→,0,0,1
TCEC_Cup14_SF_vs_Lc0_2024.pgn,47,w,Nxc6,102,116,0.5,sustained,→,0,0,1
TCEC_Cup14_SF_vs_Lc0_2024.pgn,48,b,bxc6,-102,-98,0.5,unknown,→,0,0,1
TCEC_Cup14_SF_vs_Lc0_2024.pgn,49,w,Bc2,,,,,,0,0,0
TCEC_Cup14_SF_vs_Lc0_2024.pgn,50,b,Nf8,-91,-77,0.5,sustained,→,0,0,1
TCEC_Cup14_SF_vs_Lc0_2024.pgn,51,w,Ka2,91,105,0.5,sustained,→,0,0,1
TCEC_Cup14_SF_vs_Lc0_2024.pgn,52,b,Rd7,,,,,,0,0,0
TCEC_Cup14_SF_vs_Lc0_2024.pgn,53,w,Be5,,,,,,0,0,0
TCEC_Cup14_SF_vs_Lc0_2024.pgn,54,b,Qd8,-119,-115,0.5,unknown,→,0,0,1
TCEC_Cup14_SF_vs_Lc0_2024.pgn,55,w,Rc1,119,123,0.5,unknown,→,0,0,1
TCEC_Cup14_SF_vs_Lc0_2024.pgn,56,b,Rb7,,,,,,0,0,0
TCEC_Cup14_SF_vs_Lc0_2024.pgn,57,w,Ne4,159,170,0.333,sustained,→,0,0,1
TCEC_Cup14_SF_vs_Lc0_2024.pgn,58,b,Ng6,-159,-148,0.333,sustained,→,0,0,1
TCEC_Cup14_SF_vs_Lc0_2024.pgn,59,w,Bc3,159,164,0,sustained,→,0,0,1
TCEC_Cup14_SF_vs_Lc0_2024.pgn,60,b,Qc7,,,,,,0,0,0
TCEC_Cup14_SF_vs_Lc0_2024.pgn,61,w,Rg1,,,,,,0,0,0
TCEC_Cup14_SF_vs_Lc0_2024.pgn,62,b,Qf4,-159,-145,0.5,sustained,→,0,0,1
TCEC_Cup14_SF_vs_Lc0_2024.pgn,63,w,Bd2,159,163,0.5,unknown,→,0,0,1
TCEC_Cup14_SF_vs_Lc0_2024.pgn,64,b,Qb8,,,,,,0,0,0
TCEC_Cup14_SF_vs_Lc0_2024.pgn,65,w,b3,170,185,0.5,sustained,→,0,0,1
TCEC_Cup14_SF_vs_Lc0_2024.pgn,66,b,c5,-170,-155,0.5,sustained,→,0,0,1
TCEC_Cup14_SF_vs_Lc0_2024.pgn,67,w,Be3,170,174,0.5,unknown,→,0,0,1
TCEC_Cup14_SF_vs_Lc0_2024.pgn,68,b,Qc7,,,,,,0,0,0
TCEC_Cup14_SF_vs_Lc0_2024.pgn,69,w,Qf2,190,195,0,sustained,→,0,0,1
TCEC_Cup14_SF_vs_Lc0_2024.pgn,70,b,a5,-190,-186,0,sustained,→,0,0,1
TCEC_Cup14_SF_vs_Lc0_2024.pgn,71,w,Bxc5,190,204,0.5,sustained,→,0,0,1
TCEC_Cup14_SF_vs_Lc0_2024.pgn,72,b,Bxc5,-190,-176,0.5,sustained,→,0,0,1
TCEC_Cup14_SF_vs_Lc0_2024.pgn,73,w,Qxc5,190,194,0.5,unknown,→,0,0,1
TCEC_Cup14_SF_vs_Lc0_2024.pgn,74,b,Qh2,,,,,,0,0,0
TCEC_Cup14_SF_vs_Lc0_2024.pgn,75,w,Rc1,201,206,0.5,unknown,→,0,0,1
TCEC_Cup14_SF_vs_Lc0_2024.pgn,76,b,Rd7,,,,,,0,0,0
TCEC_Cup14_SF_vs_Lc0_2024.pgn,77,w,Qxa5,222,233,0.333,sustained,→,0,0,1
TCEC_Cup14_SF_vs_Lc0_2024.pgn,78,b,Nxh4,-222,-211,0.333,sustained,→,0,0,1
TCEC_Cup14_SF_vs_Lc0_2024.pgn,79,w,c5,222,226,0,sustained,→,0,0,1
TCEC_Cup14_SF_vs_Lc0_2024.pgn,80,b,Nf5,-222,-218,0,sustained,→,0,0,1
TCEC_Cup14_SF_vs_Lc0_2024.pgn,81,w,Kb1,222,236,0.5,sustained,→,0,0,1
TCEC_Cup14_SF_vs_Lc0_2024.pgn,82,b,Qb8,-222,-208,0.5,sustained,→,0,0,1
TCEC_Cup14_SF_vs_Lc0_2024.pgn,83,w,Rh1,222,226,0.5,unknown,→,0,0,1
TCEC_Cup14_SF_vs_Lc0_2024.pgn,84,b,h4,,,,,,0,0,0
TCEC_Cup14_SF_vs_Lc0_2024.pgn,85,w,Nd6,245,259,0.5,sustained,→,0,0,1
TCEC_Cup14_SF_vs_Lc0_2024.pgn,86,b,Nxd6,-245,-231,0.5,sustained,→,0,0,1
TCEC_Cup14_SF_vs_Lc0_2024.pgn,87,w,cxd6,245,249,0.5,unknown,→,0,0,1
TCEC_Cup14_SF_vs_Lc0_2024.pgn,88,b,Rxd6,,,,,,0,0,0
TCEC_Cup14_SF_vs_Lc0_2024.pgn,89,w,Rxh4,251,265,0.5,sustained,→,0,0,1
TCEC_Cup14_SF_vs_Lc0_2024.pgn,90,b,Rd5,-251,-240,0.333,sustained,→,0,0,1
TCEC_Cup14_SF_vs_Lc0_2024.pgn,91,w,Rb4,251,257,0,sustained,→,2.5,0,1
TCEC_Cup14_SF_vs_Lc0_2024.pgn,92,b,Qc8,-246,-232,0.5,sustained,→,0,0,1
TCEC_Cup14_SF_vs_Lc0_2024.pgn,93,w,Qa7,246,260,0.5,sustained,→,0,0,1
TCEC_Cup14_SF_vs_Lc0_2024.pgn,94,b,Bb5,-246,-243,0.5,unknown,→,0,0,1
TCEC_Cup14_SF_vs_Lc0_2024.pgn,95,w,g6,,,,,,0,0,0
TCEC_Cup14_SF_vs_Lc0_2024.pgn,96,b,fxg6,-240,-226,0.5,sustained,→,0,0,1
TCEC_Cup14_SF_vs_Lc0_2024.pgn,97,w,Qe3,240,244,0.5,unknown,→,0,0,1
TCEC_Cup14_SF_vs_Lc0_2024.pgn,98,b,Be8,,,,,,0,0,0
TCEC_Cup14_SF_vs_Lc0_2024.pgn,99,w,Rc4,258,262,0.5,unknown,→,0,0,1
TCEC_Cup14_SF_vs_Lc0_2024.pgn,100,b,Qa6,,,,,,0,0,0
TCEC_Cup14_SF_vs_Lc0_2024.pgn,101,w,a4,268,272,0.5,unknown,→,0,0,1
TCEC_Cup14_SF_vs_Lc0_2024.pgn,102,b,Qd6,,,,,,0,0,0
TCEC_Cup14_SF_vs_Lc0_2024.pgn,103,w,Qa7,288,292,0.5,unknown,→,0,0,1
TCEC_Cup14_SF_vs_Lc0_2024.pgn,104,b,Qd8,,,,,,0,0,0
TCEC_Cup14_SF_vs_Lc0_2024.pgn,105,w,Qb7,292,306,0.5,sustained,→,0,0,1
TCEC_Cup14_SF_vs_Lc0_2024.pgn,106,b,Qg5,-292,-277,0.5,sustained,→,0,0,1
TCEC_Cup14_SF_vs_Lc0_2024.pgn,107,w,b4,292,296,0.5,unknown,→,0,0,1
TCEC_Cup14_SF_vs_Lc0_2024.pgn,108,b,Rd7,,,,,,0,0,0
TCEC_Cup14_SF_vs_Lc0_2024.pgn,109,w,Qe4,309,313,0.5,unknown,→,0,0,1
TCEC_Cup14_SF_vs_Lc0_2024.pgn,110,b,Qe7,,,,,,0,0,0
TCEC_Cup14_SF_vs_Lc0_2024.pgn,111,w,b5,377,381,0.5,unknown,→,0,0,1
TCEC_Cup14_SF_vs_Lc0_2024.pgn,112,b,Qd8,,,,,,0,0,0
TCEC_Cup14_SF_vs_Lc0_2024.pgn,113,w,Qe5,398,402,0.5,unknown,→,0,0,1
TCEC_Cup14_SF_vs_Lc0_2024.pgn,114,b,Kh7,,,,,,0,0,0
TCEC_Cup14_SF_vs_Lc0_2024.pgn,115,w,Qc3,415,429,0.5,sustained,→,0,0,1
TCEC_Cup14_SF_vs_Lc0_2024.pgn,116,b,Bf7,-415,-401,0.5,sustained,→,0,0,1
TCEC_Cup14_SF_vs_Lc0_2024.pgn,117,w,Rb4,415,419,0.5,unknown,→,0,0,1
TCEC_Cup14_SF_vs_Lc0_2024.pgn,118,b,e5,,,,,,0,0,0
TCEC_Cup14_SF_vs_Lc0_2024.pgn,119,w,b6,476,479,0.5,unknown,→,0,0,1
TCEC_Cup14_SF_vs_Lc0_2024.pgn,120,b,Qe7,,,,,,0,0,0
TCEC_Cup14_SF_vs_Lc0_2024.pgn,121,w,Qe1,562,565,0.5,unknown,→,0,0,1
TCEC_Cup14_SF_vs_Lc0_2024.pgn,122,b,Kg8,,,,,,0,0,0
TCEC_Cup14_SF_vs_Lc0_2024.pgn,123,w,a5,565,569,0.5,unknown,→,0,0,1
TCEC_Cup14_SF_vs_Lc0_2024.pgn,124,b,Rd8,,,,,,0,0,0
TCEC_Cup14_SF_vs_Lc0_2024.pgn,125,w,b7,596,600,0.5,unknown,→,0,0,1
TCEC_Cup14_SF_vs_Lc0_2024.pgn,126,b,Rb8,,,,,,0,0,0
TCEC_Cup14_SF_vs_Lc0_2024.pgn,127,w,Qc3,,,,,,0,0,0
TCEC_Cup14_SF_vs_Lc0_2024.pgn,128,b,Kh8,,,,,,0,0,0
TCEC_Cup14_SF_vs_Lc0_2024.pgn,129,w,a6,767,771,0.5,unknown,→,0,0,1
TCEC_Cup14_SF_vs_Lc0_2024.pgn,130,b,Kh7,,,,,,0,0,0
TCEC_Cup14_SF_vs_Lc0_2024.pgn,131,w,Rb6,,,,,,0,0,0
TCEC_Cup14_SF_vs_Lc0_2024.pgn,132,b,e4,,,,,,0,0,0
TCEC_Cup14_SF_vs_Lc0_2024.pgn,133,w,fxe4,1369,1382,0.5,sustained,→,0,0,1
TCEC_Cup14_SF_vs_Lc0_2024.pgn,134,b,Be6,-1369,-1355,0.5,sustained,→,0,0,1
TCEC_Cup14_SF_vs_Lc0_2024.pgn,135,w,Qg3,1369,1373,0.5,unknown,→,0,0,1
TCEC_Cup14_SF_vs_Lc0_2024.pgn,136,b,Qf8,,,,,,0,0,0
TCEC_Cup14_SF_vs_Lc0_2024.pgn,137,w,a7,,,,,,0,0,0
TCEC_Cup14_SF_vs_Lc0_2024.pgn,138,b,Rxb7,,,,,,0,0,0
TCEC_Cup14_SF_vs_Lc0_2024.pgn,139,w,Rxb7,,,,,,0,0,0
TCEC_Cup14_SF_vs_Lc0_2024.pgn,140,b,Qf1+,-29964,-29951,0.5,sustained,→,0,0,1
TCEC_Cup14_SF_vs_Lc0_2024.pgn,141,w,Kb2,29965,29968,0.5,unknown,→,0,0,1
TCEC_Cup14_SF_vs_Lc0_2024.pgn,142,b,Qa6,,,,,,0,0,0
TCEC_Cup14_SF_vs_Lc0_2024.pgn,143,w,Qh2+,29983,29986,0,sustained,→,0,0,1
TCEC_Cup14_SF_vs_Lc0_2024.pgn,144,b,Kg8,-29984,-29980,0,sustained,→,0,0,1
TCEC_Cup14_SF_vs_Lc0_2024.pgn,145,w,Bb3,29985,29998,0.5,sustained,→,0,0,1
TCEC_Cup14_SF_vs_Lc0_2024.pgn,146,b,Bxb3,-29988,-29982,0.6,mixed,→,0,0,1
TCEC_Cup14_SF_vs_Lc0_2024.pgn,147,w,Rb8+,29989,30003,0.5,sustained,→,0,0,1
TCEC_Cup14_SF_vs_Lc0_2024.pgn,148,b,Kf7,-29990,-29976,0.5,sustained,→,0,0,1
TCEC_Cup14_SF_vs_Lc0_2024.pgn,149,w,Qc7+,29991,30001,0.333,sustained,→,0,0,1
TCEC_Cup14_SF_vs_Lc0_2024.pgn,150,b,Kf6,-29992,-29982,0.333,sustained,→,0,0,1
TCEC_Cup14_SF_vs_Lc0_2024.pgn,151,w,Rf8+,29993,29996,0,sustained,→,0,0,1
TCEC_Cup14_SF_vs_Lc0_2024.pgn,152,b,Bf7,-29994,-29990,0,sustained,→,0,0,1
TCEC_Cup14_SF_vs_Lc0_2024.pgn,153,w,Qxf7+,29995,30009,0.5,sustained,→,0,0,1
TCEC_Cup14_SF_vs_Lc0_2024.pgn,154,b,Kg5,-29996,-29983,0.5,sustained,→,0,0,1
TCEC_Cup14_SF_vs_Lc0_2024.pgn,155,w,Qf4+,29997,30001,0.5,unknown,→,0,0,1
TCEC_Cup14_SF_vs_Lc0_2024.pgn,156,b,Kh5,-29998,-29994,0.5,unknown,→,0,0,1
TCEC_Cup14_SF_vs_Lc0_2024.pgn,157,w,Rh8#,29999,,,,,0,0,
TCEC_Cup14_SF_vs_Lc0_2024.pgn,1,w,e4,1,18,0.6,sustained,→,0,0,1
TCEC_Cup14_SF_vs_Lc0_2024.pgn,2,b,c5,-1,15,0.6,sustained,→,0,0,0
TCEC_Cup14_SF_vs_Lc0_2024.pgn,3,w,Nf3,1,17,0.6,sustained,→,0,0,0
TCEC_Cup14_SF_vs_Lc0_2024.pgn,4,b,d6,-1,15,0.6,sustained,→,-0.3,0,0
TCEC_Cup14_SF_vs_Lc0_2024.pgn,5,w,d4,1,17,0.6,sustained,→,0,0,0
TCEC_Cup14_SF_vs_Lc0_2024.pgn,6,b,cxd4,-1,15,0.6,sustained,→,0.3,0,0
TCEC_Cup14_SF_vs_Lc0_2024.pgn,7,w,Nxd4,1,17,0.6,sustained,→,0,0,1
TCEC_Cup14_SF_vs_Lc0_2024.pgn,8,b,Nf6,-1,15,0.6,sustained,→,-0.5,0,1
TCEC_Cup14_SF_vs_Lc0_2024.pgn,9,w,Nc3,1,17,0.6,sustained,→,0,0,1
TCEC_Cup14_SF_vs_Lc0_2024.pgn,10,b,Nc6,,,,,,0,0,0
TCEC_Cup14_SF_vs_Lc0_2024.pgn,11,w,Bg5,13,30,0.6,sustained,→,0.5,0,1
TCEC_Cup14_SF_vs_Lc0_2024.pgn,12,b,Qb6,,,,,,0,0,0
TCEC_Cup14_SF_vs_Lc0_2024.pgn,13,w,Nb3,71,83,0.4,sustained,→,-0.3,0,1
TCEC_Cup14_SF_vs_Lc0_2024.pgn,14,b,e6,,,,,,0,0,0
TCEC_Cup14_SF_vs_Lc0_2024.pgn,15,w,Bf4,89,105,0.6,sustained,→,0,0,1
TCEC_Cup14_SF_vs_Lc0_2024.pgn,16,b,Na5,-95,-79,0.6,sustained,→,0,0,1
TCEC_Cup14_SF_vs_Lc0_2024.pgn,17,w,Be3,,,,,,0,0,0
TCEC_Cup14_SF_vs_Lc0_2024.pgn,18,b,Qc7,-106,-88,0.6,sustained,→,1.3,0,1
TCEC_Cup14_SF_vs_Lc0_2024.pgn,19,w,Nb5,64,76,0.4,sustained,→,-0.3,0,1
TCEC_Cup14_SF_vs_Lc0_2024.pgn,20,b,Qd8,-64,-47,0.6,sustained,→,0.3,0,1
TCEC_Cup14_SF_vs_Lc0_2024.pgn,21,w,e5,64,72,0.2,sustained,→,-0.3,0,1
TCEC_Cup14_SF_vs_Lc0_2024.pgn,22,b,Nxb3,-64,-48,0.6,sustained,→,-0.3,0,1
TCEC_Cup14_SF_vs_Lc0_2024.pgn,23,w,axb3,64,78,0.4,sustained,→,1.3,0,1
TCEC_Cup14_SF_vs_Lc0_2024.pgn,24,b,dxe5,-64,-49,0.6,sustained,→,-1.3,0,1
TCEC_Cup14_SF_vs_Lc0_2024.pgn,25,w,Qxd8+,65,82,0.6,sustained,→,0.3,0,1
TCEC_Cup14_SF_vs_Lc0_2024.pgn,26,b,Kxd8,-69,-53,0.6,sustained,→,-0.3,0,1
TCEC_Cup14_SF_vs_Lc0_2024.pgn,27,w,Bxa7,70,86,0.6,sustained,→,0.3,0,1
TCEC_Cup14_SF_vs_Lc0_2024.pgn,28,b,Nd5,-70,-54,0.6,sustained,→,-0.3,0,1
TCEC_Cup14_SF_vs_Lc0_2024.pgn,29,w,c4,71,88,0.6,sustained,→,0.3,0,1
TCEC_Cup14_SF_vs_Lc0_2024.pgn,30,b,Bb4+,-71,-55,0.6,sustained,→,0,0,1
TCEC_Cup14_SF_vs_Lc0_2024.pgn,31,w,Kd1,72,88,0.6,sustained,→,0,0,1
TCEC_Cup14_SF_vs_Lc0_2024.pgn,32,b,Nc7,-72,-56,0.6,sustained,→,0,0,1
TCEC_Cup14_SF_vs_Lc0_2024.pgn,33,w,Ra4,72,87,0.6,sustained,→,-1,0,1
TCEC_Cup14_SF_vs_Lc0_2024.pgn,34,b,Kd7,-72,-57,0.5,sustained,→,1,0,1
TCEC_Cup14_SF_vs_Lc0_2024.pgn,35,w,Bb6,75,88,0.5,sustained,→,-2.3,0,1
TCEC_Cup14_SF_vs_Lc0_2024.pgn,36,b,Rxa4,-75,-62,0.333,sustained,→,1.5,0,1
TCEC_Cup14_SF_vs_Lc0_2024.pgn,37,w,bxa4,75,83,0.333,sustained,→,-3.5,0,1
TCEC_Cup14_SF_vs_Lc0_2024.pgn,38,b,Na6,-75,-67,0,sustained,→,3,0,1
TCEC_Cup14_SF_vs_Lc0_2024.pgn,39,w,a5,75,74,0,sustained,→,-7,0,1
TCEC_Cup14_SF_vs_Lc0_2024.pgn,40,b,Ke7,-75,-61,0.5,sustained,→,0,0,1
TCEC_Cup14_SF_vs_Lc0_2024.pgn,41,w,Kc2,75,94,0.5,building,→,0,0,1
TCEC_Cup14_SF_vs_Lc0_2024.pgn,42,b,Bd7,-87,-83,0.5,unknown,→,0,0,1
TCEC_Cup14_SF_vs_Lc0_2024.pgn,43,w,Kb3,,,,,,0,0,0
TCEC_Cup14_SF_vs_Lc0_2024.pgn,44,b,Rb8,-54,-49,0,building,↑,-8.5,0,1
TCEC_Cup14_SF_vs_Lc0_2024.pgn,45,w,Be2,96,110,0.5,sustained,→,0,0,1
TCEC_Cup14_SF_vs_Lc0_2024.pgn,46,b,Bc6,,,,,,0,0,0
TCEC_Cup14_SF_vs_Lc0_2024.pgn,47,w,f3,108,122,0.5,sustained,→,0,0,1
TCEC_Cup14_SF_vs_Lc0_2024.pgn,48,b,f5,-108,-103,0.5,unknown,→,0,0,1
TCEC_Cup14_SF_vs_Lc0_2024.pgn,49,w,Rc1,,,,,,0,0,0
TCEC_Cup14_SF_vs_Lc0_2024.pgn,50,b,e4,-107,-103,0.5,unknown,→,0,0,1
TCEC_Cup14_SF_vs_Lc0_2024.pgn,51,w,Na7,,,,,,0,0,0
TCEC_Cup14_SF_vs_Lc0_2024.pgn,52,b,Bd2,,,,,,0,0,0
TCEC_Cup14_SF_vs_Lc0_2024.pgn,53,w,Rc2,122,138,0.6,sustained,→,0,0,1
TCEC_Cup14_SF_vs_Lc0_2024.pgn,54,b,e3,-122,-106,0.6,sustained,→,0,0,1
TCEC_Cup14_SF_vs_Lc0_2024.pgn,55,w,c5,122,138,0.6,sustained,→,0,0,1
TCEC_Cup14_SF_vs_Lc0_2024.pgn,56,b,Bd7,-122,-106,0.6,sustained,→,0,0,1
TCEC_Cup14_SF_vs_Lc0_2024.pgn,57,w,Rc3,122,136,0.5,sustained,→,0,0,1
TCEC_Cup14_SF_vs_Lc0_2024.pgn,58,b,Bxc3,-122,-108,0.5,sustained,→,0,0,1
TCEC_Cup14_SF_vs_Lc0_2024.pgn,59,w,Kxc3,122,133,0.333,sustained,→,0,0,1
TCEC_Cup14_SF_vs_Lc0_2024.pgn,60,b,Ra8,-122,-111,0.333,sustained,→,0,0,1
TCEC_Cup14_SF_vs_Lc0_2024.pgn,61,w,b4,122,126,0,sustained,→,0,0,1
TCEC_Cup14_SF_vs_Lc0_2024.pgn,62,b,e5,-122,-143,0,collapse,→,12,0,1
TCEC_Cup14_SF_vs_Lc0_2024.pgn,63,w,b5,134,153,0.5,building,↑,0,0,1
TCEC_Cup14_SF_vs_Lc0_2024.pgn,64,b,Nb8,-155,-151,0,sustained,→,0,0,1
TCEC_Cup14_SF_vs_Lc0_2024.pgn,65,w,f4,155,169,0.5,sustained,→,0,0,1
TCEC_Cup14_SF_vs_Lc0_2024.pgn,66,b,e4,-155,-141,0.5,sustained,→,0,0,1
TCEC_Cup14_SF_vs_Lc0_2024.pgn,67,w,g3,155,159,0.5,unknown,→,0,0,1
TCEC_Cup14_SF_vs_Lc0_2024.pgn,68,b,g6,,,,,,0,0,0
TCEC_Cup14_SF_vs_Lc0_2024.pgn,69,w,Bf1,,,,,,0,0,
TCEC_Cup14_SF_vs_Lc0_2024.pgn,70,b,Kf7,-119,-103,0.6,sustained,→,0,0,1
TCEC_Cup14_SF_vs_Lc0_2024.pgn,71,w,Kd4,119,143,0.5,building,↑,11.3,0,1
TCEC_Cup14_SF_vs_Lc0_2024.pgn,72,b,Be6,-119,-87,0.4,building,↑,32.8,1,1
TCEC_Cup14_SF_vs_Lc0_2024.pgn,73,w,c6,175,179,0,building,↑,-56,0,1
TCEC_Cup14_SF_vs_Lc0_2024.pgn,74,b,bxc6,-175,-196,0,collapse,→,112,0,1
TCEC_Cup14_SF_vs_Lc0_2024.pgn,75,w,Nxc6,175,159,0,spike,→,-22.7,0,1
TCEC_Cup14_SF_vs_Lc0_2024.pgn,76,b,Nxc6+,-187,-189,0,mixed,→,4,0,1
TCEC_Cup14_SF_vs_Lc0_2024.pgn,77,w,bxc6,187,171,0,spike,→,-32.3,0,1
TCEC_Cup14_SF_vs_Lc0_2024.pgn,78,b,Bc8,-182,-171,0.4,sustained,→,-1.3,0,1
TCEC_Cup14_SF_vs_Lc0_2024.pgn,79,w,Ke5,182,193,0.25,sustained,→,1.7,0,1
TCEC_Cup14_SF_vs_Lc0_2024.pgn,80,b,Ke7,-182,-180,0,sustained,→,-2,0,1
TCEC_Cup14_SF_vs_Lc0_2024.pgn,81,w,c7,181,190,0,sustained,→,12,0,1
TCEC_Cup14_SF_vs_Lc0_2024.pgn,82,b,Kd7,-181,-167,0.5,sustained,→,0,0,1
TCEC_Cup14_SF_vs_Lc0_2024.pgn,83,w,Bb5+,181,165,0.5,collapse,↓,0,0,1
TCEC_Cup14_SF_vs_Lc0_2024.pgn,84,b,Ke7,-160,-146,0.5,sustained,→,0,0,1
TCEC_Cup14_SF_vs_Lc0_2024.pgn,85,w,Bc5+,,,,,,0,0,0
TCEC_Cup14_SF_vs_Lc0_2024.pgn,86,b,Kf7,-132,-118,0.5,sustained,→,0,0,1
TCEC_Cup14_SF_vs_Lc0_2024.pgn,87,w,Bb4,188,202,0.5,sustained,→,0,0,1
TCEC_Cup14_SF_vs_Lc0_2024.pgn,88,b,Ra7,,,,,,0,0,0
TCEC_Cup14_SF_vs_Lc0_2024.pgn,89,w,Kd6,,,,,,0,0,0
TCEC_Cup14_SF_vs_Lc0_2024.pgn,90,b,Kf6,,,,,,0,0,0
TCEC_Cup14_SF_vs_Lc0_2024.pgn,91,w,Bc3+,,,,,,0,0,0
TCEC_Cup14_SF_vs_Lc0_2024.pgn,92,b,Kf7,-240,-226,0.5,sustained,→,0,0,1
TCEC_Cup14_SF_vs_Lc0_2024.pgn,93,w,Bc4+,240,245,0.5,unknown,→,0,0,1
TCEC_Cup14_SF_vs_Lc0_2024.pgn,94,b,Ke8,,,,,,0,0,0
TCEC_Cup14_SF_vs_Lc0_2024.pgn,95,w,Kc6,,,,,,0,0,0
TCEC_Cup14_SF_vs_Lc0_2024.pgn,96,b,Ke7,,,,,,0,0,0
TCEC_Cup14_SF_vs_Lc0_2024.pgn,97,w,Bb4+,311,315,0,sustained,→,0,0,0
TCEC_Cup14_SF_vs_Lc0_2024.pgn,98,b,Kf6,-311,-297,0.5,sustained,→,0,0,1
TCEC_Cup14_SF_vs_Lc0_2024.pgn,99,w,Bc3+,311,290,0,collapse,↓,18,0,1
TCEC_Cup14_SF_vs_Lc0_2024.pgn,100,b,Ke7,-293,-289,0.5,unknown,→,0,0,1
TCEC_Cup14_SF_vs_Lc0_2024.pgn,101,w,h3,,,,,,0,0,0
TCEC_Cup14_SF_vs_Lc0_2024.pgn,102,b,Kf8,-260,-255,0.5,unknown,→,0,0,1
TCEC_Cup14_SF_vs_Lc0_2024.pgn,103,w,Bb4+,,,,,,0,0,
TCEC_Cup14_SF_vs_Lc0_2024.pgn,104,b,Ke8,,,,,,0,0,
TCEC_Cup14_SF_vs_Lc0_2024.pgn,105,w,g4,381,385,0.5,unknown,→,0,0,1
TCEC_Cup14_SF_vs_Lc0_2024.pgn,106,b,h6,,,,,,0,0,0
TCEC_Cup14_SF_vs_Lc0_2024.pgn,107,w,gxf5,436,450,0.5,sustained,→,0,0,1
TCEC_Cup14_SF_vs_Lc0_2024.pgn,108,b,gxf5,-436,-422,0.5,sustained,→,0,0,1
TCEC_Cup14_SF_vs_Lc0_2024.pgn,109,w,h4,436,440,0.5,unknown,→,0,0,1
TCEC_Cup14_SF_vs_Lc0_2024.pgn,110,b,e2,,,,,,0,0,0
TCEC_Cup14_SF_vs_Lc0_2024.pgn,111,w,h5,620,624,0.5,unknown,→,0,0,1
TCEC_Cup14_SF_vs_Lc0_2024.pgn,112,b,e3,,,,,,0,0,0
TCEC_Cup14_SF_vs_Lc0_2024.pgn,113,w,Bxe2,645,659,0.5,sustained,→,0,0,1
TCEC_Cup14_SF_vs_Lc0_2024.pgn,114,b,Kf7,-645,-641,0.5,unknown,→,0,0,1
TCEC_Cup14_SF_vs_Lc0_2024.pgn,115,w,Bd3,,,,,,0,0,0
TCEC_Cup14_SF_vs_Lc0_2024.pgn,116,b,Ke6,,,,,,0,0,0
TCEC_Cup14_SF_vs_Lc0_2024.pgn,117,w,Bc4+,773,784,0.333,sustained,→,0,0,1
TCEC_Cup14_SF_vs_Lc0_2024.pgn,118,b,Kf6,-773,-759,0.5,sustained,→,0,0,1
TCEC_Cup14_SF_vs_Lc0_2024.pgn,119,w,Kd6,773,777,0,sustained,→,0,0,1
TCEC_Cup14_SF_vs_Lc0_2024.pgn,120,b,Kg7,-773,-769,0.5,unknown,→,0,0,1
TCEC_Cup14_SF_vs_Lc0_2024.pgn,121,w,a6,,,,,,0,0,0
TCEC_Cup14_SF_vs_Lc0_2024.pgn,122,b,Rxa6+,-636,-625,0.333,sustained,→,0,0,1
TCEC_Cup14_SF_vs_Lc0_2024.pgn,123,w,Bxa6,636,640,0,sustained,→,0,0,1
TCEC_Cup14_SF_vs_Lc0_2024.pgn,124,b,Bxa6,-636,-632,0,sustained,→,0,0,1
TCEC_Cup14_SF_vs_Lc0_2024.pgn,125,w,Ke7,636,649,0.5,sustained,→,0,0,1
TCEC_Cup14_SF_vs_Lc0_2024.pgn,126,b,e2,-636,-653,0.5,collapse,→,0,0,1
TCEC_Cup14_SF_vs_Lc0_2024.pgn,127,w,Be1,647,651,0.5,unknown,→,0,0,1
TCEC_Cup14_SF_vs_Lc0_2024.pgn,128,b,Bc8,,,,,,0,0,0
TCEC_Cup14_SF_vs_Lc0_2024.pgn,129,w,Kd8,1491,1494,0.5,unknown,→,0,0,1
TCEC_Cup14_SF_vs_Lc0_2024.pgn,130,b,Ba6,,,,,,0,0,0
TCEC_Cup14_SF_vs_Lc0_2024.pgn,131,w,c8=Q,29949,29963,0.5,sustained,→,0,0,1
TCEC_Cup14_SF_vs_Lc0_2024.pgn,132,b,Bxc8,-29950,-29937,0.5,sustained,→,0,0,1
TCEC_Cup14_SF_vs_Lc0_2024.pgn,133,w,Kxc8,29951,29954,0.5,unknown,→,0,0,1
TCEC_Cup14_SF_vs_Lc0_2024.pgn,134,b,Kf7,,,,,,0,0,0
TCEC_Cup14_SF_vs_Lc0_2024.pgn,135,w,Kd7,29961,29975,0.5,sustained,→,0,0,1
TCEC_Cup14_SF_vs_Lc0_2024.pgn,136,b,Kf6,-29962,-29958,0.5,unknown,→,0,0,1
TCEC_Cup14_SF_vs_Lc0_2024.pgn,137,w,Kd6,,,,,,0,0,0
TCEC_Cup14_SF_vs_Lc0_2024.pgn,138,b,Kf7,-29954,-29950,0.5,unknown,→,0,0,1
TCEC_Cup14_SF_vs_Lc0_2024.pgn,139,w,Ke5,,,,,,0,0,0
TCEC_Cup14_SF_vs_Lc0_2024.pgn,140,b,Ke8,,,,,,0,0,0
TCEC_Cup14_SF_vs_Lc0_2024.pgn,141,w,Kxf5,29959,29998,0.5,sustained,→,0,0,1
TCEC_Cup14_SF_vs_Lc0_2024.pgn,142,b,Kd8,-24997,-24958,0.5,sustained,→,0,0,1
TCEC_Cup14_SF_vs_Lc0_2024.pgn,143,w,Ke6,24998,25037,0.5,sustained,→,0,0,1
TCEC_Cup14_SF_vs_Lc0_2024.pgn,144,b,Kc7,-24999,-24960,0.5,sustained,→,0,0,1
TCEC_Cup14_SF_vs_Lc0_2024.pgn,145,w,f5,24998,,,,,0,0,0
TCEC_Cup14_SF_vs_Lc0_2024.pgn,146,b,Kc6,-24999,-24960,0.5,sustained,→,0,0,1
TCEC_Cup14_SF_vs_Lc0_2024.pgn,147,w,f6,24998,,,,,0,0,0
TCEC_Cup14_SF_vs_Lc0_2024.pgn,148,b,Kc5,-24999,-24960,0.5,sustained,→,0,0,1
TCEC_Cup14_SF_vs_Lc0_2024.pgn,149,w,f7,24998,,,,,0,0,0
TCEC_Cup14_SF_vs_Lc0_2024.pgn,150,b,Kc4,-24999,-24960,0.5,sustained,→,0,0,1
TCEC_Cup14_SF_vs_Lc0_2024.pgn,151,w,f8=Q,24998,,,,,0,0,0
TCEC_Cup14_SF_vs_Lc0_2024.pgn,152,b,Kb3,-24999,-24960,0.5,sustained,→,0,0,1
TCEC_Cup14_SF_vs_Lc0_2024.pgn,153,w,Qb4+,24998,,,,,0,0,0
TCEC_Cup14_SF_vs_Lc0_2024.pgn,154,b,Kc2,-24999,-24960,0.5,sustained,→,0,0,1
TCEC_Cup14_SF_vs_Lc0_2024.pgn,155,w,Qd2+,24998,25037,0.5,sustained,→,0,0,1
TCEC_Cup14_SF_vs_Lc0_2024.pgn,156,b,Kb1,-24999,-24960,0.5,sustained,→,0,0,1
TCEC_Cup14_SF_vs_Lc0_2024.pgn,157,w,Qxe2,24998,,,,,0,0,0
TCEC_Cup14_SF_vs_Lc0_2024.pgn,1,w,d4,,,,,,0,0,0
TCEC_Cup14_SF_vs_Lc0_2024.pgn,2,b,g6,,,,,,0,0,0
TCEC_Cup14_SF_vs_Lc0_2024.pgn,3,w,c4,,,,,,0,0,0
TCEC_Cup14_SF_vs_Lc0_2024.pgn,4,b,Bg7,,,,,,0,0,0
TCEC_Cup14_SF_vs_Lc0_2024.pgn,5,w,Nc3,12,28,0.6,sustained,→,0,0,0
TCEC_Cup14_SF_vs_Lc0_2024.pgn,6,b,d6,-12,3,0.6,sustained,→,-0.5,0,0
TCEC_Cup14_SF_vs_Lc0_2024.pgn,7,w,e4,12,28,0.6,sustained,→,0.3,0,0
TCEC_Cup14_SF_vs_Lc0_2024.pgn,8,b,Nc6,,,,,,0,0,0
TCEC_Cup14_SF_vs_Lc0_2024.pgn,9,w,d5,70,86,0.6,sustained,→,-0.3,0,1
TCEC_Cup14_SF_vs_Lc0_2024.pgn,10,b,Nd4,-60,-48,0.4,sustained,→,0,0,1
TCEC_Cup14_SF_vs_Lc0_2024.pgn,11,w,Be3,60,77,0.6,sustained,→,0,0,1
TCEC_Cup14_SF_vs_Lc0_2024.pgn,12,b,c5,,,,,,0,0,0
TCEC_Cup14_SF_vs_Lc0_2024.pgn,13,w,Nge2,77,94,0.6,sustained,→,0,0,1
TCEC_Cup14_SF_vs_Lc0_2024.pgn,14,b,Nxe2,,,,,,0,0,0
TCEC_Cup14_SF_vs_Lc0_2024.pgn,15,w,Bxe2,91,108,0.6,sustained,→,0,0,1
TCEC_Cup14_SF_vs_Lc0_2024.pgn,16,b,f5,-91,-74,0.6,sustained,→,0,0,1
TCEC_Cup14_SF_vs_Lc0_2024.pgn,17,w,exf5,91,108,0.6,sustained,→,0,0,1
TCEC_Cup14_SF_vs_Lc0_2024.pgn,18,b,Bxf5,-91,-74,0.6,sustained,→,0,0,1
TCEC_Cup14_SF_vs_Lc0_2024.pgn,19,w,Qd2,,,,,,0,0,0
TCEC_Cup14_SF_vs_Lc0_2024.pgn,20,b,Nf6,,,,,,0,0,0
TCEC_Cup14_SF_vs_Lc0_2024.pgn,21,w,f3,126,143,0.6,sustained,→,0,0,1
TCEC_Cup14_SF_vs_Lc0_2024.pgn,22,b,Qa5,-126,-109,0.6,sustained,→,0,0,1
TCEC_Cup14_SF_vs_Lc0_2024.pgn,23,w,g4,126,143,0.6,sustained,→,0,0,1
TCEC_Cup14_SF_vs_Lc0_2024.pgn,24,b,Bd7,-126,-109,0.6,sustained,→,0,0,1
TCEC_Cup14_SF_vs_Lc0_2024.pgn,25,w,Bd3,126,143,0.6,sustained,→,0,0,1
TCEC_Cup14_SF_vs_Lc0_2024.pgn,26,b,e6,,,,,,0,0,0
TCEC_Cup14_SF_vs_Lc0_2024.pgn,27,w,dxe6,133,149,0.6,sustained,→,0,0,1
TCEC_Cup14_SF_vs_Lc0_2024.pgn,28,b,Bxe6,-133,-117,0.6,sustained,→,0,0,1
TCEC_Cup14_SF_vs_Lc0_2024.pgn,29,w,O-O-O,133,149,0.6,sustained,→,0,0,1
TCEC_Cup14_SF_vs_Lc0_2024.pgn,30,b,O-O-O,-133,-117,0.6,sustained,→,0,0,1
TCEC_Cup14_SF_vs_Lc0_2024.pgn,31,w,Rhe1,133,149,0.6,sustained,→,0,0,1
TCEC_Cup14_SF_vs_Lc0_2024.pgn,32,b,Bd7,-133,-117,0.6,sustained,→,0,0,1
TCEC_Cup14_SF_vs_Lc0_2024.pgn,33,w,Bh6,133,149,0.6,sustained,→,0,0,1
TCEC_Cup14_SF_vs_Lc0_2024.pgn,34,b,Bxh6,-133,-117,0.6,sustained,→,0,0,1
TCEC_Cup14_SF_vs_Lc0_2024.pgn,35,w,Qxh6,133,149,0.6,sustained,→,0,0,1
TCEC_Cup14_SF_vs_Lc0_2024.pgn,36,b,Bc6,-133,-117,0.6,sustained,→,0,0,1
TCEC_Cup14_SF_vs_Lc0_2024.pgn,37,w,Re6,133,149,0.6,sustained,→,0,0,1
TCEC_Cup14_SF_vs_Lc0_2024.pgn,38,b,Nd7,-133,-117,0.6,sustained,→,0,0,1
TCEC_Cup14_SF_vs_Lc0_2024.pgn,39,w,Be2,133,150,0.6,sustained,→,0,0,1
TCEC_Cup14_SF_vs_Lc0_2024.pgn,40,b,Nb6,-133,-117,0.6,sustained,→,0,0,1
TCEC_Cup14_SF_vs_Lc0_2024.pgn,41,w,Rexd6,133,149,0.6,sustained,→,0,0,1
TCEC_Cup14_SF_vs_Lc0_2024.pgn,42,b,Rxd6,-133,-117,0.6,sustained,→,0,0,1
TCEC_Cup14_SF_vs_Lc0_2024.pgn,43,w,Rxd6,133,149,0.6,sustained,→,0,0,1
TCEC_Cup14_SF_vs_Lc0_2024.pgn,44,b,Re8,-133,-116,0.6,sustained,→,0.5,0,1
TCEC_Cup14_SF_vs_Lc0_2024.pgn,45,w,Rd2,135,137,0,sustained,→,-2,0,1
TCEC_Cup14_SF_vs_Lc0_2024.pgn,46,b,Na4,-135,-127,0,sustained,→,4,0,1
TCEC_Cup14_SF_vs_Lc0_2024.pgn,47,w,Nd1,135,149,0.5,sustained,→,0,0,1
TCEC_Cup14_SF_vs_Lc0_2024.pgn,48,b,Qc7,-135,-121,0.5,sustained,→,0,0,1
TCEC_Cup14_SF_vs_Lc0_2024.pgn,49,w,f4,135,139,0.5,unknown,→,0,0,1
TCEC_Cup14_SF_vs_Lc0_2024.pgn,50,b,Nb6,,,,,,0,0,0
TCEC_Cup14_SF_vs_Lc0_2024.pgn,51,w,f5,139,145,0.2,sustained,→,-1.5,0,1
TCEC_Cup14_SF_vs_Lc0_2024.pgn,52,b,gxf5,-139,-130,0.2,sustained,→,1.5,0,1
TCEC_Cup14_SF_vs_Lc0_2024.pgn,53,w,gxf5,139,141,0,sustained,→,-2,0,1
TCEC_Cup14_SF_vs_Lc0_2024.pgn,54,b,Nd7,-139,-125,0.5,sustained,→,0,0,1
TCEC_Cup14_SF_vs_Lc0_2024.pgn,55,w,Bf1,139,149,0.333,sustained,→,0,0,1
TCEC_Cup14_SF_vs_Lc0_2024.pgn,56,b,Kb8,-139,-129,0.333,sustained,→,0,0,1
TCEC_Cup14_SF_vs_Lc0_2024.pgn,57,w,f6,139,143,0,sustained,→,0,0,1
TCEC_Cup14_SF_vs_Lc0_2024.pgn,58,b,Ne5,-139,-134,0,sustained,→,1,0,1
TCEC_Cup14_SF_vs_Lc0_2024.pgn,59,w,Nc3,140,155,0.5,sustained,→,0,0,1
TCEC_Cup14_SF_vs_Lc0_2024.pgn,60,b,a6,-140,-125,0.5,sustained,→,0,0,1
TCEC_Cup14_SF_vs_Lc0_2024.pgn,61,w,Be2,140,144,0.5,unknown,→,0,0,1
TCEC_Cup14_SF_vs_Lc0_2024.pgn,62,b,Ng6,-140,-136,0.5,unknown,→,0,0,1
TCEC_Cup14_SF_vs_Lc0_2024.pgn,63,w,Rd1,134,138,0.5,unknown,→,0,0,1
TCEC_Cup14_SF_vs_Lc0_2024.pgn,64,b,Rf8,,,,,,0,0,0
TCEC_Cup14_SF_vs_Lc0_2024.pgn,65,w,Rf1,136,150,0.5,sustained,→,0,0,1
TCEC_Cup14_SF_vs_Lc0_2024.pgn,66,b,Rf7,-136,-132,0.5,unknown,→,0,0,1
TCEC_Cup14_SF_vs_Lc0_2024.pgn,67,w,Kc2,,,,,,0,0,0
TCEC_Cup14_SF_vs_Lc0_2024.pgn,68,b,Qe5,-132,-118,0.5,sustained,→,0,0,1
TCEC_Cup14_SF_vs_Lc0_2024.pgn,69,w,Qh5,132,136,0.5,unknown,→,0,0,1
TCEC_Cup14_SF_vs_Lc0_2024.pgn,70,b,Qd6,,,,,,0,0,0
TCEC_Cup14_SF_vs_Lc0_2024.pgn,71,w,Qg5,147,161,0.5,sustained,→,0,0,1
TCEC_Cup14_SF_vs_Lc0_2024.pgn,72,b,Ne5,-147,-133,0.5,sustained,→,0,0,1
TCEC_Cup14_SF_vs_Lc0_2024.pgn,73,w,Qf4,147,151,0.5,unknown,→,0,0,1
TCEC_Cup14_SF_vs_Lc0_2024.pgn,74,b,Ka7,,,,,,0,0,0
TCEC_Cup14_SF_vs_Lc0_2024.pgn,75,w,Rf2,,,,,,0,0,0
TCEC_Cup14_SF_vs_Lc0_2024.pgn,76,b,Rf8,-150,-136,0.5,sustained,→,0,0,1
TCEC_Cup14_SF_vs_Lc0_2024.pgn,77,w,h4,150,164,0.5,sustained,→,0,0,1
TCEC_Cup14_SF_vs_Lc0_2024.pgn,78,b,Kb6,,,,,,0,0,0
TCEC_Cup14_SF_vs_Lc0_2024.pgn,79,w,Qg5,163,177,0.5,sustained,→,0,0,1
TCEC_Cup14_SF_vs_Lc0_2024.pgn,80,b,Be8,-163,-149,0.5,sustained,→,0,0,1
TCEC_Cup14_SF_vs_Lc0_2024.pgn,81,w,h5,163,167,0.5,unknown,→,0,0,1
TCEC_Cup14_SF_vs_Lc0_2024.pgn,82,b,Bf7,,,,,,0,0,0
TCEC_Cup14_SF_vs_Lc0_2024.pgn,83,w,b3,,,,,,0,0,0
TCEC_Cup14_SF_vs_Lc0_2024.pgn,84,b,Ka7,,,,,,0,0,0
TCEC_Cup14_SF_vs_Lc0_2024.pgn,85,w,Qf4,,,,,,0,0,0
TCEC_Cup14_SF_vs_Lc0_2024.pgn,86,b,Re8,,,,,,0,0,0
TCEC_Cup14_SF_vs_Lc0_2024.pgn,87,w,Rf1,182,186,0.5,unknown,→,0,0,1
TCEC_Cup14_SF_vs_Lc0_2024.pgn,88,b,Qc6,,,,,,0,0,0
TCEC_Cup14_SF_vs_Lc0_2024.pgn,89,w,Rd1,186,190,0.5,unknown,→,0,0,1
TCEC_Cup14_SF_vs_Lc0_2024.pgn,90,b,Qg2,,,,,,0,0,0
TCEC_Cup14_SF_vs_Lc0_2024.pgn,91,w,Rd2,203,207,0.5,unknown,→,0,0,1
TCEC_Cup14_SF_vs_Lc0_2024.pgn,92,b,Qh1,,,,,,0,0,0
TCEC_Cup14_SF_vs_Lc0_2024.pgn,93,w,Kb2,,,,,,0,0,0
TCEC_Cup14_SF_vs_Lc0_2024.pgn,94,b,Qc6,,,,,,0,0,0
TCEC_Cup14_SF_vs_Lc0_2024.pgn,95,w,Bd1,208,212,0.5,unknown,→,0,0,1
TCEC_Cup14_SF_vs_Lc0_2024.pgn,96,b,Qc7,,,,,,0,0,0
TCEC_Cup14_SF_vs_Lc0_2024.pgn,97,w,Kc2,217,221,0.5,unknown,→,0,0,1
TCEC_Cup14_SF_vs_Lc0_2024.pgn,98,b,Qa5,,,,,,0,0,0
TCEC_Cup14_SF_vs_Lc0_2024.pgn,99,w,Re2,283,287,0,sustained,→,0,0,1
TCEC_Cup14_SF_vs_Lc0_2024.pgn,100,b,Qc7,-283,-279,0,sustained,→,0,0,1
TCEC_Cup14_SF_vs_Lc0_2024.pgn,101,w,Nd5,283,297,0.5,sustained,→,0,0,1
TCEC_Cup14_SF_vs_Lc0_2024.pgn,102,b,Qd6,-283,-269,0.5,sustained,→,0,0,1
TCEC_Cup14_SF_vs_Lc0_2024.pgn,103,w,Rd2,283,287,0.5,unknown,→,0,0,1
TCEC_Cup14_SF_vs_Lc0_2024.pgn,104,b,Re6,,,,,,0,0,0
TCEC_Cup14_SF_vs_Lc0_2024.pgn,105,w,Qf2,297,300,0.5,unknown,→,0,0,1
TCEC_Cup14_SF_vs_Lc0_2024.pgn,106,b,Qc6,,,,,,0,0,0
TCEC_Cup14_SF_vs_Lc0_2024.pgn,107,w,Ne7,340,354,0.5,sustained,→,0,0,1
TCEC_Cup14_SF_vs_Lc0_2024.pgn,108,b,Qc7,-340,-327,0.5,sustained,→,0,0,1
TCEC_Cup14_SF_vs_Lc0_2024.pgn,109,w,Qf4,340,343,0.5,unknown,→,0,0,1
TCEC_Cup14_SF_vs_Lc0_2024.pgn,110,b,Qa5,,,,,,0,0,0
TCEC_Cup14_SF_vs_Lc0_2024.pgn,111,w,a4,381,384,0,sustained,→,0,0,1
TCEC_Cup14_SF_vs_Lc0_2024.pgn,112,b,Qb4,-381,-377,0,sustained,→,0,0,1
TCEC_Cup14_SF_vs_Lc0_2024.pgn,113,w,Rd6,381,395,0.5,sustained,→,0,0,1
TCEC_Cup14_SF_vs_Lc0_2024.pgn,114,b,Qe1,-381,-367,0.5,sustained,→,0,0,1
TCEC_Cup14_SF_vs_Lc0_2024.pgn,115,w,Rd2,381,384,0.5,unknown,→,0,0,1
TCEC_Cup14_SF_vs_Lc0_2024.pgn,116,b,Qg1,,,,,,0,0,0
TCEC_Cup14_SF_vs_Lc0_2024.pgn,117,w,Nc8+,429,433,0,sustained,→,0,0,1
TCEC_Cup14_SF_vs_Lc0_2024.pgn,118,b,Ka8,-429,-415,0.5,sustained,→,0,0,1
TCEC_Cup14_SF_vs_Lc0_2024.pgn,119,w,Nd6,429,443,0.5,sustained,→,0,0,1
TCEC_Cup14_SF_vs_Lc0_2024.pgn,120,b,Ka7,-429,-425,0.5,unknown,→,0,0,1
TCEC_Cup14_SF_vs_Lc0_2024.pgn,121,w,Nxf7,,,,,,0,0,0
TCEC_Cup14_SF_vs_Lc0_2024.pgn,122,b,Nxf7,-419,-415,0.5,unknown,→,0,0,1
TCEC_Cup14_SF_vs_Lc0_2024.pgn,123,w,Qf2,419,423,0,sustained,→,0,0,0
TCEC_Cup14_SF_vs_Lc0_2024.pgn,124,b,Qxf2,-419,-415,0,sustained,→,0,0,1
TCEC_Cup14_SF_vs_Lc0_2024.pgn,125,w,Rxf2,419,433,0.5,sustained,→,0,0,1
TCEC_Cup14_SF_vs_Lc0_2024.pgn,126,b,Kb6,-419,-405,0.5,sustained,→,0,0,1
TCEC_Cup14_SF_vs_Lc0_2024.pgn,127,w,Rf4,419,423,0.5,unknown,→,0,0,1
TCEC_Cup14_SF_vs_Lc0_2024.pgn,128,b,Re8,,,,,,0,0,0
TCEC_Cup14_SF_vs_Lc0_2024.pgn,129,w,Bf3,445,450,0.5,unknown,→,0,0,1
TCEC_Cup14_SF_vs_Lc0_2024.pgn,130,b,Rf8,,,,,,0,0,0
TCEC_Cup14_SF_vs_Lc0_2024.pgn,131,w,Bd5,486,501,0.5,sustained,→,0,0,1
TCEC_Cup14_SF_vs_Lc0_2024.pgn,132,b,Kc7,-486,-482,0.5,unknown,→,0,0,1
TCEC_Cup14_SF_vs_Lc0_2024.pgn,133,w,Bxf7,,,,,,0,0,0
TCEC_Cup14_SF_vs_Lc0_2024.pgn,134,b,Rxf7,-470,-454,0.6,sustained,→,0,0,1
TCEC_Cup14_SF_vs_Lc0_2024.pgn,135,w,Kd3,470,487,0.6,sustained,→,0,0,1
TCEC_Cup14_SF_vs_Lc0_2024.pgn,136,b,Kd6,-470,-453,0.6,sustained,→,0,0,1
TCEC_Cup14_SF_vs_Lc0_2024.pgn,137,w,Ke4,470,486,0.6,sustained,→,0,0,1
TCEC_Cup14_SF_vs_Lc0_2024.pgn,138,b,Ke6,-470,-454,0.6,sustained,→,0,0,1
TCEC_Cup14_SF_vs_Lc0_2024.pgn,139,w,a5,470,484,0.5,sustained,→,0,0,1
TCEC_Cup14_SF_vs_Lc0_2024.pgn,140,b,Rxf6,-470,-453,0.4,sustained,→,12262.3,0,1
TCEC_Cup14_SF_vs_Lc0_2024.pgn,141,w,Rxf6+,24990,24979,0.25,spike,→,-16350,0,1
TCEC_Cup14_SF_vs_Lc0_2024.pgn,142,b,Kxf6,-24991,-24977,0.25,sustained,→,16350.3,0,1
TCEC_Cup14_SF_vs_Lc0_2024.pgn,143,w,Kd5,24992,24976,0,spike,→,-24526,0,1
TCEC_Cup14_SF_vs_Lc0_2024.pgn,144,b,b6,,,,,,0,0,0
TCEC_Cup14_SF_vs_Lc0_2024.pgn,145,w,axb6,29959,29963,0.5,unknown,→,0,0,1
TCEC_Cup14_SF_vs_Lc0_2024.pgn,146,b,h6,,,,,,0,0,0
TCEC_Cup14_SF_vs_Lc0_2024.pgn,147,w,b7,,,,,,0,0,0
TCEC_Cup14_SF_vs_Lc0_2024.pgn,148,b,Kg5,-29968,-29948,0.333,building,→,3.5,0,1
TCEC_Cup14_SF_vs_Lc0_2024.pgn,149,w,b8=Q,29969,29990,0.333,building,↑,2492.5,0,1
TCEC_Cup14_SF_vs_Lc0_2024.pgn,150,b,a5,-29978,-29989,0,mixed,↓,-2489,0,1
TCEC_Cup14_SF_vs_Lc0_2024.pgn,151,w,Qe5+,29979,29993,0,building,↑,4985,0,1
TCEC_Cup14_SF_vs_Lc0_2024.pgn,152,b,Kg4,,,,,,0,0,0
TCEC_Cup14_SF_vs_Lc0_2024.pgn,153,w,Ke4,29993,29998,0,sustained,→,1,0,1
TCEC_Cup14_SF_vs_Lc0_2024.pgn,154,b,a4,,,,,,0,0,0
TCEC_Cup14_SF_vs_Lc0_2024.pgn,155,w,Qf4+,29995,30009,0,building,↑,5001,0,1
TCEC_Cup14_SF_vs_Lc0_2024.pgn,156,b,Kxh5,-29996,-30012,0.5,collapse,↓,0,0,1
TCEC_Cup14_SF_vs_Lc0_2024.pgn,157,w,Kf5,29997,30002,0.5,unknown,→,0,0,1
TCEC_Cup14_SF_vs_Lc0_2024.pgn,158,b,axb3,-29998,-29969,0.5,unknown,→,0,0,1
TCEC_Cup14_SF_vs_Lc0_2024.pgn,159,w,Qg4#,24999,,,,,0,0,0
TCEC_Cup14_SF_vs_Lc0_2024.pgn,1,w,e4,1,18,0.6,sustained,→,0,0,1
TCEC_Cup14_SF_vs_Lc0_2024.pgn,2,b,e6,-1,16,0.6,sustained,→,0,0,0
TCEC_Cup14_SF_vs_Lc0_2024.pgn,3,w,d4,1,17,0.6,sustained,→,0,0,1
TCEC_Cup14_SF_vs_Lc0_2024.pgn,4,b,d5,-1,16,0.6,sustained,→,0.3,0,1
TCEC_Cup14_SF_vs_Lc0_2024.pgn,5,w,Nc3,,,,,,0,0,0
TCEC_Cup14_SF_vs_Lc0_2024.pgn,6,b,Bb4,,,,,,0,0,0
TCEC_Cup14_SF_vs_Lc0_2024.pgn,7,w,e5,12,28,0.6,sustained,→,0,0,1
TCEC_Cup14_SF_vs_Lc0_2024.pgn,8,b,Ne7,,,,,,0,0,0
TCEC_Cup14_SF_vs_Lc0_2024.pgn,9,w,a3,25,41,0.6,sustained,→,0,0,1
TCEC_Cup14_SF_vs_Lc0_2024.pgn,10,b,Bxc3+,-25,-9,0.6,sustained,→,0,0,1
TCEC_Cup14_SF_vs_Lc0_2024.pgn,11,w,bxc3,28,44,0.6,sustained,→,-0.5,0,1
TCEC_Cup14_SF_vs_Lc0_2024.pgn,12,b,b6,,,,,,0,0,0
TCEC_Cup14_SF_vs_Lc0_2024.pgn,13,w,Qg4,84,101,0.6,sustained,→,0,0,1
TCEC_Cup14_SF_vs_Lc0_2024.pgn,14,b,Kf8,,,,,,0,0,0
TCEC_Cup14_SF_vs_Lc0_2024.pgn,15,w,a4,,,,,,0,0,0
TCEC_Cup14_SF_vs_Lc0_2024.pgn,16,b,c5,,,,,,0,0,0
TCEC_Cup14_SF_vs_Lc0_2024.pgn,17,w,Bb5,109,126,0.6,sustained,→,0,0,1
TCEC_Cup14_SF_vs_Lc0_2024.pgn,18,b,a6,,,,,,0,0,0
TCEC_Cup14_SF_vs_Lc0_2024.pgn,19,w,Bd3,110,128,0.6,sustained,→,0.8,0,1
TCEC_Cup14_SF_vs_Lc0_2024.pgn,20,b,a5,-89,-72,0.6,sustained,→,0,0,1
TCEC_Cup14_SF_vs_Lc0_2024.pgn,21,w,Nf3,,,,,,0,0,0
TCEC_Cup14_SF_vs_Lc0_2024.pgn,22,b,Ba6,,,,,,0,0,0
TCEC_Cup14_SF_vs_Lc0_2024.pgn,23,w,dxc5,119,107,0.2,volatile,→,0,0,1
TCEC_Cup14_SF_vs_Lc0_2024.pgn,24,b,bxc5,,,,,,0,0,0
TCEC_Cup14_SF_vs_Lc0_2024.pgn,25,w,Rb1,,,,,,0,0,0
TCEC_Cup14_SF_vs_Lc0_2024.pgn,26,b,Bxd3,-88,-74,0.5,sustained,→,0,0,1
TCEC_Cup14_SF_vs_Lc0_2024.pgn,27,w,cxd3,90,94,0.5,unknown,→,0,0,1
TCEC_Cup14_SF_vs_Lc0_2024.pgn,28,b,Kg8,,,,,,0,0,0
TCEC_Cup14_SF_vs_Lc0_2024.pgn,29,w,O-O,108,112,0.5,unknown,→,0,0,1
TCEC_Cup14_SF_vs_Lc0_2024.pgn,30,b,h6,,,,,,0,0,0
TCEC_Cup14_SF_vs_Lc0_2024.pgn,31,w,Rb5,110,121,0.333,sustained,→,0,0,1
TCEC_Cup14_SF_vs_Lc0_2024.pgn,32,b,Nd7,-110,-106,0,sustained,→,0,0,1
TCEC_Cup14_SF_vs_Lc0_2024.pgn,33,w,c4,110,115,0,sustained,→,0,0,1
TCEC_Cup14_SF_vs_Lc0_2024.pgn,34,b,Kh7,-110,-96,0.5,sustained,→,0,0,1
TCEC_Cup14_SF_vs_Lc0_2024.pgn,35,w,Re1,110,125,0.5,sustained,→,0,0,1
TCEC_Cup14_SF_vs_Lc0_2024.pgn,36,b,Re8,-110,-105,0.5,unknown,→,0,0,1
TCEC_Cup14_SF_vs_Lc0_2024.pgn,37,w,Qh5,,,,,,0,0,0
TCEC_Cup14_SF_vs_Lc0_2024.pgn,38,b,Kg8,,,,,,0,0,0
TCEC_Cup14_SF_vs_Lc0_2024.pgn,39,w,Bxh6,112,104,0.4,spike,→,-28,0,1
TCEC_Cup14_SF_vs_Lc0_2024.pgn,40,b,gxh6,-112,-96,0.6,sustained,→,0,0,1
TCEC_Cup14_SF_vs_Lc0_2024.pgn,41,w,cxd5,112,128,0.6,sustained,→,0,0,1
TCEC_Cup14_SF_vs_Lc0_2024.pgn,42,b,Nxd5,-112,-96,0.6,sustained,→,0,0,1
TCEC_Cup14_SF_vs_Lc0_2024.pgn,43,w,Qxh6,112,128,0.6,sustained,→,0,0,1
TCEC_Cup14_SF_vs_Lc0_2024.pgn,44,b,f5,-112,-98,0.5,sustained,→,0,0,1
TCEC_Cup14_SF_vs_Lc0_2024.pgn,45,w,Qg6+,112,116,0,sustained,→,0,0,1
TCEC_Cup14_SF_vs_Lc0_2024.pgn,46,b,Kh8,-112,-98,0.5,sustained,→,0,0,1
TCEC_Cup14_SF_vs_Lc0_2024.pgn,47,w,Qh6+,,,,,,0,0,0
TCEC_Cup14_SF_vs_Lc0_2024.pgn,48,b,Kg8,0,11,0.333,sustained,→,0,0,1
TCEC_Cup14_SF_vs_Lc0_2024.pgn,49,w,Qg6+,112,116,0,sustained,→,0,0,1
TCEC_Cup14_SF_vs_Lc0_2024.pgn,50,b,Kh8,-112,-98,0.5,sustained,→,0,0,1
TCEC_Cup14_SF_vs_Lc0_2024.pgn,51,w,Ng5,112,123,0.333,sustained,→,0,0,1
TCEC_Cup14_SF_vs_Lc0_2024.pgn,52,b,Re7,-112,-98,0.5,sustained,→,0,0,1
TCEC_Cup14_SF_vs_Lc0_2024.pgn,53,w,Qh5+,112,90,0,collapse,↓,21,0,0
TCEC_Cup14_SF_vs_Lc0_2024.pgn,54,b,Kg8,-91,-103,0.2,spike,→,-5.3,0,1
TCEC_Cup14_SF_vs_Lc0_2024.pgn,55,w,Qg6+,91,107,0.6,sustained,→,0.3,0,1
TCEC_Cup14_SF_vs_Lc0_2024.pgn,56,b,Kh8,-91,-77,0.5,sustained,→,0,0,1
TCEC_Cup14_SF_vs_Lc0_2024.pgn,57,w,Nf7+,,,,,,0,0,0
TCEC_Cup14_SF_vs_Lc0_2024.pgn,58,b,Rxf7,-92,-77,0.6,sustained,→,-0.8,0,1
TCEC_Cup14_SF_vs_Lc0_2024.pgn,59,w,Qxf7,93,109,0.6,sustained,→,0.3,0,1
TCEC_Cup14_SF_vs_Lc0_2024.pgn,60,b,Qe7,-95,-82,0.5,sustained,→,-0.3,0,1
TCEC_Cup14_SF_vs_Lc0_2024.pgn,61,w,Qxe7,96,109,0.5,sustained,→,-0.3,0,1
TCEC_Cup14_SF_vs_Lc0_2024.pgn,62,b,Nxe7,-97,-88,0.333,sustained,→,-1,0,1
TCEC_Cup14_SF_vs_Lc0_2024.pgn,63,w,Rb7,95,103,0.25,sustained,→,-0.7,0,1
TCEC_Cup14_SF_vs_Lc0_2024.pgn,64,b,Rd8,-92,-86,0.333,sustained,→,-5,0,1
TCEC_Cup14_SF_vs_Lc0_2024.pgn,65,w,f4,92,99,0,sustained,→,2.5,0,1
TCEC_Cup14_SF_vs_Lc0_2024.pgn,66,b,Nd5,-91,-77,0.5,sustained,→,0,0,1
TCEC_Cup14_SF_vs_Lc0_2024.pgn,67,w,g3,93,107,0.5,sustained,→,0,0,1
TCEC_Cup14_SF_vs_Lc0_2024.pgn,68,b,N7b6,-93,-89,0.5,unknown,→,0,0,1
TCEC_Cup14_SF_vs_Lc0_2024.pgn,69,w,Rb1,,,,,,0,0,0
TCEC_Cup14_SF_vs_Lc0_2024.pgn,70,b,Nxa4,-82,-78,0.5,unknown,→,0,0,1
TCEC_Cup14_SF_vs_Lc0_2024.pgn,71,w,Rb8,,,,,,0,0,0
TCEC_Cup14_SF_vs_Lc0_2024.pgn,72,b,Rxb8,-73,-61,0.25,building,↑,-1.7,0,1
TCEC_Cup14_SF_vs_Lc0_2024.pgn,73,w,Rxb8+,72,52,0.25,collapse,↓,1.7,0,1
TCEC_Cup14_SF_vs_Lc0_2024.pgn,74,b,Kg7,-75,-68,0,building,→,-2,0,1
TCEC_Cup14_SF_vs_Lc0_2024.pgn,75,w,Rb5,79,90,0.333,sustained,→,0,0,1
TCEC_Cup14_SF_vs_Lc0_2024.pgn,76,b,Nab6,-83,-80,0,sustained,→,-1,0,1
TCEC_Cup14_SF_vs_Lc0_2024.pgn,77,w,Rxc5,85,88,0,sustained,→,-1,0,1
TCEC_Cup14_SF_vs_Lc0_2024.pgn,78,b,a4,-86,-72,0.5,sustained,→,0,0,1
TCEC_Cup14_SF_vs_Lc0_2024.pgn,79,w,Rb5,88,102,0.5,sustained,→,0,0,1
TCEC_Cup14_SF_vs_Lc0_2024.pgn,80,b,Kf7,,,,,,0,0,0
TCEC_Cup14_SF_vs_Lc0_2024.pgn,81,w,Kf2,90,94,0,sustained,→,0,0,1
TCEC_Cup14_SF_vs_Lc0_2024.pgn,82,b,Kg6,-92,-86,0,sustained,→,1,0,1
TCEC_Cup14_SF_vs_Lc0_2024.pgn,83,w,Kf3,,,,,,0,0,0
TCEC_Cup14_SF_vs_Lc0_2024.pgn,84,b,Kh5,-91,-80,0.333,sustained,→,0,0,1
TCEC_Cup14_SF_vs_Lc0_2024.pgn,85,w,h3,92,96,0,sustained,→,0,0,1
TCEC_Cup14_SF_vs_Lc0_2024.pgn,86,b,Kh6,-92,-86,0,sustained,→,1,0,1
TCEC_Cup14_SF_vs_Lc0_2024.pgn,87,w,Ra5,,,,,,0,0,0
TCEC_Cup14_SF_vs_Lc0_2024.pgn,88,b,Kg6,-89,-78,0.333,sustained,→,0,0,1
TCEC_Cup14_SF_vs_Lc0_2024.pgn,89,w,Ra7,87,91,0,sustained,→,0,0,1
TCEC_Cup14_SF_vs_Lc0_2024.pgn,90,b,Kh5,-87,-73,0.5,sustained,→,0,0,1
TCEC_Cup14_SF_vs_Lc0_2024.pgn,91,w,Ra6,87,101,0.5,sustained,→,0,0,1
TCEC_Cup14_SF_vs_Lc0_2024.pgn,92,b,Kh6,,,,,,0,0,0
TCEC_Cup14_SF_vs_Lc0_2024.pgn,93,w,Ke2,105,116,0.333,sustained,→,0,0,1
TCEC_Cup14_SF_vs_Lc0_2024.pgn,94,b,Kg6,-91,-81,0.333,sustained,→,0,0,1
TCEC_Cup14_SF_vs_Lc0_2024.pgn,95,w,Kd2,105,121,0.6,sustained,→,0,0,1
TCEC_Cup14_SF_vs_Lc0_2024.pgn,96,b,Kh6,,,,,,0,0,0
TCEC_Cup14_SF_vs_Lc0_2024.pgn,97,w,Kc1,105,95,0,mixed,→,-7,0,1
TCEC_Cup14_SF_vs_Lc0_2024.pgn,98,b,Kg6,-105,-116,0,mixed,→,-7,0,1
TCEC_Cup14_SF_vs_Lc0_2024.pgn,99,w,Kb2,,,,,,0,0,0
TCEC_Cup14_SF_vs_Lc0_2024.pgn,100,b,Kh5,,,,,,0,0,0
TCEC_Cup14_SF_vs_Lc0_2024.pgn,101,w,Ra7,131,145,0.5,sustained,→,0,0,1
TCEC_Cup14_SF_vs_Lc0_2024.pgn,102,b,Kg6,-131,-117,0.5,sustained,→,0,0,1
TCEC_Cup14_SF_vs_Lc0_2024.pgn,103,w,Rb7,131,115,0.5,collapse,↓,0,0,1
TCEC_Cup14_SF_vs_Lc0_2024.pgn,104,b,Kh5,,,,,,0,0,0
TCEC_Cup14_SF_vs_Lc0_2024.pgn,105,w,Rb8,330,344,0.5,sustained,→,0,0,1
TCEC_Cup14_SF_vs_Lc0_2024.pgn,106,b,Kh6,-330,-316,0.5,sustained,→,0,0,1
TCEC_Cup14_SF_vs_Lc0_2024.pgn,107,w,h4,330,334,0.5,unknown,→,0,0,1
TCEC_Cup14_SF_vs_Lc0_2024.pgn,108,b,Kg6,,,,,,0,0,0
TCEC_Cup14_SF_vs_Lc0_2024.pgn,109,w,Ka3,350,366,0.6,sustained,→,0,0,1
TCEC_Cup14_SF_vs_Lc0_2024.pgn,110,b,Kh6,-350,-334,0.6,sustained,→,0,0,1
TCEC_Cup14_SF_vs_Lc0_2024.pgn,111,w,Rh8+,350,366,0.6,sustained,→,0,0,1
TCEC_Cup14_SF_vs_Lc0_2024.pgn,112,b,Kg7,-350,-335,0.6,sustained,→,0,0,1
TCEC_Cup14_SF_vs_Lc0_2024.pgn,113,w,Re8,350,366,0.6,sustained,→,0,0,1
TCEC_Cup14_SF_vs_Lc0_2024.pgn,114,b,Kf7,-350,-334,0.6,sustained,→,0,0,1
TCEC_Cup14_SF_vs_Lc0_2024.pgn,115,w,Rb8,350,337,0.4,collapse,↓,22,0,1
TCEC_Cup14_SF_vs_Lc0_2024.pgn,116,b,Kg6,-262,-250,0.4,building,↑,-22,0,1
TCEC_Cup14_SF_vs_Lc0_2024.pgn,117,w,Kb2,262,246,0.25,collapse,↓,29.3,0,1
TCEC_Cup14_SF_vs_Lc0_2024.pgn,118,b,Nd7,-262,-253,0.25,building,↑,-29.3,0,1
TCEC_Cup14_SF_vs_Lc0_2024.pgn,119,w,Rg8+,262,241,0,collapse,↓,44,0,1
TCEC_Cup14_SF_vs_Lc0_2024.pgn,120,b,Kf7,-262,-258,0,building,↑,-44,0,1
TCEC_Cup14_SF_vs_Lc0_2024.pgn,121,w,Rc8,262,241,0,collapse,↓,88,0,1
TCEC_Cup14_SF_vs_Lc0_2024.pgn,122,b,Nb4,-262,-258,0,building,↑,-88,0,1
TCEC_Cup14_SF_vs_Lc0_2024.pgn,123,w,d4,262,246,0.5,collapse,↓,0,0,1
TCEC_Cup14_SF_vs_Lc0_2024.pgn,124,b,Nb6,-262,-243,0.5,building,↑,0,0,1
TCEC_Cup14_SF_vs_Lc0_2024.pgn,125,w,Rc7+,262,266,0.5,unknown,→,0,0,1
TCEC_Cup14_SF_vs_Lc0_2024.pgn,126,b,Kg6,,,,,,0,0,0
TCEC_Cup14_SF_vs_Lc0_2024.pgn,127,w,Ka3,454,470,0.6,sustained,→,0,0,1
TCEC_Cup14_SF_vs_Lc0_2024.pgn,128,b,N6d5,-454,-440,0.5,sustained,→,0,0,1
TCEC_Cup14_SF_vs_Lc0_2024.pgn,129,w,Rc4,454,468,0.5,sustained,→,0,0,1
TCEC_Cup14_SF_vs_Lc0_2024.pgn,130,b,Nd3,-454,-443,0.333,sustained,→,0,0,1
TCEC_Cup14_SF_vs_Lc0_2024.pgn,131,w,Rc6,454,465,0.333,sustained,→,0,0,1
TCEC_Cup14_SF_vs_Lc0_2024.pgn,132,b,Kf7,-454,-450,0,sustained,→,0,0,1
TCEC_Cup14_SF_vs_Lc0_2024.pgn,133,w,h5,454,458,0,sustained,→,0,0,1
TCEC_Cup14_SF_vs_Lc0_2024.pgn,134,b,N3b4,-454,-440,0.5,sustained,→,0,0,1
TCEC_Cup14_SF_vs_Lc0_2024.pgn,135,w,Rc5,454,465,0.333,sustained,→,1,0,1
TCEC_Cup14_SF_vs_Lc0_2024.pgn,136,b,Na6,,,,,,0,0,0
TCEC_Cup14_SF_vs_Lc0_2024.pgn,137,w,Kxa4,546,550,0.5,unknown,→,0,0,1
TCEC_Cup14_SF_vs_Lc0_2024.pgn,138,b,Nac7,,,,,,0,0,0
TCEC_Cup14_SF_vs_Lc0_2024.pgn,139,w,Rc6,555,569,0.5,sustained,→,0,0,1
TCEC_Cup14_SF_vs_Lc0_2024.pgn,140,b,Kg7,-555,-541,0.5,sustained,→,0,0,1
TCEC_Cup14_SF_vs_Lc0_2024.pgn,141,w,Kb3,555,559,0.5,unknown,→,0,0,1
TCEC_Cup14_SF_vs_Lc0_2024.pgn,142,b,Kh6,,,,,,0,0,0
TCEC_Cup14_SF_vs_Lc0_2024.pgn,143,w,Kc4,600,604,0.5,unknown,→,0,0,1
TCEC_Cup14_SF_vs_Lc0_2024.pgn,144,b,Kxh5,,,,,,0,0,0
TCEC_Cup14_SF_vs_Lc0_2024.pgn,145,w,Kc5,617,621,0,sustained,→,0,0,1
TCEC_Cup14_SF_vs_Lc0_2024.pgn,146,b,Kg4,-617,-613,0,sustained,→,0,0,1
TCEC_Cup14_SF_vs_Lc0_2024.pgn,147,w,Kd6,617,631,0.5,sustained,→,0,0,1
TCEC_Cup14_SF_vs_Lc0_2024.pgn,148,b,Kxg3,-617,-603,0.5,sustained,→,0,0,1
TCEC_Cup14_SF_vs_Lc0_2024.pgn,149,w,Rxc7,617,621,0.5,unknown,→,0,0,1
TCEC_Cup14_SF_vs_Lc0_2024.pgn,150,b,Kf3,,,,,,0,0,0
TCEC_Cup14_SF_vs_Lc0_2024.pgn,151,w,Rf7,,,,,,0,0,0
TCEC_Cup14_SF_vs_Lc0_2024.pgn,152,b,Ke4,,,,,,0,0,0
TCEC_Cup14_SF_vs_Lc0_2024.pgn,153,w,Kxe6,1036,1040,0.5,unknown,→,0,0,1
TCEC_Cup14_SF_vs_Lc0_2024.pgn,154,b,Ne3,,,,,,0,0,0
TCEC_Cup14_SF_vs_Lc0_2024.pgn,155,w,Kd7,1045,1059,0.5,sustained,→,0,0,1
TCEC_Cup14_SF_vs_Lc0_2024.pgn,156,b,Nd5,-1045,-1031,0.5,sustained,→,0,0,1
TCEC_Cup14_SF_vs_Lc0_2024.pgn,157,w,e6,1045,1049,0.5,unknown,→,0,0,1
TCEC_Cup14_SF_vs_Lc0_2024.pgn,158,b,Nb6+,,,,,,0,0,0
TCEC_Cup14_SF_vs_Lc0_2024.pgn,159,w,Kc6,1556,1560,0.5,unknown,→,0,0,1
TCEC_Cup14_SF_vs_Lc0_2024.pgn,160,b,Nd5,,,,,,0,0,0
TCEC_Cup14_SF_vs_Lc0_2024.pgn,161,w,e7,24996,25010,0.5,sustained,→,0,0,1
TCEC_Cup14_SF_vs_Lc0_2024.pgn,162,b,Nxe7+,,,,,,0,0,0
TCEC_Cup14_SF_vs_Lc0_2024.pgn,163,w,Rxe7+,24998,25037,0.5,sustained,→,0,0,1
TCEC_Cup14_SF_vs_Lc0_2024.pgn,1,w,e4,1,18,0.6,sustained,→,0,0,1
TCEC_Cup14_SF_vs_Lc0_2024.pgn,2,b,d5,,,,,,0,0,0
TCEC_Cup14_SF_vs_Lc0_2024.pgn,3,w,exd5,25,41,0.6,sustained,→,-0.3,0,1
TCEC_Cup14_SF_vs_Lc0_2024.pgn,4,b,Qxd5,-25,-8,0.6,sustained,→,0.5,0,1
TCEC_Cup14_SF_vs_Lc0_2024.pgn,5,w,Nc3,27,43,0.6,sustained,→,0,0,1
TCEC_Cup14_SF_vs_Lc0_2024.pgn,6,b,Qd6,,,,,,0,0,0
TCEC_Cup14_SF_vs_Lc0_2024.pgn,7,w,d4,31,48,0.6,sustained,→,0.8,0,1
TCEC_Cup14_SF_vs_Lc0_2024.pgn,8,b,Nf6,-32,-16,0.6,sustained,→,-0.3,0,1
TCEC_Cup14_SF_vs_Lc0_2024.pgn,9,w,Nf3,33,49,0.6,sustained,→,-0.5,0,1
TCEC_Cup14_SF_vs_Lc0_2024.pgn,10,b,c6,,,,,,0,0,0
TCEC_Cup14_SF_vs_Lc0_2024.pgn,11,w,h3,,,,,,0,0,0
TCEC_Cup14_SF_vs_Lc0_2024.pgn,12,b,g6,,,,,,0,0,0
TCEC_Cup14_SF_vs_Lc0_2024.pgn,13,w,Bd3,90,106,0.6,sustained,→,0,0,1
TCEC_Cup14_SF_vs_Lc0_2024.pgn,14,b,Bg7,-90,-74,0.6,sustained,→,0,0,1
TCEC_Cup14_SF_vs_Lc0_2024.pgn,15,w,O-O,90,106,0.6,sustained,→,0,0,1
TCEC_Cup14_SF_vs_Lc0_2024.pgn,16,b,O-O,-90,-74,0.6,sustained,→,0,0,1
TCEC_Cup14_SF_vs_Lc0_2024.pgn,17,w,Re1,90,106,0.6,sustained,→,0,0,1
TCEC_Cup14_SF_vs_Lc0_2024.pgn,18,b,Be6,-90,-73,0.6,sustained,→,0,0,1
TCEC_Cup14_SF_vs_Lc0_2024.pgn,19,w,Ne2,90,107,0.6,sustained,→,0,0,1
TCEC_Cup14_SF_vs_Lc0_2024.pgn,20,b,Bd5,-90,-73,0.6,sustained,→,0,0,1
TCEC_Cup14_SF_vs_Lc0_2024.pgn,21,w,Ne5,90,107,0.6,sustained,→,0,0,1
TCEC_Cup14_SF_vs_Lc0_2024.pgn,22,b,Be4,-90,-73,0.6,sustained,→,0,0,1
TCEC_Cup14_SF_vs_Lc0_2024.pgn,23,w,Bxe4,90,106,0.6,sustained,→,0,0,1
TCEC_Cup14_SF_vs_Lc0_2024.pgn,24,b,Nxe4,-90,-73,0.6,sustained,→,0,0,1
TCEC_Cup14_SF_vs_Lc0_2024.pgn,25,w,Bf4,90,106,0.6,sustained,→,0,0,1
TCEC_Cup14_SF_vs_Lc0_2024.pgn,26,b,Qd8,-90,-74,0.6,sustained,→,0,0,1
TCEC_Cup14_SF_vs_Lc0_2024.pgn,27,w,c4,90,106,0.6,sustained,→,0,0,1
TCEC_Cup14_SF_vs_Lc0_2024.pgn,28,b,Nd7,-90,-74,0.6,sustained,→,0,0,1
TCEC_Cup14_SF_vs_Lc0_2024.pgn,29,w,Nf3,90,106,0.6,sustained,→,0,0,1
TCEC_Cup14_SF_vs_Lc0_2024.pgn,30,b,Re8,-90,-74,0.6,sustained,→,0,0,1
TCEC_Cup14_SF_vs_Lc0_2024.pgn,31,w,Qc2,90,106,0.6,sustained,→,0,0,1
TCEC_Cup14_SF_vs_Lc0_2024.pgn,32,b,Nef6,-90,-74,0.6,sustained,→,0.3,0,1
TCEC_Cup14_SF_vs_Lc0_2024.pgn,33,w,Nc3,90,107,0.6,sustained,→,0,0,1
TCEC_Cup14_SF_vs_Lc0_2024.pgn,34,b,Rc8,,,,,,0,0,0
TCEC_Cup14_SF_vs_Lc0_2024.pgn,35,w,a4,105,119,0.5,sustained,→,-0.7,0,1
TCEC_Cup14_SF_vs_Lc0_2024.pgn,36,b,Qa5,-106,-95,0.333,sustained,→,0,0,1
TCEC_Cup14_SF_vs_Lc0_2024.pgn,37,w,Bh2,106,111,0,sustained,→,0,0,1
TCEC_Cup14_SF_vs_Lc0_2024.pgn,38,b,e6,-106,-101,0,sustained,→,0,0,1
TCEC_Cup14_SF_vs_Lc0_2024.pgn,39,w,Rad1,106,121,0.5,sustained,→,0,0,1
TCEC_Cup14_SF_vs_Lc0_2024.pgn,40,b,Red8,-106,-92,0.5,sustained,→,0,0,1
TCEC_Cup14_SF_vs_Lc0_2024.pgn,41,w,Rd3,106,110,0.5,unknown,→,0,0,1
TCEC_Cup14_SF_vs_Lc0_2024.pgn,42,b,h6,,,,,,0,0,0
TCEC_Cup14_SF_vs_Lc0_2024.pgn,43,w,Red1,109,113,0.5,unknown,→,0,0,1
TCEC_Cup14_SF_vs_Lc0_2024.pgn,44,b,Qb4,,,,,,0,0,0
TCEC_Cup14_SF_vs_Lc0_2024.pgn,45,w,c5,111,125,0.5,sustained,→,0,0,1
TCEC_Cup14_SF_vs_Lc0_2024.pgn,46,b,Nd5,-111,-107,0.5,unknown,→,0,0,1
TCEC_Cup14_SF_vs_Lc0_2024.pgn,47,w,Ne4,,,,,,0,0,0
TCEC_Cup14_SF_vs_Lc0_2024.pgn,48,b,b6,-105,-89,0.6,sustained,→,0,0,1
TCEC_Cup14_SF_vs_Lc0_2024.pgn,49,w,Nd6,105,122,0.6,sustained,→,0,0,1
TCEC_Cup14_SF_vs_Lc0_2024.pgn,50,b,Rb8,-105,-88,0.6,sustained,→,0,0,1
TCEC_Cup14_SF_vs_Lc0_2024.pgn,51,w,Nc4,105,122,0.6,sustained,→,0,0,1
TCEC_Cup14_SF_vs_Lc0_2024.pgn,52,b,bxc5,-105,-88,0.6,sustained,→,0,0,1
TCEC_Cup14_SF_vs_Lc0_2024.pgn,53,w,Bxb8,105,122,0.6,sustained,→,0,0,1
TCEC_Cup14_SF_vs_Lc0_2024.pgn,54,b,Qxb8,-105,-88,0.6,sustained,→,0,0,1
TCEC_Cup14_SF_vs_Lc0_2024.pgn,55,w,Rb3,105,122,0.6,sustained,→,0,0,1
TCEC_Cup14_SF_vs_Lc0_2024.pgn,56,b,Qc7,-105,-89,0.6,sustained,→,0,0,1
TCEC_Cup14_SF_vs_Lc0_2024.pgn,57,w,Ne3,105,122,0.6,sustained,→,0,0,1
TCEC_Cup14_SF_vs_Lc0_2024.pgn,58,b,Bf8,-105,-88,0.6,sustained,→,0,0,1
TCEC_Cup14_SF_vs_Lc0_2024.pgn,59,w,dxc5,105,122,0.6,sustained,→,0,0,1
TCEC_Cup14_SF_vs_Lc0_2024.pgn,60,b,Nxc5,-105,-90,0.5,sustained,→,0,0,1
TCEC_Cup14_SF_vs_Lc0_2024.pgn,61,w,Nxd5,105,119,0.5,sustained,→,0,0,1
TCEC_Cup14_SF_vs_Lc0_2024.pgn,62,b,cxd5,-105,-94,0.333,sustained,→,0,0,1
TCEC_Cup14_SF_vs_Lc0_2024.pgn,63,w,Rc3,105,116,0.333,sustained,→,0,0,1
TCEC_Cup14_SF_vs_Lc0_2024.pgn,64,b,Qd6,-105,-101,0,sustained,→,0,0,1
TCEC_Cup14_SF_vs_Lc0_2024.pgn,65,w,Rc1,105,109,0,sustained,→,0,0,1
TCEC_Cup14_SF_vs_Lc0_2024.pgn,66,b,Ne4,-105,-91,0.5,sustained,→,0,0,1
TCEC_Cup14_SF_vs_Lc0_2024.pgn,67,w,Rc6,105,119,0.5,sustained,→,0,0,1
TCEC_Cup14_SF_vs_Lc0_2024.pgn,68,b,Qb4,-105,-101,0.5,unknown,→,0,0,1
TCEC_Cup14_SF_vs_Lc0_2024.pgn,69,w,Ne5,,,,,,0,0,0
TCEC_Cup14_SF_vs_Lc0_2024.pgn,70,b,Qd4,-96,-92,0.5,unknown,→,0,0,1
TCEC_Cup14_SF_vs_Lc0_2024.pgn,71,w,Nd3,,,,,,0,0,0
TCEC_Cup14_SF_vs_Lc0_2024.pgn,72,b,Bd6,,,,,,0,0,0
TCEC_Cup14_SF_vs_Lc0_2024.pgn,73,w,a5,102,116,0.5,sustained,→,0,0,1
TCEC_Cup14_SF_vs_Lc0_2024.pgn,74,b,h5,-102,-98,0.5,unknown,→,0,0,1
TCEC_Cup14_SF_vs_Lc0_2024.pgn,75,w,b4,,,,,,0,0,0
TCEC_Cup14_SF_vs_Lc0_2024.pgn,76,b,Bxb4,-95,-81,0.5,sustained,→,0,0,1
TCEC_Cup14_SF_vs_Lc0_2024.pgn,77,w,Qa4,93,97,0.5,unknown,→,0,0,1
TCEC_Cup14_SF_vs_Lc0_2024.pgn,78,b,Bc3,,,,,,0,0,0
TCEC_Cup14_SF_vs_Lc0_2024.pgn,79,w,Qxd4,119,135,0.6,sustained,→,0,0,1
TCEC_Cup14_SF_vs_Lc0_2024.pgn,80,b,Bxd4,-119,-103,0.6,sustained,→,0,0,1
TCEC_Cup14_SF_vs_Lc0_2024.pgn,81,w,Rc8,119,135,0.6,sustained,→,-0.3,0,1
TCEC_Cup14_SF_vs_Lc0_2024.pgn,82,b,Rf8,-120,-104,0.6,sustained,→,0.3,0,1
TCEC_Cup14_SF_vs_Lc0_2024.pgn,83,w,R1c7,120,134,0.4,sustained,→,1.3,0,1
TCEC_Cup14_SF_vs_Lc0_2024.pgn,84,b,Rxc8,-114,-97,0.6,sustained,→,0.5,0,1
TCEC_Cup14_SF_vs_Lc0_2024.pgn,85,w,Rxc8+,120,137,0.6,sustained,→,1,0,1
TCEC_Cup14_SF_vs_Lc0_2024.pgn,86,b,Kg7,-120,-106,0.5,sustained,→,0.7,0,1
TCEC_Cup14_SF_vs_Lc0_2024.pgn,87,w,a6,120,99,0,volatile,→,-32,0,1
TCEC_Cup14_SF_vs_Lc0_2024.pgn,88,b,Kf6,,,,,,0,0,0
TCEC_Cup14_SF_vs_Lc0_2024.pgn,89,w,Kf1,135,149,0.5,sustained,→,0,0,1
TCEC_Cup14_SF_vs_Lc0_2024.pgn,90,b,Nd2+,,,,,,0,0,0
TCEC_Cup14_SF_vs_Lc0_2024.pgn,91,w,Ke2,161,165,0.5,unknown,→,0,0,1
TCEC_Cup14_SF_vs_Lc0_2024.pgn,92,b,Ne4,,,,,,0,0,0
TCEC_Cup14_SF_vs_Lc0_2024.pgn,93,w,Rc7,171,175,0,sustained,→,0,0,1
TCEC_Cup14_SF_vs_Lc0_2024.pgn,94,b,Bb6,-171,-157,0.5,sustained,→,0,0,1
TCEC_Cup14_SF_vs_Lc0_2024.pgn,95,w,Rc6,,,,,,0,0,0
TCEC_Cup14_SF_vs_Lc0_2024.pgn,96,b,Ba5,,,,,,0,0,0
TCEC_Cup14_SF_vs_Lc0_2024.pgn,97,w,Rc2,157,171,0.5,sustained,→,0,0,1
TCEC_Cup14_SF_vs_Lc0_2024.pgn,98,b,Nc3+,,,,,,0,0,0
TCEC_Cup14_SF_vs_Lc0_2024.pgn,99,w,Kf1,228,239,0.333,sustained,→,0,0,1
TCEC_Cup14_SF_vs_Lc0_2024.pgn,100,b,d4,-228,-217,0.333,sustained,→,0,0,1
TCEC_Cup14_SF_vs_Lc0_2024.pgn,101,w,Rb2,228,232,0,sustained,→,0,0,1
TCEC_Cup14_SF_vs_Lc0_2024.pgn,102,b,Nd5,-228,-223,0,sustained,→,0,0,1
TCEC_Cup14_SF_vs_Lc0_2024.pgn,103,w,Nc5,228,242,0.5,sustained,→,0,0,1
TCEC_Cup14_SF_vs_Lc0_2024.pgn,104,b,d3,-226,-222,0.5,unknown,→,0,0,1
TCEC_Cup14_SF_vs_Lc0_2024.pgn,105,w,g3,,,,,,0,0,0
TCEC_Cup14_SF_vs_Lc0_2024.pgn,106,b,Kg7,,,,,,0,0,0
TCEC_Cup14_SF_vs_Lc0_2024.pgn,107,w,Nxd3,245,259,0.5,sustained,→,0,0,1
TCEC_Cup14_SF_vs_Lc0_2024.pgn,108,b,Bb6,-245,-241,0.5,unknown,→,0,0,1
TCEC_Cup14_SF_vs_Lc0_2024.pgn,109,w,f4,,,,,,0,0,0
TCEC_Cup14_SF_vs_Lc0_2024.pgn,110,b,Nc7,-232,-228,0,sustained,→,0,0,1
TCEC_Cup14_SF_vs_Lc0_2024.pgn,111,w,Ra2,,,,,,0,0,0
TCEC_Cup14_SF_vs_Lc0_2024.pgn,112,b,f6,-220,-217,0.5,unknown,→,0,0,1
TCEC_Cup14_SF_vs_Lc0_2024.pgn,113,w,Kg2,,,,,,0,0,0
TCEC_Cup14_SF_vs_Lc0_2024.pgn,114,b,Kf8,,,,,,0,0,0
TCEC_Cup14_SF_vs_Lc0_2024.pgn,115,w,g4,261,275,0.5,sustained,→,0,0,1
TCEC_Cup14_SF_vs_Lc0_2024.pgn,116,b,hxg4,-261,-257,0,sustained,→,0,0,1
TCEC_Cup14_SF_vs_Lc0_2024.pgn,117,w,hxg4,261,265,0.5,unknown,→,0,0,1
TCEC_Cup14_SF_vs_Lc0_2024.pgn,118,b,Ke7,-261,-247,0.5,sustained,→,0,0,1
TCEC_Cup14_SF_vs_Lc0_2024.pgn,119,w,Kf3,261,265,0.5,unknown,→,0,0,1
TCEC_Cup14_SF_vs_Lc0_2024.pgn,120,b,Kd6,,,,,,0,0,0
TCEC_Cup14_SF_vs_Lc0_2024.pgn,121,w,Rh2,265,269,0.5,unknown,→,0,0,1
TCEC_Cup14_SF_vs_Lc0_2024.pgn,122,b,Nxa6,,,,,,0,0,0
TCEC_Cup14_SF_vs_Lc0_2024.pgn,123,w,Rh6,271,275,0.5,unknown,→,0,0,1
TCEC_Cup14_SF_vs_Lc0_2024.pgn,124,b,Nc7,,,,,,0,0,0
TCEC_Cup14_SF_vs_Lc0_2024.pgn,125,w,Rxg6,290,294,0.5,unknown,→,0,0,1
TCEC_Cup14_SF_vs_Lc0_2024.pgn,126,b,Ne8,,,,,,0,0,0
TCEC_Cup14_SF_vs_Lc0_2024.pgn,127,w,Rh6,292,296,0.5,unknown,→,0,0,1
TCEC_Cup14_SF_vs_Lc0_2024.pgn,128,b,a5,,,,,,0,0,0
TCEC_Cup14_SF_vs_Lc0_2024.pgn,129,w,g5,306,310,0,sustained,→,0,0,1
TCEC_Cup14_SF_vs_Lc0_2024.pgn,130,b,fxg5,-306,-293,0.5,sustained,→,0,0,1
TCEC_Cup14_SF_vs_Lc0_2024.pgn,131,w,fxg5,306,319,0.5,sustained,→,0,0,1
TCEC_Cup14_SF_vs_Lc0_2024.pgn,132,b,Bd4,-306,-303,0.5,unknown,→,0,0,1
TCEC_Cup14_SF_vs_Lc0_2024.pgn,133,w,Rh2,,,,,,0,0,0
TCEC_Cup14_SF_vs_Lc0_2024.pgn,134,b,Ke7,,,,,,0,0,0
TCEC_Cup14_SF_vs_Lc0_2024.pgn,135,w,Ra2,320,334,0.5,sustained,→,0,0,1
TCEC_Cup14_SF_vs_Lc0_2024.pgn,136,b,Bb6,-320,-317,0.5,unknown,→,0,0,1
TCEC_Cup14_SF_vs_Lc0_2024.pgn,137,w,Ne5,,,,,,0,0,0
TCEC_Cup14_SF_vs_Lc0_2024.pgn,138,b,Bc7,,,,,,0,0,0
TCEC_Cup14_SF_vs_Lc0_2024.pgn,139,w,Nc4,327,340,0.5,sustained,→,0,0,1
TCEC_Cup14_SF_vs_Lc0_2024.pgn,140,b,Kd7,-327,-314,0.5,sustained,→,0,0,1
TCEC_Cup14_SF_vs_Lc0_2024.pgn,141,w,Nxa5,327,330,0.5,unknown,→,0,0,1
TCEC_Cup14_SF_vs_Lc0_2024.pgn,142,b,Nd6,,,,,,0,0,0
TCEC_Cup14_SF_vs_Lc0_2024.pgn,143,w,Kg4,333,346,0.5,sustained,→,0,0,1
TCEC_Cup14_SF_vs_Lc0_2024.pgn,144,b,Bb6,-333,-320,0.5,sustained,→,0,0,1
TCEC_Cup14_SF_vs_Lc0_2024.pgn,145,w,Kh5,333,346,0.5,sustained,→,0,0,1
TCEC_Cup14_SF_vs_Lc0_2024.pgn,146,b,Bd8,,,,,,0,0,0
TCEC_Cup14_SF_vs_Lc0_2024.pgn,147,w,Nb3,372,375,0.5,unknown,→,0,0,1
TCEC_Cup14_SF_vs_Lc0_2024.pgn,148,b,Ne4,,,,,,0,0,0
TCEC_Cup14_SF_vs_Lc0_2024.pgn,149,w,g6,421,424,0,sustained,→,0,0,1
TCEC_Cup14_SF_vs_Lc0_2024.pgn,150,b,Nf6+,-421,-408,0.5,sustained,→,0,0,1
TCEC_Cup14_SF_vs_Lc0_2024.pgn,151,w,Kh6,421,434,0.5,sustained,→,0,0,1
TCEC_Cup14_SF_vs_Lc0_2024.pgn,152,b,Bb6,,,,,,0,0,0
TCEC_Cup14_SF_vs_Lc0_2024.pgn,153,w,g7,540,553,0.5,sustained,→,0,0,1
TCEC_Cup14_SF_vs_Lc0_2024.pgn,154,b,Be3+,-540,-527,0.5,sustained,→,0,0,1
TCEC_Cup14_SF_vs_Lc0_2024.pgn,155,w,Kg6,540,543,0.5,unknown,→,0,0,1
TCEC_Cup14_SF_vs_Lc0_2024.pgn,156,b,Ng8,,,,,,0,0,0
TCEC_Cup14_SF_vs_Lc0_2024.pgn,157,w,Ra8,714,728,0.5,sustained,→,0,0,1
TCEC_Cup14_SF_vs_Lc0_2024.pgn,158,b,Ne7+,-714,-701,0.5,sustained,→,0,0,1
TCEC_Cup14_SF_vs_Lc0_2024.pgn,159,w,Kf6,714,717,0.5,unknown,→,0,0,1
TCEC_Cup14_SF_vs_Lc0_2024.pgn,160,b,Nd5+,,,,,,0,0,0
TCEC_Cup14_SF_vs_Lc0_2024.pgn,161,w,Kf7,24994,24997,0,sustained,→,0,0,1
TCEC_Cup14_SF_vs_Lc0_2024.pgn,162,b,Ne7,-24995,-24993,0,sustained,→,-1,0,1
TCEC_Cup14_SF_vs_Lc0_2024.pgn,163,w,Re8,24996,25010,0.5,sustained,→,0,0,1
TCEC_Cup14_SF_vs_Lc0_2024.pgn,164,b,Nf5,-24997,-24983,0.5,sustained,→,0,0,1
TCEC_Cup14_SF_vs_Lc0_2024.pgn,165,w,Rxe6,24998,25036,0.5,sustained,→,0,0,1
TCEC_Cup14_SF_vs_Lc0_2024.pgn,166,b,Nxg7,-24999,-24961,0.5,sustained,→,0,0,1
TCEC_Cup14_SF_vs_Lc0_2024.pgn,1,w,e4,1,18,0.6,sustained,→,0,0,1
TCEC_Cup14_SF_vs_Lc0_2024.pgn,2,b,d6,,,,,,0,0,0
TCEC_Cup14_SF_vs_Lc0_2024.pgn,3,w,d4,13,29,0.6,sustained,→,-0.3,0,1
TCEC_Cup14_SF_vs_Lc0_2024.pgn,4,b,Nf6,,,,,,0,0,0
TCEC_Cup14_SF_vs_Lc0_2024.pgn,5,w,Nc3,,,,,,0,0,0
TCEC_Cup14_SF_vs_Lc0_2024.pgn,6,b,g6,,,,,,0,0,0
TCEC_Cup14_SF_vs_Lc0_2024.pgn,7,w,f4,17,,,,,0,0,0
TCEC_Cup14_SF_vs_Lc0_2024.pgn,8,b,c6,,,,,,0,0,0
TCEC_Cup14_SF_vs_Lc0_2024.pgn,9,w,Nf3,109,126,0.6,sustained,→,0,0,1
TCEC_Cup14_SF_vs_Lc0_2024.pgn,10,b,Bg7,-108,-91,0.6,sustained,→,0,0,1
TCEC_Cup14_SF_vs_Lc0_2024.pgn,11,w,Bd3,108,125,0.6,sustained,→,0,0,1
TCEC_Cup14_SF_vs_Lc0_2024.pgn,12,b,O-O,-108,-91,0.6,sustained,→,0,0,1
TCEC_Cup14_SF_vs_Lc0_2024.pgn,13,w,O-O,108,125,0.6,sustained,→,0,0,1
TCEC_Cup14_SF_vs_Lc0_2024.pgn,14,b,Na6,-108,-92,0.6,sustained,→,0,0,1
TCEC_Cup14_SF_vs_Lc0_2024.pgn,15,w,h3,,,,,,0,0,0
TCEC_Cup14_SF_vs_Lc0_2024.pgn,16,b,c5,-93,-77,0.6,sustained,→,0,0,1
TCEC_Cup14_SF_vs_Lc0_2024.pgn,17,w,d5,92,108,0.6,sustained,→,0,0,1
TCEC_Cup14_SF_vs_Lc0_2024.pgn,18,b,Rb8,-92,-76,0.6,sustained,→,0,0,1
TCEC_Cup14_SF_vs_Lc0_2024.pgn,19,w,f5,92,109,0.6,sustained,→,0,0,1
TCEC_Cup14_SF_vs_Lc0_2024.pgn,20,b,Nc7,,,,,,0,0,0
TCEC_Cup14_SF_vs_Lc0_2024.pgn,21,w,a4,115,132,0.6,sustained,→,0,0,1
TCEC_Cup14_SF_vs_Lc0_2024.pgn,22,b,a6,-115,-98,0.6,sustained,→,0,0,1
TCEC_Cup14_SF_vs_Lc0_2024.pgn,23,w,a5,115,132,0.6,sustained,→,0,0,1
TCEC_Cup14_SF_vs_Lc0_2024.pgn,24,b,b5,,,,,,0,0,0
TCEC_Cup14_SF_vs_Lc0_2024.pgn,25,w,axb6,139,156,0.6,sustained,→,0,0,1
TCEC_Cup14_SF_vs_Lc0_2024.pgn,26,b,Rxb6,-136,-119,0.6,sustained,→,0,0,1
TCEC_Cup14_SF_vs_Lc0_2024.pgn,27,w,g4,,,,,,0,0,0
TCEC_Cup14_SF_vs_Lc0_2024.pgn,28,b,Bd7,-97,-92,0,sustained,→,1,0,1
TCEC_Cup14_SF_vs_Lc0_2024.pgn,29,w,Qe1,,,,,,0,0,0
TCEC_Cup14_SF_vs_Lc0_2024.pgn,30,b,Bb5,-68,-58,0,sustained,→,7,0,1
TCEC_Cup14_SF_vs_Lc0_2024.pgn,31,w,Nxb5,69,83,0.5,sustained,→,0,0,1
TCEC_Cup14_SF_vs_Lc0_2024.pgn,32,b,axb5,-69,-54,0.5,sustained,→,0,0,1
TCEC_Cup14_SF_vs_Lc0_2024.pgn,33,w,c3,,,,,,0,0,0
TCEC_Cup14_SF_vs_Lc0_2024.pgn,34,b,c4,,,,,,0,0,0
TCEC_Cup14_SF_vs_Lc0_2024.pgn,35,w,Bc2,111,126,0.5,sustained,→,0,0,1
TCEC_Cup14_SF_vs_Lc0_2024.pgn,36,b,Nd7,-111,-96,0.5,sustained,→,0,0,1
TCEC_Cup14_SF_vs_Lc0_2024.pgn,37,w,h4,111,116,0.5,unknown,→,0,0,1
TCEC_Cup14_SF_vs_Lc0_2024.pgn,38,b,Ra6,,,,,,0,0,0
TCEC_Cup14_SF_vs_Lc0_2024.pgn,39,w,Rxa6,119,124,0,sustained,→,0,0,1
TCEC_Cup14_SF_vs_Lc0_2024.pgn,40,b,Nxa6,-119,-114,0,sustained,→,0,0,1
TCEC_Cup14_SF_vs_Lc0_2024.pgn,41,w,h5,119,134,0.5,sustained,→,0,0,1
TCEC_Cup14_SF_vs_Lc0_2024.pgn,42,b,Ne5,-119,-104,0.5,sustained,→,0,0,1
TCEC_Cup14_SF_vs_Lc0_2024.pgn,43,w,Kg2,,,,,,0,0,0
TCEC_Cup14_SF_vs_Lc0_2024.pgn,44,b,Nxf3,-73,-64,0,sustained,→,4,0,1
TCEC_Cup14_SF_vs_Lc0_2024.pgn,45,w,Rxf3,73,78,0.5,unknown,→,0,0,1
TCEC_Cup14_SF_vs_Lc0_2024.pgn,46,b,Nc5,-73,-58,0.5,sustained,→,0,0,1
TCEC_Cup14_SF_vs_Lc0_2024.pgn,47,w,Qh4,73,88,0.5,sustained,→,0,0,1
TCEC_Cup14_SF_vs_Lc0_2024.pgn,48,b,g5,,,,,,0,0,0
TCEC_Cup14_SF_vs_Lc0_2024.pgn,49,w,Qxg5,102,118,0.6,sustained,→,0,0,1
TCEC_Cup14_SF_vs_Lc0_2024.pgn,50,b,f6,-102,-86,0.6,sustained,→,0,0,1
TCEC_Cup14_SF_vs_Lc0_2024.pgn,51,w,Qe3,102,119,0.6,sustained,→,0,0,1
TCEC_Cup14_SF_vs_Lc0_2024.pgn,52,b,h6,-102,-87,0.5,sustained,→,0,0,1
TCEC_Cup14_SF_vs_Lc0_2024.pgn,53,w,e5,102,117,0.5,sustained,→,0,0,1
TCEC_Cup14_SF_vs_Lc0_2024.pgn,54,b,Qa8,-102,-90,0.333,sustained,→,0,0,1
TCEC_Cup14_SF_vs_Lc0_2024.pgn,55,w,e6,102,114,0.333,sustained,→,0,0,1
TCEC_Cup14_SF_vs_Lc0_2024.pgn,56,b,Qxd5,-102,-101,0,sustained,→,-4,0,1
TCEC_Cup14_SF_vs_Lc0_2024.pgn,57,w,Kg3,98,112,0.5,sustained,→,0,0,1
TCEC_Cup14_SF_vs_Lc0_2024.pgn,58,b,Qb7,-98,-93,0.5,unknown,→,0,0,1
TCEC_Cup14_SF_vs_Lc0_2024.pgn,59,w,Rf1,,,,,,0,0,0
TCEC_Cup14_SF_vs_Lc0_2024.pgn,60,b,b4,-97,-92,0.5,unknown,→,0,0,1
TCEC_Cup14_SF_vs_Lc0_2024.pgn,61,w,Bd2,,,,,,0,0,0
TCEC_Cup14_SF_vs_Lc0_2024.pgn,62,b,b3,-92,-87,0.5,unknown,→,0,0,1
TCEC_Cup14_SF_vs_Lc0_2024.pgn,63,w,Bb1,92,97,0.5,unknown,→,0,0,1
TCEC_Cup14_SF_vs_Lc0_2024.pgn,64,b,Ra8,,,,,,0,0,
TCEC_Cup14_SF_vs_Lc0_2024.pgn,65,w,Qe2,103,108,0,sustained,→,0,0,1
TCEC_Cup14_SF_vs_Lc0_2024.pgn,66,b,Qd5,-103,-88,0.5,sustained,→,0,0,1
TCEC_Cup14_SF_vs_Lc0_2024.pgn,67,w,Bf4,103,118,0.5,sustained,→,0,0,1
TCEC_Cup14_SF_vs_Lc0_2024.pgn,68,b,Ra1,-103,-98,0.5,unknown,→,0,0,1
TCEC_Cup14_SF_vs_Lc0_2024.pgn,69,w,Rd1,97,112,0.5,sustained,→,0,0,1
TCEC_Cup14_SF_vs_Lc0_2024.pgn,70,b,Qc6,-96,-91,0.5,unknown,→,0,0,1
TCEC_Cup14_SF_vs_Lc0_2024.pgn,71,w,Be3,,,,,,0,0,0
TCEC_Cup14_SF_vs_Lc0_2024.pgn,72,b,Na4,,,,,,0,0,0
TCEC_Cup14_SF_vs_Lc0_2024.pgn,73,w,Be4,150,165,0.5,sustained,→,0,0,1
TCEC_Cup14_SF_vs_Lc0_2024.pgn,74,b,Qxe4,,,,,,0,0,0
TCEC_Cup14_SF_vs_Lc0_2024.pgn,75,w,Rxa1,168,172,0,sustained,→,0,0,1
TCEC_Cup14_SF_vs_Lc0_2024.pgn,76,b,Nxc3,-168,-153,0.5,sustained,→,0,0,1
TCEC_Cup14_SF_vs_Lc0_2024.pgn,77,w,bxc3,168,178,0,sustained,→,12,0,1
TCEC_Cup14_SF_vs_Lc0_2024.pgn,78,b,b2,-162,-157,0.5,unknown,→,0,0,1
TCEC_Cup14_SF_vs_Lc0_2024.pgn,79,w,Qxb2,,,,,,0,0,0
TCEC_Cup14_SF_vs_Lc0_2024.pgn,80,b,Qxe3+,-86,-75,0.333,sustained,→,0.5,0,1
TCEC_Cup14_SF_vs_Lc0_2024.pgn,81,w,Kh2,86,90,0.5,unknown,→,0,0,1
TCEC_Cup14_SF_vs_Lc0_2024.pgn,82,b,Qf4+,,,,,,0,0,0
TCEC_Cup14_SF_vs_Lc0_2024.pgn,83,w,Kh1,87,90,0,sustained,→,-1,0,1
TCEC_Cup14_SF_vs_Lc0_2024.pgn,84,b,Qe4+,,,,,,0,0,0
TCEC_Cup14_SF_vs_Lc0_2024.pgn,85,w,Qg2,167,172,0,sustained,→,0,0,1
TCEC_Cup14_SF_vs_Lc0_2024.pgn,86,b,Qe3,-167,-152,0.5,sustained,→,0,0,1
TCEC_Cup14_SF_vs_Lc0_2024.pgn,87,w,Kh2,167,181,0.5,sustained,→,0,0,1
TCEC_Cup14_SF_vs_Lc0_2024.pgn,88,b,Qxc3,-167,-163,0.5,unknown,→,0,0,1
TCEC_Cup14_SF_vs_Lc0_2024.pgn,89,w,Rd1,,,,,,0,0,0
TCEC_Cup14_SF_vs_Lc0_2024.pgn,90,b,Qb3,,,,,,0,0,0
TCEC_Cup14_SF_vs_Lc0_2024.pgn,91,w,Rd4,,,,,,0,0,0
TCEC_Cup14_SF_vs_Lc0_2024.pgn,92,b,Kh7,-156,-152,0.5,unknown,→,0,0,1
TCEC_Cup14_SF_vs_Lc0_2024.pgn,93,w,Qe2,,,,,,0,0,0
TCEC_Cup14_SF_vs_Lc0_2024.pgn,94,b,Qb8,,,,,,0,0,0
TCEC_Cup14_SF_vs_Lc0_2024.pgn,95,w,Kg1,238,242,0.5,unknown,→,0,0,1
TCEC_Cup14_SF_vs_Lc0_2024.pgn,96,b,Qb3,,,,,,0,0,0
TCEC_Cup14_SF_vs_Lc0_2024.pgn,97,w,Qxc4,,,,,,0,0,0
TCEC_Cup14_SF_vs_Lc0_2024.pgn,98,b,Qg3+,,,,,,0,0,0
TCEC_Cup14_SF_vs_Lc0_2024.pgn,99,w,Kf1,244,248,0.5,unknown,→,0,0,1
TCEC_Cup14_SF_vs_Lc0_2024.pgn,100,b,Qe3,,,,,,0,0,0
TCEC_Cup14_SF_vs_Lc0_2024.pgn,101,w,Qb4,,,,,,0,0,0
TCEC_Cup14_SF_vs_Lc0_2024.pgn,102,b,Bf8,,,,,,0,0,0
TCEC_Cup14_SF_vs_Lc0_2024.pgn,103,w,Rc4,,,,,,0,0,0
TCEC_Cup14_SF_vs_Lc0_2024.pgn,104,b,Qe5,,,,,,0,0,0
TCEC_Cup14_SF_vs_Lc0_2024.pgn,105,w,Qc3,,,,,,0,0,0
TCEC_Cup14_SF_vs_Lc0_2024.pgn,106,b,Qh2,,,,,,0,0,0
TCEC_Cup14_SF_vs_Lc0_2024.pgn,107,w,Ke1,,,,,,0,0,0
TCEC_Cup14_SF_vs_Lc0_2024.pgn,108,b,d5,,,,,,0,0,0
TCEC_Cup14_SF_vs_Lc0_2024.pgn,109,w,Ra4,296,300,0.5,unknown,→,0,0,0
TCEC_Cup14_SF_vs_Lc0_2024.pgn,110,b,d4,,,,,,0,0,0
TCEC_Cup14_SF_vs_Lc0_2024.pgn,111,w,Rxd4,311,315,0.5,unknown,→,0,0,1
TCEC_Cup14_SF_vs_Lc0_2024.pgn,112,b,Qg2,,,,,,0,0,0
TCEC_Cup14_SF_vs_Lc0_2024.pgn,113,w,Kd1,,,,,,0,0,0
TCEC_Cup14_SF_vs_Lc0_2024.pgn,114,b,Qf2,,,,,,0,0,0
TCEC_Cup14_SF_vs_Lc0_2024.pgn,115,w,Qd2,,,,,,0,0,0
TCEC_Cup14_SF_vs_Lc0_2024.pgn,116,b,Qg3,,,,,,0,0,0
TCEC_Cup14_SF_vs_Lc0_2024.pgn,117,w,Kc2,,,,,,0,0,0
TCEC_Cup14_SF_vs_Lc0_2024.pgn,118,b,Kg8,,,,,,0,0,0
TCEC_Cup14_SF_vs_Lc0_2024.pgn,119,w,Qd3,,,,,,0,0,0
TCEC_Cup14_SF_vs_Lc0_2024.pgn,120,b,Qh2+,,,,,,0,0,0
TCEC_Cup14_SF_vs_Lc0_2024.pgn,121,w,Kb3,,,,,,0,0,0
TCEC_Cup14_SF_vs_Lc0_2024.pgn,122,b,Qb8+,,,,,,0,0,0
TCEC_Cup14_SF_vs_Lc0_2024.pgn,123,w,Rb4,,,,,,0,0,0
TCEC_Cup14_SF_vs_Lc0_2024.pgn,124,b,Qa7,,,,,,0,0,0
TCEC_Cup14_SF_vs_Lc0_2024.pgn,125,w,Rb5,,,,,,0,0,0
TCEC_Cup14_SF_vs_Lc0_2024.pgn,126,b,Kg7,,,,,,0,0,0
TCEC_Cup14_SF_vs_Lc0_2024.pgn,127,w,Kb4,,,,,,0,0,0
TCEC_Cup14_SF_vs_Lc0_2024.pgn,128,b,Qc7,,,,,,0,0,0
TCEC_Cup14_SF_vs_Lc0_2024.pgn,129,w,Qd7,,,,,,0,0,0
TCEC_Cup14_SF_vs_Lc0_2024.pgn,130,b,Qf4+,,,,,,0,0,0
TCEC_Cup14_SF_vs_Lc0_2024.pgn,131,w,Ka5,593,597,0.5,unknown,→,0,0,1
TCEC_Cup14_SF_vs_Lc0_2024.pgn,132,b,Qc4,,,,,,0,0,0
TCEC_Cup14_SF_vs_Lc0_2024.pgn,133,w,Kb6,,,,,,0,0,0
TCEC_Cup14_SF_vs_Lc0_2024.pgn,134,b,Kh8,,,,,,0,0,0
TCEC_Cup14_SF_vs_Lc0_2024.pgn,135,w,Qe8,1304,1308,0.5,unknown,→,0,0,1
TCEC_Cup14_SF_vs_Lc0_2024.pgn,136,b,Qd4+,,,,,,0,0,0
TCEC_Cup14_SF_vs_Lc0_2024.pgn,137,w,Kb7,,,,,,0,0,0
TCEC_Cup14_SF_vs_Lc0_2024.pgn,138,b,Qe4+,-967,-953,0.5,sustained,→,0,0,1
TCEC_Cup14_SF_vs_Lc0_2024.pgn,139,w,Qc6,967,981,0.5,sustained,→,0,0,1
TCEC_Cup14_SF_vs_Lc0_2024.pgn,140,b,Qxg4,-967,-963,0.5,unknown,→,0,0,1
TCEC_Cup14_SF_vs_Lc0_2024.pgn,141,w,Qd5,,,,,,0,0,0
TCEC_Cup14_SF_vs_Lc0_2024.pgn,142,b,Qxh5,,,,,,0,0,0
TCEC_Cup14_SF_vs_Lc0_2024.pgn,143,w,Kc7,784,788,0.5,unknown,→,0,0,1
TCEC_Cup14_SF_vs_Lc0_2024.pgn,144,b,Qh2+,,,,,,0,0,0
TCEC_Cup14_SF_vs_Lc0_2024.pgn,145,w,Kd7,807,820,0.5,sustained,→,0,0,1
TCEC_Cup14_SF_vs_Lc0_2024.pgn,146,b,h5,-807,-804,0.5,unknown,→,0,0,1
TCEC_Cup14_SF_vs_Lc0_2024.pgn,147,w,Ra5,,,,,,0,0,0
TCEC_Cup14_SF_vs_Lc0_2024.pgn,148,b,h4,,,,,,0,0,0
TCEC_Cup14_SF_vs_Lc0_2024.pgn,149,w,Ra4,1168,1171,0.5,unknown,→,0,0,1
TCEC_Cup14_SF_vs_Lc0_2024.pgn,150,b,Qg3,,,,,,0,0,0
TCEC_Cup14_SF_vs_Lc0_2024.pgn,151,w,Qd1,1275,1278,0.5,unknown,→,0,0,1
TCEC_Cup14_SF_vs_Lc0_2024.pgn,152,b,Bh6,,,,,,0,0,0
TCEC_Cup14_SF_vs_Lc0_2024.pgn,153,w,Rg4,,,,,,0,0,0
TCEC_Cup14_SF_vs_Lc0_2024.pgn,154,b,Qa3,,,,,,0,0,0
TCEC_Cup14_SF_vs_Lc0_2024.pgn,155,w,Ke8,29957,29960,0.5,unknown,→,0,0,1
TCEC_Cup14_SF_vs_Lc0_2024.pgn,156,b,Qa8+,,,,,,0,0,0
TCEC_Cup14_SF_vs_Lc0_2024.pgn,157,w,Qd8,29975,29979,0,sustained,→,0,0,1
TCEC_Cup14_SF_vs_Lc0_2024.pgn,158,b,Qxd8+,-29976,-29973,0,sustained,→,0,0,1
TCEC_Cup14_SF_vs_Lc0_2024.pgn,159,w,Kxd8,29977,29981,0.5,mixed,→,0,0,1
TCEC_Cup14_SF_vs_Lc0_2024.pgn,160,b,Bg5,,,,,,0,0,0
TCEC_Cup14_SF_vs_Lc0_2024.pgn,161,w,Rxg5,,,,,,0,0,0
TCEC_Cup14_SF_vs_Lc0_2024.pgn,162,b,fxg5,-29974,-29935,0.5,sustained,→,0,0,1
TCEC_Cup14_SF_vs_Lc0_2024.pgn,163,w,f6,24999,25038,0.5,sustained,→,0,0,1
TCEC_Cup14_SF_vs_Lc0_2024.pgn,164,b,h3,-24999,-24960,0.5,sustained,→,0,0,1
TCEC_Cup14_SF_vs_Lc0_2024.pgn,165,w,fxe7,24999,25038,0.5,sustained,→,0,0,1
TCEC_Cup14_SF_vs_Lc0_2024.pgn,1,w,d4,,,,,,0,0,0
TCEC_Cup14_SF_vs_Lc0_2024.pgn,2,b,g6,,,,,,0,0,0
TCEC_Cup14_SF_vs_Lc0_2024.pgn,3,w,c4,,,,,,0,0,0
TCEC_Cup14_SF_vs_Lc0_2024.pgn,4,b,Bg7,,,,,,0,0,0
TCEC_Cup14_SF_vs_Lc0_2024.pgn,5,w,Nc3,12,28,0.6,sustained,→,0,0,0
TCEC_Cup14_SF_vs_Lc0_2024.pgn,6,b,d6,-12,3,0.6,sustained,→,-0.5,0,0
TCEC_Cup14_SF_vs_Lc0_2024.pgn,7,w,e4,12,28,0.6,sustained,→,0.3,0,0
TCEC_Cup14_SF_vs_Lc0_2024.pgn,8,b,e5,,,,,,0,0,0
TCEC_Cup14_SF_vs_Lc0_2024.pgn,9,w,Nf3,,,,,,0,0,0
TCEC_Cup14_SF_vs_Lc0_2024.pgn,10,b,Bg4,,,,,,0,0,0
TCEC_Cup14_SF_vs_Lc0_2024.pgn,11,w,d5,30,47,0.6,sustained,→,0,0,1
TCEC_Cup14_SF_vs_Lc0_2024.pgn,12,b,a5,,,,,,0,0,0
TCEC_Cup14_SF_vs_Lc0_2024.pgn,13,w,c5,116,133,0.6,sustained,→,0,0,1
TCEC_Cup14_SF_vs_Lc0_2024.pgn,14,b,Nd7,-116,-100,0.6,sustained,→,0,0,1
TCEC_Cup14_SF_vs_Lc0_2024.pgn,15,w,Bb5,116,132,0.6,sustained,→,0,0,1
TCEC_Cup14_SF_vs_Lc0_2024.pgn,16,b,dxc5,-116,-100,0.6,sustained,→,0,0,1
TCEC_Cup14_SF_vs_Lc0_2024.pgn,17,w,h3,116,132,0.6,sustained,→,0,0,1
TCEC_Cup14_SF_vs_Lc0_2024.pgn,18,b,Bxf3,-116,-100,0.6,sustained,→,0,0,1
TCEC_Cup14_SF_vs_Lc0_2024.pgn,19,w,Qxf3,116,131,0.6,sustained,→,-1,0,1
TCEC_Cup14_SF_vs_Lc0_2024.pgn,20,b,Nf6,-120,-104,0.6,sustained,→,0,0,1
TCEC_Cup14_SF_vs_Lc0_2024.pgn,21,w,h4,120,136,0.6,sustained,→,0,0,1
TCEC_Cup14_SF_vs_Lc0_2024.pgn,22,b,O-O,-120,-103,0.6,sustained,→,0,0,1
TCEC_Cup14_SF_vs_Lc0_2024.pgn,23,w,g4,120,137,0.6,sustained,→,0,0,1
TCEC_Cup14_SF_vs_Lc0_2024.pgn,24,b,h5,-120,-105,0.5,sustained,→,0,0,1
TCEC_Cup14_SF_vs_Lc0_2024.pgn,25,w,gxh5,120,135,0.5,sustained,→,0,0,1
TCEC_Cup14_SF_vs_Lc0_2024.pgn,26,b,Nxh5,-120,-109,0.333,sustained,→,0,0,1
TCEC_Cup14_SF_vs_Lc0_2024.pgn,27,w,Bg5,120,131,0.333,sustained,→,0,0,1
TCEC_Cup14_SF_vs_Lc0_2024.pgn,28,b,Ndf6,-120,-116,0,sustained,→,0,0,1
TCEC_Cup14_SF_vs_Lc0_2024.pgn,29,w,O-O-O,120,124,0,sustained,→,0,0,1
TCEC_Cup14_SF_vs_Lc0_2024.pgn,30,b,Qd6,-120,-106,0.5,sustained,→,0,0,1
TCEC_Cup14_SF_vs_Lc0_2024.pgn,31,w,Bc4,120,135,0.5,sustained,→,0,0,1
TCEC_Cup14_SF_vs_Lc0_2024.pgn,32,b,Ne8,,,,,,0,0,0
TCEC_Cup14_SF_vs_Lc0_2024.pgn,33,w,Rdg1,,,,,,0,0,0
TCEC_Cup14_SF_vs_Lc0_2024.pgn,34,b,a4,-113,-98,0.5,sustained,→,0,0,1
TCEC_Cup14_SF_vs_Lc0_2024.pgn,35,w,a3,113,128,0.5,sustained,→,0,0,1
TCEC_Cup14_SF_vs_Lc0_2024.pgn,36,b,Ra5,-113,-108,0.5,unknown,→,0,0,1
TCEC_Cup14_SF_vs_Lc0_2024.pgn,37,w,Bd2,,,,,,0,0,0
TCEC_Cup14_SF_vs_Lc0_2024.pgn,38,b,Qf6,-104,-93,0.333,sustained,→,0,0,1
TCEC_Cup14_SF_vs_Lc0_2024.pgn,39,w,Qg4,104,115,0.333,sustained,→,0,0,1
TCEC_Cup14_SF_vs_Lc0_2024.pgn,40,b,Ra8,,,,,,0,0,0
TCEC_Cup14_SF_vs_Lc0_2024.pgn,41,w,Rh2,124,141,0.6,sustained,→,0,0,1
TCEC_Cup14_SF_vs_Lc0_2024.pgn,42,b,Kh7,-124,-107,0.6,sustained,→,0,0,1
TCEC_Cup14_SF_vs_Lc0_2024.pgn,43,w,Bg5,124,139,0.5,sustained,→,0,0,1
TCEC_Cup14_SF_vs_Lc0_2024.pgn,44,b,Qb6,-124,-109,0.5,sustained,→,0,0,1
TCEC_Cup14_SF_vs_Lc0_2024.pgn,45,w,Qg2,124,135,0.333,sustained,→,0,0,1
TCEC_Cup14_SF_vs_Lc0_2024.pgn,46,b,Bf6,-124,-113,0.333,sustained,→,0,0,1
TCEC_Cup14_SF_vs_Lc0_2024.pgn,47,w,Be2,124,129,0,sustained,→,0,0,1
TCEC_Cup14_SF_vs_Lc0_2024.pgn,48,b,Neg7,-124,-120,0,sustained,→,0,0,1
TCEC_Cup14_SF_vs_Lc0_2024.pgn,49,w,Qf3,124,139,0.5,sustained,→,0,0,1
TCEC_Cup14_SF_vs_Lc0_2024.pgn,50,b,Rh8,-124,-109,0.5,sustained,→,0,0,1
TCEC_Cup14_SF_vs_Lc0_2024.pgn,51,w,Bc4,124,129,0.5,unknown,→,0,0,1
TCEC_Cup14_SF_vs_Lc0_2024.pgn,52,b,Raf8,,,,,,0,0,0
TCEC_Cup14_SF_vs_Lc0_2024.pgn,53,w,Nxa4,139,144,0,sustained,→,0,0,1
TCEC_Cup14_SF_vs_Lc0_2024.pgn,54,b,Qd6,-139,-134,0,sustained,→,0,0,1
TCEC_Cup14_SF_vs_Lc0_2024.pgn,55,w,Qb3,139,154,0.5,sustained,→,0,0,1
TCEC_Cup14_SF_vs_Lc0_2024.pgn,56,b,b6,-139,-124,0.5,sustained,→,0,0,1
TCEC_Cup14_SF_vs_Lc0_2024.pgn,57,w,Nc3,139,144,0.5,unknown,→,0,0,1
TCEC_Cup14_SF_vs_Lc0_2024.pgn,58,b,Ne8,,,,,,0,0,0
TCEC_Cup14_SF_vs_Lc0_2024.pgn,59,w,Nb5,157,171,0.5,sustained,→,0,0,1
TCEC_Cup14_SF_vs_Lc0_2024.pgn,60,b,Qd7,-157,-143,0.5,sustained,→,0,0,1
TCEC_Cup14_SF_vs_Lc0_2024.pgn,61,w,Na7,157,168,0.333,sustained,→,0,0,1
TCEC_Cup14_SF_vs_Lc0_2024.pgn,62,b,Kg7,-157,-146,0.333,sustained,→,0,0,1
TCEC_Cup14_SF_vs_Lc0_2024.pgn,63,w,Bb5,157,161,0,sustained,→,0,0,1
TCEC_Cup14_SF_vs_Lc0_2024.pgn,64,b,Qd6,-157,-153,0,sustained,→,0,0,1
TCEC_Cup14_SF_vs_Lc0_2024.pgn,65,w,Bd2,157,172,0.5,sustained,→,0,0,1
TCEC_Cup14_SF_vs_Lc0_2024.pgn,66,b,Nf4,-157,-138,0.5,building,↑,0,0,1
TCEC_Cup14_SF_vs_Lc0_2024.pgn,67,w,Qf3,,,,,,0,0,0
TCEC_Cup14_SF_vs_Lc0_2024.pgn,68,b,Rh6,,,,,,0,0,0
TCEC_Cup14_SF_vs_Lc0_2024.pgn,69,w,Nc6,163,178,0.5,sustained,→,0,0,1
TCEC_Cup14_SF_vs_Lc0_2024.pgn,70,b,Rfh8,-163,-148,0.5,sustained,→,0,0,1
TCEC_Cup14_SF_vs_Lc0_2024.pgn,71,w,Rg4,163,174,0.333,sustained,→,0,0,1
TCEC_Cup14_SF_vs_Lc0_2024.pgn,72,b,Rh5,-163,-152,0.333,sustained,→,0,0,1
TCEC_Cup14_SF_vs_Lc0_2024.pgn,73,w,a4,163,167,0,sustained,→,0,0,1
TCEC_Cup14_SF_vs_Lc0_2024.pgn,74,b,Qf8,-163,-159,0,sustained,→,0,0,1
TCEC_Cup14_SF_vs_Lc0_2024.pgn,75,w,Qc3,163,177,0.5,sustained,→,0,0,1
TCEC_Cup14_SF_vs_Lc0_2024.pgn,76,b,Qd6,-163,-148,0.5,sustained,→,0,0,1
TCEC_Cup14_SF_vs_Lc0_2024.pgn,77,w,Kc2,163,167,0.5,unknown,→,0,0,0
TCEC_Cup14_SF_vs_Lc0_2024.pgn,78,b,Qd7,,,,,,0,0,0
TCEC_Cup14_SF_vs_Lc0_2024.pgn,79,w,f3,183,187,0.5,unknown,→,0,0,1
TCEC_Cup14_SF_vs_Lc0_2024.pgn,80,b,Qd6,,,,,,0,0,0
TCEC_Cup14_SF_vs_Lc0_2024.pgn,81,w,Rh1,,,,,,0,0,0
TCEC_Cup14_SF_vs_Lc0_2024.pgn,82,b,Kh7,,,,,,0,0,0
TCEC_Cup14_SF_vs_Lc0_2024.pgn,83,w,Be3,184,198,0.5,sustained,→,0,0,1
TCEC_Cup14_SF_vs_Lc0_2024.pgn,84,b,Kg7,-184,-170,0.5,sustained,→,0,0,1
TCEC_Cup14_SF_vs_Lc0_2024.pgn,85,w,Kb1,184,188,0.5,unknown,→,0,0,1
TCEC_Cup14_SF_vs_Lc0_2024.pgn,86,b,Qd7,,,,,,0,0,0
TCEC_Cup14_SF_vs_Lc0_2024.pgn,87,w,Qc1,190,204,0.5,sustained,→,0,0,1
TCEC_Cup14_SF_vs_Lc0_2024.pgn,88,b,Qd6,-190,-186,0.5,unknown,→,0,0,1
TCEC_Cup14_SF_vs_Lc0_2024.pgn,89,w,Bd2,,,,,,0,0,0
TCEC_Cup14_SF_vs_Lc0_2024.pgn,90,b,Qf8,,,,,,0,0,0
TCEC_Cup14_SF_vs_Lc0_2024.pgn,91,w,Bxf4,249,253,0,sustained,→,0,0,1
TCEC_Cup14_SF_vs_Lc0_2024.pgn,92,b,exf4,-249,-245,0,sustained,→,0,0,1
TCEC_Cup14_SF_vs_Lc0_2024.pgn,93,w,Qxf4,249,263,0.5,sustained,→,0,0,1
TCEC_Cup14_SF_vs_Lc0_2024.pgn,94,b,Qd6,-249,-235,0.5,sustained,→,0,0,1
TCEC_Cup14_SF_vs_Lc0_2024.pgn,95,w,Qd2,249,253,0.5,unknown,→,0,0,1
TCEC_Cup14_SF_vs_Lc0_2024.pgn,96,b,Rxh4,,,,,,0,0,0
TCEC_Cup14_SF_vs_Lc0_2024.pgn,97,w,Rhxh4,298,314,0.6,sustained,→,0,0,1
TCEC_Cup14_SF_vs_Lc0_2024.pgn,98,b,Rxh4,-298,-282,0.6,sustained,→,0,0,1
TCEC_Cup14_SF_vs_Lc0_2024.pgn,99,w,e5,298,312,0.5,sustained,→,0,0,1
TCEC_Cup14_SF_vs_Lc0_2024.pgn,100,b,Rh1+,-298,-284,0.5,sustained,→,0,0,1
TCEC_Cup14_SF_vs_Lc0_2024.pgn,101,w,Kc2,298,309,0.333,sustained,→,0,0,1
TCEC_Cup14_SF_vs_Lc0_2024.pgn,102,b,Bxe5,-298,-287,0.333,sustained,→,0,0,1
TCEC_Cup14_SF_vs_Lc0_2024.pgn,103,w,Nxe5,298,302,0,sustained,→,0,0,1
TCEC_Cup14_SF_vs_Lc0_2024.pgn,104,b,Qxe5,-298,-294,0,building,↑,-26,0,1
TCEC_Cup14_SF_vs_Lc0_2024.pgn,105,w,Re4,272,256,0.5,collapse,↓,0,0,1
TCEC_Cup14_SF_vs_Lc0_2024.pgn,106,b,Qf5,-272,-253,0.5,building,↑,0,0,1
TCEC_Cup14_SF_vs_Lc0_2024.pgn,107,w,Bxe8,272,276,0.5,unknown,→,0,0,1
TCEC_Cup14_SF_vs_Lc0_2024.pgn,108,b,Rf1,,,,,,0,0,0
TCEC_Cup14_SF_vs_Lc0_2024.pgn,109,w,Qc3+,312,316,0.5,unknown,→,0,0,1
TCEC_Cup14_SF_vs_Lc0_2024.pgn,110,b,f6,,,,,,0,0,0
TCEC_Cup14_SF_vs_Lc0_2024.pgn,111,w,Qd3,,,,,,0,0,0
TCEC_Cup14_SF_vs_Lc0_2024.pgn,112,b,Rf2+,-339,-328,0.333,sustained,→,0,0,1
TCEC_Cup14_SF_vs_Lc0_2024.pgn,113,w,Kc3,339,344,0,sustained,→,0,0,1
TCEC_Cup14_SF_vs_Lc0_2024.pgn,114,b,Rxf3,-339,-334,0,sustained,→,0,0,1
TCEC_Cup14_SF_vs_Lc0_2024.pgn,115,w,Re3,339,323,0.5,collapse,↓,0,0,1
TCEC_Cup14_SF_vs_Lc0_2024.pgn,116,b,Rxe3,-306,-287,0.5,building,↑,0,0,1
TCEC_Cup14_SF_vs_Lc0_2024.pgn,117,w,Qxe3,306,311,0.5,unknown,→,0,0,1
TCEC_Cup14_SF_vs_Lc0_2024.pgn,118,b,Qg4,,,,,,0,0,0
TCEC_Cup14_SF_vs_Lc0_2024.pgn,119,w,Qe7+,380,396,0.6,sustained,→,0,0,1
TCEC_Cup14_SF_vs_Lc0_2024.pgn,120,b,Kh6,-380,-364,0.6,sustained,→,0,0,1
TCEC_Cup14_SF_vs_Lc0_2024.pgn,121,w,Qxf6,380,394,0.5,sustained,→,0,0,1
TCEC_Cup14_SF_vs_Lc0_2024.pgn,122,b,Qb4+,-380,-365,0.5,sustained,→,0,0,1
TCEC_Cup14_SF_vs_Lc0_2024.pgn,123,w,Kd3,380,359,0,collapse,↓,19.5,0,1
TCEC_Cup14_SF_vs_Lc0_2024.pgn,124,b,Qb3+,-341,-337,0,building,↑,-19.5,0,1
TCEC_Cup14_SF_vs_Lc0_2024.pgn,125,w,Kd2,341,320,0,collapse,↓,39,0,1
TCEC_Cup14_SF_vs_Lc0_2024.pgn,126,b,Qxd5+,-341,-337,0,building,↑,-39,0,1
TCEC_Cup14_SF_vs_Lc0_2024.pgn,127,w,Kc3,341,325,0.5,collapse,↓,0,0,1
TCEC_Cup14_SF_vs_Lc0_2024.pgn,128,b,Qe4,-341,-321,0.5,building,↑,0,0,1
TCEC_Cup14_SF_vs_Lc0_2024.pgn,129,w,Bb5,341,346,0.5,unknown,→,0,0,1
TCEC_Cup14_SF_vs_Lc0_2024.pgn,130,b,Qe1+,,,,,,0,0,0
TCEC_Cup14_SF_vs_Lc0_2024.pgn,131,w,Kd3,,,,,,0,0,0
TCEC_Cup14_SF_vs_Lc0_2024.pgn,132,b,Qb1+,,,,,,0,0,0
TCEC_Cup14_SF_vs_Lc0_2024.pgn,133,w,Kd2,441,455,0.5,sustained,→,0,0,1
TCEC_Cup14_SF_vs_Lc0_2024.pgn,134,b,Qe4,-441,-430,0.333,sustained,→,0,0,1
TCEC_Cup14_SF_vs_Lc0_2024.pgn,135,w,Bd3,441,453,0.333,sustained,→,0,0,1
TCEC_Cup14_SF_vs_Lc0_2024.pgn,136,b,Qb4+,-441,-437,0,sustained,→,0,0,1
TCEC_Cup14_SF_vs_Lc0_2024.pgn,137,w,Kc1,441,445,0,sustained,→,0,0,1
TCEC_Cup14_SF_vs_Lc0_2024.pgn,138,b,Qe1+,-441,-427,0.5,sustained,→,0,0,1
TCEC_Cup14_SF_vs_Lc0_2024.pgn,139,w,Kc2,441,455,0.5,sustained,→,0,0,1
TCEC_Cup14_SF_vs_Lc0_2024.pgn,140,b,Qg3,-441,-437,0.5,unknown,→,0,0,1
TCEC_Cup14_SF_vs_Lc0_2024.pgn,141,w,Kd2,,,,,,0,0,0
TCEC_Cup14_SF_vs_Lc0_2024.pgn,142,b,Qg2+,,,,,,0,0,0
TCEC_Cup14_SF_vs_Lc0_2024.pgn,143,w,Kc3,459,463,0.5,unknown,→,0,0,1
TCEC_Cup14_SF_vs_Lc0_2024.pgn,144,b,Qg4,,,,,,0,0,0
TCEC_Cup14_SF_vs_Lc0_2024.pgn,145,w,Qh8+,498,502,0,sustained,→,0,0,1
TCEC_Cup14_SF_vs_Lc0_2024.pgn,146,b,Kg5,-498,-494,0,sustained,→,0,0,1
TCEC_Cup14_SF_vs_Lc0_2024.pgn,147,w,Qe5+,498,513,0.5,sustained,→,0,0,1
TCEC_Cup14_SF_vs_Lc0_2024.pgn,148,b,Kh6,-498,-484,0.5,sustained,→,0,0,1
TCEC_Cup14_SF_vs_Lc0_2024.pgn,149,w,Qe4,498,502,0.5,unknown,→,0,0,1
TCEC_Cup14_SF_vs_Lc0_2024.pgn,150,b,Qg3,,,,,,0,0,0
TCEC_Cup14_SF_vs_Lc0_2024.pgn,151,w,Kc4,24989,25004,0.5,sustained,→,0.3,0,1
TCEC_Cup14_SF_vs_Lc0_2024.pgn,152,b,Kg7,-24990,-24979,0.333,sustained,→,0,0,1
TCEC_Cup14_SF_vs_Lc0_2024.pgn,153,w,Qxg6+,24991,25002,0.333,sustained,→,0.5,0,1
TCEC_Cup14_SF_vs_Lc0_2024.pgn,154,b,Qxg6,-24992,-24988,0,sustained,→,0,0,1
TCEC_Cup14_SF_vs_Lc0_2024.pgn,155,w,Bxg6,24993,24998,0,sustained,→,1,0,1
TCEC_Cup14_SF_vs_Lc0_2024.pgn,156,b,Kf6,-24994,-24980,0.5,sustained,→,0,0,1
TCEC_Cup14_SF_vs_Lc0_2024.pgn,157,w,Kd5,,,,,,0,0,0
TCEC_Cup14_SF_vs_Lc0_2024.pgn,158,b,Ke7,-24993,-24983,0.333,sustained,→,-0.5,0,1
TCEC_Cup14_SF_vs_Lc0_2024.pgn,159,w,Kc6,24994,24998,0,sustained,→,0,0,1
TCEC_Cup14_SF_vs_Lc0_2024.pgn,160,b,Kd8,-24995,-24992,0,sustained,→,-1,0,1
TCEC_Cup14_SF_vs_Lc0_2024.pgn,161,w,Bf5,24996,25009,0.5,sustained,→,0,0,1
TCEC_Cup14_SF_vs_Lc0_2024.pgn,162,b,c4,,,,,,0,0,0
TCEC_Cup14_SF_vs_Lc0_2024.pgn,163,w,Bd7,29959,29978,0.5,building,↑,0,0,1
TCEC_Cup14_SF_vs_Lc0_2024.pgn,164,b,Ke7,-29960,-29976,0.5,collapse,↓,0,0,1
TCEC_Cup14_SF_vs_Lc0_2024.pgn,165,w,Kxc7,29961,30000,0.5,sustained,→,0,0,1
TCEC_Cup14_SF_vs_Lc0_2024.pgn,166,b,Kf6,-24999,-24960,0.5,sustained,→,0,0,1
TCEC_Cup14_SF_vs_Lc0_2024.pgn,167,w,Kxb6,24998,,,,,0,0,0
TCEC_Cup14_SF_vs_Lc0_2024.pgn,1,w,e4,1,18,0.6,sustained,→,0,0,1
TCEC_Cup14_SF_vs_Lc0_2024.pgn,2,b,e6,-1,16,0.6,sustained,→,0,0,0
TCEC_Cup14_SF_vs_Lc0_2024.pgn,3,w,d4,1,17,0.6,sustained,→,0,0,1
TCEC_Cup14_SF_vs_Lc0_2024.pgn,4,b,d5,-1,16,0.6,sustained,→,0.3,0,1
TCEC_Cup14_SF_vs_Lc0_2024.pgn,5,w,Nc3,,,,,,0,0,0
TCEC_Cup14_SF_vs_Lc0_2024.pgn,6,b,Bb4,,,,,,0,0,0
TCEC_Cup14_SF_vs_Lc0_2024.pgn,7,w,e5,12,28,0.6,sustained,→,0,0,1
TCEC_Cup14_SF_vs_Lc0_2024.pgn,8,b,Qd7,,,,,,0,0,0
TCEC_Cup14_SF_vs_Lc0_2024.pgn,9,w,h4,95,111,0.6,sustained,→,0,0,1
TCEC_Cup14_SF_vs_Lc0_2024.pgn,10,b,b6,-96,-80,0.6,sustained,→,0,0,1
TCEC_Cup14_SF_vs_Lc0_2024.pgn,11,w,Qg4,96,113,0.6,sustained,→,0.8,0,1
TCEC_Cup14_SF_vs_Lc0_2024.pgn,12,b,Bf8,-93,-79,0.6,sustained,→,-2.3,0,1
TCEC_Cup14_SF_vs_Lc0_2024.pgn,13,w,h5,92,110,0.6,sustained,→,1,0,1
TCEC_Cup14_SF_vs_Lc0_2024.pgn,14,b,Ba6,-92,-77,0.6,sustained,→,-1,0,1
TCEC_Cup14_SF_vs_Lc0_2024.pgn,15,w,Bxa6,92,108,0.6,sustained,→,0,0,1
TCEC_Cup14_SF_vs_Lc0_2024.pgn,16,b,Nxa6,-92,-76,0.6,sustained,→,0,0,1
TCEC_Cup14_SF_vs_Lc0_2024.pgn,17,w,a3,92,109,0.6,sustained,→,0,0,1
TCEC_Cup14_SF_vs_Lc0_2024.pgn,18,b,c5,-92,-76,0.6,sustained,→,0,0,1
TCEC_Cup14_SF_vs_Lc0_2024.pgn,19,w,Nf3,92,108,0.6,sustained,→,-0.5,0,1
TCEC_Cup14_SF_vs_Lc0_2024.pgn,20,b,Ne7,-92,-77,0.5,sustained,→,0,0,1
TCEC_Cup14_SF_vs_Lc0_2024.pgn,21,w,dxc5,92,106,0.5,sustained,→,-0.7,0,1
TCEC_Cup14_SF_vs_Lc0_2024.pgn,22,b,Nxc5,,,,,,0,0,0
TCEC_Cup14_SF_vs_Lc0_2024.pgn,23,w,Bg5,117,133,0.6,sustained,→,0,0,1
TCEC_Cup14_SF_vs_Lc0_2024.pgn,24,b,h6,-117,-101,0.6,sustained,→,0,0,1
TCEC_Cup14_SF_vs_Lc0_2024.pgn,25,w,Bh4,117,133,0.6,sustained,→,0,0,1
TCEC_Cup14_SF_vs_Lc0_2024.pgn,26,b,Rg8,-117,-100,0.6,sustained,→,0,0,1
TCEC_Cup14_SF_vs_Lc0_2024.pgn,27,w,Nd4,117,134,0.6,sustained,→,0,0,1
TCEC_Cup14_SF_vs_Lc0_2024.pgn,28,b,g5,,,,,,0,0,0
TCEC_Cup14_SF_vs_Lc0_2024.pgn,29,w,hxg6,117,133,0.6,sustained,→,0,0,1
TCEC_Cup14_SF_vs_Lc0_2024.pgn,30,b,Rxg6,-117,-101,0.6,sustained,→,0,0,1
TCEC_Cup14_SF_vs_Lc0_2024.pgn,31,w,Qe2,117,134,0.6,sustained,→,0,0,1
TCEC_Cup14_SF_vs_Lc0_2024.pgn,32,b,Na4,-117,-101,0.6,sustained,→,0,0,1
TCEC_Cup14_SF_vs_Lc0_2024.pgn,33,w,Nxa4,117,133,0.6,sustained,→,0,0,1
TCEC_Cup14_SF_vs_Lc0_2024.pgn,34,b,Qxa4,-117,-101,0.6,sustained,→,0,0,1
TCEC_Cup14_SF_vs_Lc0_2024.pgn,35,w,O-O-O,117,133,0.6,sustained,→,0,0,1
TCEC_Cup14_SF_vs_Lc0_2024.pgn,36,b,Rc8,-117,-101,0.6,sustained,→,0,0,1
TCEC_Cup14_SF_vs_Lc0_2024.pgn,37,w,Kb1,117,133,0.6,sustained,→,0,0,1
TCEC_Cup14_SF_vs_Lc0_2024.pgn,38,b,Nc6,-117,-101,0.6,sustained,→,0,0,1
TCEC_Cup14_SF_vs_Lc0_2024.pgn,39,w,g3,117,134,0.6,sustained,→,0,0,1
TCEC_Cup14_SF_vs_Lc0_2024.pgn,40,b,Kd7,-117,-100,0.6,sustained,→,0,0,1
TCEC_Cup14_SF_vs_Lc0_2024.pgn,41,w,Nxc6,117,134,0.6,sustained,→,0,0,1
TCEC_Cup14_SF_vs_Lc0_2024.pgn,42,b,Rxc6,-117,-100,0.6,sustained,→,0,0,1
TCEC_Cup14_SF_vs_Lc0_2024.pgn,43,w,Rd3,117,134,0.6,sustained,→,0,0,1
TCEC_Cup14_SF_vs_Lc0_2024.pgn,44,b,Kc8,-117,-101,0.6,sustained,→,0,0,1
TCEC_Cup14_SF_vs_Lc0_2024.pgn,45,w,Rf3,117,134,0.6,sustained,→,1,0,1
TCEC_Cup14_SF_vs_Lc0_2024.pgn,46,b,Rc7,-113,-101,0.5,sustained,→,-2.7,0,1
TCEC_Cup14_SF_vs_Lc0_2024.pgn,47,w,Rf4,113,128,0.333,sustained,→,4,0,1
TCEC_Cup14_SF_vs_Lc0_2024.pgn,48,b,Qc6,-113,-105,0.333,sustained,→,-3,0,1
TCEC_Cup14_SF_vs_Lc0_2024.pgn,49,w,Rd1,115,130,0.5,sustained,→,0.7,0,1
TCEC_Cup14_SF_vs_Lc0_2024.pgn,50,b,b5,-115,-105,0.333,sustained,→,-1,0,1
TCEC_Cup14_SF_vs_Lc0_2024.pgn,51,w,Rd3,115,127,0.333,sustained,→,1,0,1
TCEC_Cup14_SF_vs_Lc0_2024.pgn,52,b,Bc5,-115,-113,0,sustained,→,-2,0,1
TCEC_Cup14_SF_vs_Lc0_2024.pgn,53,w,Rc3,,,,,,0,0,0
TCEC_Cup14_SF_vs_Lc0_2024.pgn,54,b,Qd7,-109,-105,0,sustained,→,0,0,1
TCEC_Cup14_SF_vs_Lc0_2024.pgn,55,w,Rcf3,109,113,0,sustained,→,0,0,1
TCEC_Cup14_SF_vs_Lc0_2024.pgn,56,b,Rg7,-109,-95,0.5,sustained,→,0,0,1
TCEC_Cup14_SF_vs_Lc0_2024.pgn,57,w,Rf6,109,123,0.5,sustained,→,0,0,1
TCEC_Cup14_SF_vs_Lc0_2024.pgn,58,b,Qc6,,,,,,0,0,0
TCEC_Cup14_SF_vs_Lc0_2024.pgn,59,w,Rxh6,144,160,0.6,sustained,→,0,0,1
TCEC_Cup14_SF_vs_Lc0_2024.pgn,60,b,Rg8,-144,-128,0.6,sustained,→,0,0,1
TCEC_Cup14_SF_vs_Lc0_2024.pgn,61,w,Rhf6,144,160,0.6,sustained,→,0,0,1
TCEC_Cup14_SF_vs_Lc0_2024.pgn,62,b,Rf8,-144,-128,0.6,sustained,→,0,0,1
TCEC_Cup14_SF_vs_Lc0_2024.pgn,63,w,Bg5,144,161,0.6,sustained,→,0,0,1
TCEC_Cup14_SF_vs_Lc0_2024.pgn,64,b,a5,-144,-127,0.6,sustained,→,0,0,1
TCEC_Cup14_SF_vs_Lc0_2024.pgn,65,w,Be3,144,161,0.6,sustained,→,-0.3,0,1
TCEC_Cup14_SF_vs_Lc0_2024.pgn,66,b,d4,-145,-128,0.6,sustained,→,0.3,0,1
TCEC_Cup14_SF_vs_Lc0_2024.pgn,67,w,Bh6,145,162,0.6,sustained,→,-0.3,0,1
TCEC_Cup14_SF_vs_Lc0_2024.pgn,68,b,Rh8,-145,-128,0.6,sustained,→,0.3,0,1
TCEC_Cup14_SF_vs_Lc0_2024.pgn,69,w,Bc1,145,161,0.6,sustained,→,-0.3,0,1
TCEC_Cup14_SF_vs_Lc0_2024.pgn,70,b,Qb7,-145,-128,0.6,sustained,→,0.5,0,1
TCEC_Cup14_SF_vs_Lc0_2024.pgn,71,w,g4,145,161,0.6,sustained,→,-0.5,0,1
TCEC_Cup14_SF_vs_Lc0_2024.pgn,72,b,b4,-145,-128,0.6,sustained,→,0.5,0,1
TCEC_Cup14_SF_vs_Lc0_2024.pgn,73,w,a4,146,162,0.6,sustained,→,-0.5,0,1
TCEC_Cup14_SF_vs_Lc0_2024.pgn,74,b,Kb8,-146,-129,0.6,sustained,→,0.8,0,1
TCEC_Cup14_SF_vs_Lc0_2024.pgn,75,w,g5,146,160,0.5,sustained,→,-0.7,0,1
TCEC_Cup14_SF_vs_Lc0_2024.pgn,76,b,Rh1,-146,-130,0.5,sustained,→,1,0,1
TCEC_Cup14_SF_vs_Lc0_2024.pgn,77,w,Rh6,146,156,0.333,sustained,→,-1,0,1
TCEC_Cup14_SF_vs_Lc0_2024.pgn,78,b,Rg1,-146,-139,0,sustained,→,3,0,1
TCEC_Cup14_SF_vs_Lc0_2024.pgn,79,w,Rhh3,150,149,0,sustained,→,-5,0,1
TCEC_Cup14_SF_vs_Lc0_2024.pgn,80,b,Ka7,-150,-141,0,sustained,→,10,0,1
TCEC_Cup14_SF_vs_Lc0_2024.pgn,81,w,Rhg3,150,164,0.5,sustained,→,0,0,1
TCEC_Cup14_SF_vs_Lc0_2024.pgn,82,b,Rh1,-150,-136,0.5,sustained,→,0,0,1
TCEC_Cup14_SF_vs_Lc0_2024.pgn,83,w,b3,150,154,0.5,unknown,→,0,0,1
TCEC_Cup14_SF_vs_Lc0_2024.pgn,84,b,Bb6,,,,,,0,0,0
TCEC_Cup14_SF_vs_Lc0_2024.pgn,85,w,Rf6,,,,,,0,0,0
TCEC_Cup14_SF_vs_Lc0_2024.pgn,86,b,Qa6,,,,,,0,0,0
TCEC_Cup14_SF_vs_Lc0_2024.pgn,87,w,Rd3,147,151,0,sustained,→,0,0,1
TCEC_Cup14_SF_vs_Lc0_2024.pgn,88,b,Rg1,-147,-133,0.5,sustained,→,0,0,1
TCEC_Cup14_SF_vs_Lc0_2024.pgn,89,w,f3,147,161,0.5,sustained,→,0,0,1
TCEC_Cup14_SF_vs_Lc0_2024.pgn,90,b,Kb8,-147,-143,0.5,unknown,→,0,0,1
TCEC_Cup14_SF_vs_Lc0_2024.pgn,91,w,Rh6,,,,,,0,0,0
TCEC_Cup14_SF_vs_Lc0_2024.pgn,92,b,Ka7,,,,,,0,0,0
TCEC_Cup14_SF_vs_Lc0_2024.pgn,93,w,Rh7,,,,,,0,0,0
TCEC_Cup14_SF_vs_Lc0_2024.pgn,94,b,Kb8,,,,,,0,0,0
TCEC_Cup14_SF_vs_Lc0_2024.pgn,95,w,f4,198,212,0.5,sustained,→,0,0,1
TCEC_Cup14_SF_vs_Lc0_2024.pgn,96,b,Ka7,-198,-199,0.5,mixed,↓,-7,0,1
TCEC_Cup14_SF_vs_Lc0_2024.pgn,97,w,Rhh3,198,202,0,building,→,-7.5,0,1
TCEC_Cup14_SF_vs_Lc0_2024.pgn,98,b,Qb7,-213,-214,0,mixed,→,5,0,1
TCEC_Cup14_SF_vs_Lc0_2024.pgn,99,w,Rhg3,213,202,0,mixed,→,-15,0,1
TCEC_Cup14_SF_vs_Lc0_2024.pgn,100,b,Rh1,-213,-214,0,mixed,→,7.5,0,1
TCEC_Cup14_SF_vs_Lc0_2024.pgn,101,w,Rd1,213,202,0,mixed,→,-20,0,1
TCEC_Cup14_SF_vs_Lc0_2024.pgn,102,b,Rh4,-203,-199,0.5,mixed,→,0,0,1
TCEC_Cup14_SF_vs_Lc0_2024.pgn,103,w,Rgd3,203,217,0.5,sustained,→,0,0,1
TCEC_Cup14_SF_vs_Lc0_2024.pgn,104,b,Rc3,-203,-199,0.5,unknown,→,0,0,1
TCEC_Cup14_SF_vs_Lc0_2024.pgn,105,w,Rf1,,,,,,0,0,0
TCEC_Cup14_SF_vs_Lc0_2024.pgn,106,b,Qd5,,,,,,0,0,0
TCEC_Cup14_SF_vs_Lc0_2024.pgn,107,w,Bb2,219,233,0.5,sustained,→,0,0,1
TCEC_Cup14_SF_vs_Lc0_2024.pgn,108,b,Rc7,-219,-214,0.5,unknown,→,0,0,1
TCEC_Cup14_SF_vs_Lc0_2024.pgn,109,w,Qd2,,,,,,0,0,0
TCEC_Cup14_SF_vs_Lc0_2024.pgn,110,b,Rd7,,,,,,0,0,0
TCEC_Cup14_SF_vs_Lc0_2024.pgn,111,w,Rd1,258,275,0.6,sustained,→,0,0,1
TCEC_Cup14_SF_vs_Lc0_2024.pgn,112,b,Rh1,-258,-246,0.4,sustained,→,0,0,1
TCEC_Cup14_SF_vs_Lc0_2024.pgn,113,w,Qc1,279,263,0.5,collapse,→,0,0,1
TCEC_Cup14_SF_vs_Lc0_2024.pgn,114,b,Rxd1,-247,-233,0.5,sustained,→,0,0,1
TCEC_Cup14_SF_vs_Lc0_2024.pgn,115,w,Qxd1,247,251,0.5,unknown,→,0,0,1
TCEC_Cup14_SF_vs_Lc0_2024.pgn,116,b,Qe4,,,,,,0,0,0
TCEC_Cup14_SF_vs_Lc0_2024.pgn,117,w,Qf3,279,294,0.5,sustained,→,0,0,1
TCEC_Cup14_SF_vs_Lc0_2024.pgn,118,b,Qxf3,,,,,,0,0,0
TCEC_Cup14_SF_vs_Lc0_2024.pgn,119,w,Rxf3,287,297,0.25,building,↑,-9.7,0,1
TCEC_Cup14_SF_vs_Lc0_2024.pgn,120,b,Kb7,-287,-272,0.5,sustained,→,0,0,1
TCEC_Cup14_SF_vs_Lc0_2024.pgn,121,w,Kc1,287,295,0,sustained,→,3,0,1
TCEC_Cup14_SF_vs_Lc0_2024.pgn,122,b,Kc6,-252,-248,0,building,↑,-17.5,0,1
TCEC_Cup14_SF_vs_Lc0_2024.pgn,123,w,Kd2,252,261,0,sustained,→,6,0,1
TCEC_Cup14_SF_vs_Lc0_2024.pgn,124,b,Kd5,-252,-244,0,sustained,→,4,0,1
TCEC_Cup14_SF_vs_Lc0_2024.pgn,125,w,Kd3,291,311,0.5,building,↑,0,0,1
TCEC_Cup14_SF_vs_Lc0_2024.pgn,126,b,Rd8,-307,-322,0.5,collapse,↓,0,0,1
TCEC_Cup14_SF_vs_Lc0_2024.pgn,127,w,Rh3,307,311,0.5,unknown,→,0,0,1
TCEC_Cup14_SF_vs_Lc0_2024.pgn,128,b,Bc5,,,,,,0,0,0
TCEC_Cup14_SF_vs_Lc0_2024.pgn,129,w,Bc1,,,,,,0,0,0
TCEC_Cup14_SF_vs_Lc0_2024.pgn,130,b,Rc8,,,,,,0,0,0
TCEC_Cup14_SF_vs_Lc0_2024.pgn,131,w,Bd2,353,367,0.5,sustained,→,0,0,1
TCEC_Cup14_SF_vs_Lc0_2024.pgn,132,b,Rf8,,,,,,0,0,0
TCEC_Cup14_SF_vs_Lc0_2024.pgn,133,w,Rh7,,,,,,0,0,0
TCEC_Cup14_SF_vs_Lc0_2024.pgn,134,b,Bb6,,,,,,0,0,0
TCEC_Cup14_SF_vs_Lc0_2024.pgn,135,w,Be1,393,407,0.5,sustained,→,0,0,1
TCEC_Cup14_SF_vs_Lc0_2024.pgn,136,b,Bc5,-393,-389,0.5,unknown,→,0,0,1
TCEC_Cup14_SF_vs_Lc0_2024.pgn,137,w,Bf2,,,,,,0,0,0
TCEC_Cup14_SF_vs_Lc0_2024.pgn,138,b,Bb6,,,,,,0,0,0
TCEC_Cup14_SF_vs_Lc0_2024.pgn,139,w,g6,444,449,0,sustained,→,0,0,1
TCEC_Cup14_SF_vs_Lc0_2024.pgn,140,b,fxg6,-444,-440,0,sustained,→,0,0,1
TCEC_Cup14_SF_vs_Lc0_2024.pgn,141,w,Rd7+,444,458,0.5,sustained,→,0,0,1
TCEC_Cup14_SF_vs_Lc0_2024.pgn,142,b,Kc6,-444,-429,0.5,sustained,→,0,0,1
TCEC_Cup14_SF_vs_Lc0_2024.pgn,143,w,Rd6+,444,448,0.5,unknown,→,0,0,1
TCEC_Cup14_SF_vs_Lc0_2024.pgn,144,b,Kc7,,,,,,0,0,0
TCEC_Cup14_SF_vs_Lc0_2024.pgn,145,w,Bxd4,473,477,0,sustained,→,0,0,1
TCEC_Cup14_SF_vs_Lc0_2024.pgn,146,b,Bxd4,-473,-459,0.5,sustained,→,0,0,1
TCEC_Cup14_SF_vs_Lc0_2024.pgn,147,w,Rxd4,473,487,0.5,sustained,→,0,0,1
TCEC_Cup14_SF_vs_Lc0_2024.pgn,148,b,Rf5,,,,,,0,0,0
TCEC_Cup14_SF_vs_Lc0_2024.pgn,149,w,Ke4,479,493,0.5,sustained,→,0,0,1
TCEC_Cup14_SF_vs_Lc0_2024.pgn,150,b,g5,-479,-483,0.333,mixed,↓,-51.5,0,1
TCEC_Cup14_SF_vs_Lc0_2024.pgn,151,w,fxg5,479,503,0,building,↑,70,1,1
TCEC_Cup14_SF_vs_Lc0_2024.pgn,152,b,Rxg5,-442,-423,0.5,building,↑,0,0,1
TCEC_Cup14_SF_vs_Lc0_2024.pgn,153,w,Rd6,442,456,0.5,sustained,→,0,0,1
TCEC_Cup14_SF_vs_Lc0_2024.pgn,154,b,Rg2,-442,-438,0.5,unknown,→,0,0,1
TCEC_Cup14_SF_vs_Lc0_2024.pgn,155,w,Rxe6,,,,,,0,0,0
TCEC_Cup14_SF_vs_Lc0_2024.pgn,156,b,Rxc2,-376,-372,0,sustained,→,0,0,1
TCEC_Cup14_SF_vs_Lc0_2024.pgn,157,w,Ra6,24990,24995,0,sustained,→,1,0,1
TCEC_Cup14_SF_vs_Lc0_2024.pgn,158,b,Rc3,-24991,-24977,0.5,sustained,→,0,0,1
TCEC_Cup14_SF_vs_Lc0_2024.pgn,159,w,Kd4,,,,,,0,0,0
TCEC_Cup14_SF_vs_Lc0_2024.pgn,160,b,Rh3,-24989,-24976,0.5,sustained,→,-0.3,0,1
TCEC_Cup14_SF_vs_Lc0_2024.pgn,161,w,Rxa5,24990,25000,0.333,sustained,→,0,0,1
TCEC_Cup14_SF_vs_Lc0_2024.pgn,162,b,Rh4+,,,,,,0,0,0
TCEC_Cup14_SF_vs_Lc0_2024.pgn,163,w,Kc5,24992,24996,0,sustained,→,0,0,1
TCEC_Cup14_SF_vs_Lc0_2024.pgn,164,b,Re4,-24993,-24979,0.5,sustained,→,0,0,1
TCEC_Cup14_SF_vs_Lc0_2024.pgn,165,w,Rb5,24994,25008,0.5,sustained,→,0,0,1
TCEC_Cup14_SF_vs_Lc0_2024.pgn,166,b,Rxe5+,-24995,-24957,0.5,sustained,→,0,0,1
TCEC_Cup14_SF_vs_Lc0_2024.pgn,167,w,Kxb4,24996,25035,0.5,sustained,→,0,0,1
TCEC_Cup14_SF_vs_Lc0_2024.pgn,1,w,d4,,,,,,0,0,0
TCEC_Cup14_SF_vs_Lc0_2024.pgn,2,b,Nf6,-1,17,0.6,sustained,→,1,0,1
TCEC_Cup14_SF_vs_Lc0_2024.pgn,3,w,c4,1,18,0.6,sustained,→,0.3,0,1
TCEC_Cup14_SF_vs_Lc0_2024.pgn,4,b,d6,,,,,,0,0,0
TCEC_Cup14_SF_vs_Lc0_2024.pgn,5,w,Nc3,12,29,0.6,sustained,→,0.8,0,1
TCEC_Cup14_SF_vs_Lc0_2024.pgn,6,b,e5,,,,,,0,0,0
TCEC_Cup14_SF_vs_Lc0_2024.pgn,7,w,Nf3,26,43,0.6,sustained,→,0,0,1
TCEC_Cup14_SF_vs_Lc0_2024.pgn,8,b,Nc6,,,,,,0,0,0
TCEC_Cup14_SF_vs_Lc0_2024.pgn,9,w,e3,,,,,,0,0,0
TCEC_Cup14_SF_vs_Lc0_2024.pgn,10,b,Bg4,,,,,,0,0,0
TCEC_Cup14_SF_vs_Lc0_2024.pgn,11,w,d5,93,109,0.6,sustained,→,0,0,1
TCEC_Cup14_SF_vs_Lc0_2024.pgn,12,b,Ne7,-93,-76,0.6,sustained,→,0,0,1
TCEC_Cup14_SF_vs_Lc0_2024.pgn,13,w,e4,93,110,0.6,sustained,→,0,0,0
TCEC_Cup14_SF_vs_Lc0_2024.pgn,14,b,Ng6,-93,-76,0.6,sustained,→,0,0,1
TCEC_Cup14_SF_vs_Lc0_2024.pgn,15,w,h3,93,110,0.6,sustained,→,0,0,1
TCEC_Cup14_SF_vs_Lc0_2024.pgn,16,b,Bc8,,,,,,0,0,0
TCEC_Cup14_SF_vs_Lc0_2024.pgn,17,w,g3,106,122,0.6,sustained,→,-1,0,1
TCEC_Cup14_SF_vs_Lc0_2024.pgn,18,b,Be7,-107,-98,0.2,sustained,→,0,0,1
TCEC_Cup14_SF_vs_Lc0_2024.pgn,19,w,Be3,,,,,,0,0,0
TCEC_Cup14_SF_vs_Lc0_2024.pgn,20,b,h5,-96,-81,0.5,sustained,→,0,0,1
TCEC_Cup14_SF_vs_Lc0_2024.pgn,21,w,h4,109,126,0.6,sustained,→,0,0,1
TCEC_Cup14_SF_vs_Lc0_2024.pgn,22,b,c6,,,,,,0,0,0
TCEC_Cup14_SF_vs_Lc0_2024.pgn,23,w,Nh2,,,,,,0,0,0
TCEC_Cup14_SF_vs_Lc0_2024.pgn,24,b,Qa5,-109,-94,0.5,sustained,→,0,0,1
TCEC_Cup14_SF_vs_Lc0_2024.pgn,25,w,Bd2,,,,,,0,0,0
TCEC_Cup14_SF_vs_Lc0_2024.pgn,26,b,Qc7,,,,,,0,0,0
TCEC_Cup14_SF_vs_Lc0_2024.pgn,27,w,a4,,,,,,0,0,0
TCEC_Cup14_SF_vs_Lc0_2024.pgn,28,b,a6,,,,,,0,0,0
TCEC_Cup14_SF_vs_Lc0_2024.pgn,29,w,Be2,,,,,,0,0,0
TCEC_Cup14_SF_vs_Lc0_2024.pgn,30,b,Bh3,-119,-114,0,sustained,→,0,0,1
TCEC_Cup14_SF_vs_Lc0_2024.pgn,31,w,Bg5,119,134,0.5,sustained,→,0,0,1
TCEC_Cup14_SF_vs_Lc0_2024.pgn,32,b,Nd7,,,,,,0,0,0
TCEC_Cup14_SF_vs_Lc0_2024.pgn,33,w,Bxh5,,,,,,0,0,
TCEC_Cup14_SF_vs_Lc0_2024.pgn,34,b,Bxg5,-112,-95,0.6,sustained,→,0,0,1
TCEC_Cup14_SF_vs_Lc0_2024.pgn,35,w,hxg5,112,129,0.6,sustained,→,0,0,1
TCEC_Cup14_SF_vs_Lc0_2024.pgn,36,b,a5,-112,-95,0.6,sustained,→,0,0,1
TCEC_Cup14_SF_vs_Lc0_2024.pgn,37,w,Nf1,112,129,0.6,sustained,→,0,0,1
TCEC_Cup14_SF_vs_Lc0_2024.pgn,38,b,Bg2,-112,-95,0.6,sustained,→,0,0,1
TCEC_Cup14_SF_vs_Lc0_2024.pgn,39,w,Rh2,112,119,0.25,sustained,→,-2.7,0,1
TCEC_Cup14_SF_vs_Lc0_2024.pgn,40,b,Bxf1,-120,-108,0.25,sustained,→,2.7,0,1
TCEC_Cup14_SF_vs_Lc0_2024.pgn,41,w,Kxf1,120,121,0,sustained,→,-4,0,1
TCEC_Cup14_SF_vs_Lc0_2024.pgn,42,b,Nc5,-120,-111,0,sustained,→,4,0,1
TCEC_Cup14_SF_vs_Lc0_2024.pgn,43,w,Rh1,120,120,0,sustained,→,-8,0,1
TCEC_Cup14_SF_vs_Lc0_2024.pgn,44,b,O-O-O,-120,-110,0,sustained,→,8,0,1
TCEC_Cup14_SF_vs_Lc0_2024.pgn,45,w,Rb1,120,140,0.5,building,→,0,0,1
TCEC_Cup14_SF_vs_Lc0_2024.pgn,46,b,Kb8,-124,-109,0.5,sustained,→,0,0,1
TCEC_Cup14_SF_vs_Lc0_2024.pgn,47,w,Kg2,124,129,0.5,unknown,→,0,0,1
TCEC_Cup14_SF_vs_Lc0_2024.pgn,48,b,Ka8,,,,,,0,0,0
TCEC_Cup14_SF_vs_Lc0_2024.pgn,49,w,Qe2,134,139,0.5,unknown,→,0,0,1
TCEC_Cup14_SF_vs_Lc0_2024.pgn,50,b,Nb3,,,,,,0,0,0
TCEC_Cup14_SF_vs_Lc0_2024.pgn,51,w,Qe3,151,166,0.5,sustained,→,0,0,1
TCEC_Cup14_SF_vs_Lc0_2024.pgn,52,b,Nd4,-151,-136,0.5,sustained,→,0,0,1
TCEC_Cup14_SF_vs_Lc0_2024.pgn,53,w,Ne2,151,156,0.5,unknown,→,0,0,1
TCEC_Cup14_SF_vs_Lc0_2024.pgn,54,b,c5,-151,-146,0.5,unknown,→,0,0,1
TCEC_Cup14_SF_vs_Lc0_2024.pgn,55,w,Qd2,,,,,,0,0,
TCEC_Cup14_SF_vs_Lc0_2024.pgn,56,b,Nf8,,,,,,0,0,0
TCEC_Cup14_SF_vs_Lc0_2024.pgn,57,w,Nc3,,,,,,0,0,
TCEC_Cup14_SF_vs_Lc0_2024.pgn,58,b,Qe7,-154,-149,0.5,unknown,→,0,0,1
TCEC_Cup14_SF_vs_Lc0_2024.pgn,59,w,Bg4,,,,,,0,0,0
TCEC_Cup14_SF_vs_Lc0_2024.pgn,60,b,Nd7,,,,,,0,0,0
TCEC_Cup14_SF_vs_Lc0_2024.pgn,61,w,Nb5,174,189,0.5,sustained,→,0,0,1
TCEC_Cup14_SF_vs_Lc0_2024.pgn,62,b,b6,-174,-169,0.5,unknown,→,0,0,1
TCEC_Cup14_SF_vs_Lc0_2024.pgn,63,w,Rbf1,,,,,,0,0,0
TCEC_Cup14_SF_vs_Lc0_2024.pgn,64,b,Kb8,,,,,,0,0,0
TCEC_Cup14_SF_vs_Lc0_2024.pgn,65,w,Qc1,178,183,0.5,unknown,→,0,0,1
TCEC_Cup14_SF_vs_Lc0_2024.pgn,66,b,Rhg8,,,,,,0,0,0
TCEC_Cup14_SF_vs_Lc0_2024.pgn,67,w,Rh3,,,,,,0,0,0
TCEC_Cup14_SF_vs_Lc0_2024.pgn,68,b,Nb3,,,,,,0,0,0
TCEC_Cup14_SF_vs_Lc0_2024.pgn,69,w,Qe3,181,196,0.5,sustained,→,0,0,1
TCEC_Cup14_SF_vs_Lc0_2024.pgn,70,b,Nd4,-181,-176,0.5,unknown,→,0,0,1
TCEC_Cup14_SF_vs_Lc0_2024.pgn,71,w,Rfh1,,,,,,0,0,0
TCEC_Cup14_SF_vs_Lc0_2024.pgn,72,b,Ka8,,,,,,0,0,0
TCEC_Cup14_SF_vs_Lc0_2024.pgn,73,w,Bf5,,,,,,0,0,0
TCEC_Cup14_SF_vs_Lc0_2024.pgn,74,b,Kb7,,,,,,0,0,0
TCEC_Cup14_SF_vs_Lc0_2024.pgn,75,w,Qd2,,,,,,0,0,0
TCEC_Cup14_SF_vs_Lc0_2024.pgn,76,b,Kb8,,,,,,0,0,0
TCEC_Cup14_SF_vs_Lc0_2024.pgn,77,w,b3,,,,,,0,0,0
TCEC_Cup14_SF_vs_Lc0_2024.pgn,78,b,Nxb5,,,,,,0,0,0
TCEC_Cup14_SF_vs_Lc0_2024.pgn,79,w,axb5,179,184,0,sustained,→,0,0,1
TCEC_Cup14_SF_vs_Lc0_2024.pgn,80,b,Nf8,-179,-164,0.5,sustained,→,0,0,1
TCEC_Cup14_SF_vs_Lc0_2024.pgn,81,w,Qe3,179,184,0,sustained,→,0,0,1
TCEC_Cup14_SF_vs_Lc0_2024.pgn,82,b,Ng6,-179,-174,0.5,unknown,→,0,0,1
TCEC_Cup14_SF_vs_Lc0_2024.pgn,83,w,Ra1,,,,,,0,0,0
TCEC_Cup14_SF_vs_Lc0_2024.pgn,84,b,Rde8,-176,-171,0.5,unknown,→,0,0,1
TCEC_Cup14_SF_vs_Lc0_2024.pgn,85,w,Rh5,,,,,,0,0,0
TCEC_Cup14_SF_vs_Lc0_2024.pgn,86,b,Qd8,-174,-169,0.5,unknown,→,0,0,1
TCEC_Cup14_SF_vs_Lc0_2024.pgn,87,w,Rah1,,,,,,0,0,0
TCEC_Cup14_SF_vs_Lc0_2024.pgn,88,b,Qe7,,,,,,0,0,0
TCEC_Cup14_SF_vs_Lc0_2024.pgn,89,w,Qf3,,,,,,0,0,0
TCEC_Cup14_SF_vs_Lc0_2024.pgn,90,b,Nh8,,,,,,0,0,0
TCEC_Cup14_SF_vs_Lc0_2024.pgn,91,w,R5h4,,,,,,0,0,0
TCEC_Cup14_SF_vs_Lc0_2024.pgn,92,b,Ng6,-196,-181,0.5,sustained,→,0,0,1
TCEC_Cup14_SF_vs_Lc0_2024.pgn,93,w,Bxg6,196,207,0.333,sustained,→,0,0,1
TCEC_Cup14_SF_vs_Lc0_2024.pgn,94,b,fxg6,-196,-184,0.333,sustained,→,0,0,1
TCEC_Cup14_SF_vs_Lc0_2024.pgn,95,w,Re1,196,176,0,collapse,↓,16,0,1
TCEC_Cup14_SF_vs_Lc0_2024.pgn,96,b,Rgf8,-180,-175,0,building,↑,-16,0,1
TCEC_Cup14_SF_vs_Lc0_2024.pgn,97,w,Qg4,180,165,0.5,collapse,↓,0,0,1
TCEC_Cup14_SF_vs_Lc0_2024.pgn,98,b,Rf7,,,,,,0,0,0
TCEC_Cup14_SF_vs_Lc0_2024.pgn,99,w,f4,202,207,0,sustained,→,0,0,1
TCEC_Cup14_SF_vs_Lc0_2024.pgn,100,b,Kc7,,,,,,0,0,0
TCEC_Cup14_SF_vs_Lc0_2024.pgn,101,w,Rh7,258,273,0.5,sustained,→,0,0,1
TCEC_Cup14_SF_vs_Lc0_2024.pgn,102,b,Qf8,-258,-243,0.5,sustained,→,0,0,1
TCEC_Cup14_SF_vs_Lc0_2024.pgn,103,w,Rf1,258,263,0.5,unknown,→,0,0,1
TCEC_Cup14_SF_vs_Lc0_2024.pgn,104,b,exf4,,,,,,0,0,0
TCEC_Cup14_SF_vs_Lc0_2024.pgn,105,w,Rxf4,292,297,0,sustained,→,0,0,1
TCEC_Cup14_SF_vs_Lc0_2024.pgn,106,b,Rxf4,-292,-277,0.5,sustained,→,0,0,1
TCEC_Cup14_SF_vs_Lc0_2024.pgn,107,w,Qxf4,292,277,0.5,collapse,↓,0,0,1
TCEC_Cup14_SF_vs_Lc0_2024.pgn,108,b,Qg8,-204,-199,0.5,unknown,→,0,0,1
TCEC_Cup14_SF_vs_Lc0_2024.pgn,109,w,Rh4,,,,,,0,0,0
TCEC_Cup14_SF_vs_Lc0_2024.pgn,110,b,Re5,,,,,,0,0,0
TCEC_Cup14_SF_vs_Lc0_2024.pgn,111,w,Qf3,,,,,,0,0,0
TCEC_Cup14_SF_vs_Lc0_2024.pgn,112,b,Kb8,,,,,,0,0,0
TCEC_Cup14_SF_vs_Lc0_2024.pgn,113,w,Rh1,416,421,0.5,unknown,→,0,0,1
TCEC_Cup14_SF_vs_Lc0_2024.pgn,114,b,Rxg5,,,,,,0,0,0
TCEC_Cup14_SF_vs_Lc0_2024.pgn,115,w,Rf1,,,,,,0,0,0
TCEC_Cup14_SF_vs_Lc0_2024.pgn,116,b,Re5,-436,-419,0.6,sustained,→,0,0,1
TCEC_Cup14_SF_vs_Lc0_2024.pgn,117,w,Qf8+,436,453,0.6,sustained,→,0,0,1
TCEC_Cup14_SF_vs_Lc0_2024.pgn,118,b,Qxf8,-436,-419,0.6,sustained,→,0,0,1
TCEC_Cup14_SF_vs_Lc0_2024.pgn,119,w,Rxf8+,436,421,0.25,collapse,↓,6,0,1
TCEC_Cup14_SF_vs_Lc0_2024.pgn,120,b,Kc7,-418,-408,0.25,building,↑,-6,0,1
TCEC_Cup14_SF_vs_Lc0_2024.pgn,121,w,Kf3,418,398,0,collapse,↓,9,0,1
TCEC_Cup14_SF_vs_Lc0_2024.pgn,122,b,Re7,-418,-413,0,building,↑,-9,0,1
TCEC_Cup14_SF_vs_Lc0_2024.pgn,123,w,Kf4,418,398,0,collapse,↓,18,0,1
TCEC_Cup14_SF_vs_Lc0_2024.pgn,124,b,g5+,-418,-416,0,sustained,→,-3,0,1
TCEC_Cup14_SF_vs_Lc0_2024.pgn,125,w,Ke3,433,448,0.5,sustained,→,0,0,1
TCEC_Cup14_SF_vs_Lc0_2024.pgn,126,b,Kd7,,,,,,0,0,0
TCEC_Cup14_SF_vs_Lc0_2024.pgn,127,w,Rf5,480,485,0,sustained,→,0,0,1
TCEC_Cup14_SF_vs_Lc0_2024.pgn,128,b,g4,-480,-475,0,sustained,→,0,0,1
TCEC_Cup14_SF_vs_Lc0_2024.pgn,129,w,Rg5,480,495,0.5,sustained,→,0,0,1
TCEC_Cup14_SF_vs_Lc0_2024.pgn,130,b,Ke8,-480,-460,0.5,building,↑,0,0,1
TCEC_Cup14_SF_vs_Lc0_2024.pgn,131,w,e5,,,,,,0,0,0
TCEC_Cup14_SF_vs_Lc0_2024.pgn,132,b,dxe5,,,,,,0,0,0
TCEC_Cup14_SF_vs_Lc0_2024.pgn,133,w,Ke4,575,590,0.5,sustained,→,0,0,1
TCEC_Cup14_SF_vs_Lc0_2024.pgn,134,b,Kd7,-575,-560,0.5,sustained,→,0,0,1
TCEC_Cup14_SF_vs_Lc0_2024.pgn,135,w,Rg6,575,587,0.333,sustained,→,0,0,1
TCEC_Cup14_SF_vs_Lc0_2024.pgn,136,b,Re8,-575,-564,0.333,sustained,→,0,0,1
TCEC_Cup14_SF_vs_Lc0_2024.pgn,137,w,Rxb6,575,579,0,sustained,→,0,0,1
TCEC_Cup14_SF_vs_Lc0_2024.pgn,138,b,Rh8,-575,-571,0,sustained,→,0,0,1
TCEC_Cup14_SF_vs_Lc0_2024.pgn,139,w,Rc6,575,589,0.5,sustained,→,0,0,1
TCEC_Cup14_SF_vs_Lc0_2024.pgn,140,b,Ke7,,,,,,0,0,0
TCEC_Cup14_SF_vs_Lc0_2024.pgn,141,w,Rxc5,729,733,0.5,unknown,→,0,0,1
TCEC_Cup14_SF_vs_Lc0_2024.pgn,142,b,Rh6,,,,,,0,0,0
TCEC_Cup14_SF_vs_Lc0_2024.pgn,143,w,Rc7+,782,787,0.5,unknown,→,0,0,1
TCEC_Cup14_SF_vs_Lc0_2024.pgn,144,b,Kf8,,,,,,0,0,0
TCEC_Cup14_SF_vs_Lc0_2024.pgn,145,w,c5,1145,1149,0.5,unknown,→,0,0,1
TCEC_Cup14_SF_vs_Lc0_2024.pgn,146,b,Rh3,,,,,,0,0,0
TCEC_Cup14_SF_vs_Lc0_2024.pgn,147,w,b6,1482,1496,0.5,sustained,→,0,0,1
TCEC_Cup14_SF_vs_Lc0_2024.pgn,148,b,Rxg3,-1482,-1478,0.5,unknown,→,0,0,1
TCEC_Cup14_SF_vs_Lc0_2024.pgn,149,w,d6,,,,,,0,0,0
TCEC_Cup14_SF_vs_Lc0_2024.pgn,150,b,Rxb3,,,,,,0,0,0
TCEC_Cup14_SF_vs_Lc0_2024.pgn,151,w,Kf5,29957,29962,0.5,unknown,→,0,0,1
TCEC_Cup14_SF_vs_Lc0_2024.pgn,152,b,Rf3+,,,,,,0,0,0
TCEC_Cup14_SF_vs_Lc0_2024.pgn,153,w,Kg5,29983,29998,0.5,sustained,→,0,0,1
TCEC_Cup14_SF_vs_Lc0_2024.pgn,154,b,g3,,,,,,0,0,0
TCEC_Cup14_SF_vs_Lc0_2024.pgn,155,w,b7,29987,29991,0,sustained,→,0,0,1
TCEC_Cup14_SF_vs_Lc0_2024.pgn,156,b,Kg8,-29988,-29973,0.5,sustained,→,0,0,1
TCEC_Cup14_SF_vs_Lc0_2024.pgn,157,w,b8=R+,29989,29994,0,sustained,→,1,0,1
TCEC_Cup14_SF_vs_Lc0_2024.pgn,158,b,Rf8,-29990,-29975,0.5,sustained,→,0,0,1
TCEC_Cup14_SF_vs_Lc0_2024.pgn,159,w,Rxf8+,29991,30002,0.333,sustained,→,0,0,1
TCEC_Cup14_SF_vs_Lc0_2024.pgn,160,b,Kxf8,-29992,-29981,0.333,sustained,→,0,0,1
TCEC_Cup14_SF_vs_Lc0_2024.pgn,161,w,Kg6,29993,29997,0,sustained,→,0,0,1
TCEC_Cup14_SF_vs_Lc0_2024.pgn,162,b,Ke8,-29994,-29990,0,sustained,→,0,0,1
TCEC_Cup14_SF_vs_Lc0_2024.pgn,163,w,c6,29995,30010,0.5,sustained,→,0,0,1
TCEC_Cup14_SF_vs_Lc0_2024.pgn,164,b,Kd8,-29996,-29981,0.5,sustained,→,0,0,1
TCEC_Cup14_SF_vs_Lc0_2024.pgn,165,w,Ra7,29997,30001,0.5,unknown,→,0,0,0
TCEC_Cup14_SF_vs_Lc0_2024.pgn,166,b,g2,,,,,,0,0,0
TCEC_Cup14_SF_vs_Lc0_2024.pgn,167,w,Ra8#,29999,,,,,0,0,
TCEC_Cup14_SF_vs_Lc0_2024.pgn,1,w,e4,1,18,0.6,sustained,→,0,0,1
TCEC_Cup14_SF_vs_Lc0_2024.pgn,2,b,g6,,,,,,0,0,0
TCEC_Cup14_SF_vs_Lc0_2024.pgn,3,w,d4,21,35,0.5,sustained,→,-0.7,0,1
TCEC_Cup14_SF_vs_Lc0_2024.pgn,4,b,Bg7,-22,-6,0.6,sustained,→,-0.8,0,0
TCEC_Cup14_SF_vs_Lc0_2024.pgn,5,w,Nc3,,,,,,0,0,0
TCEC_Cup14_SF_vs_Lc0_2024.pgn,6,b,a6,,,,,,0,0,0
TCEC_Cup14_SF_vs_Lc0_2024.pgn,7,w,Nf3,31,39,0.2,sustained,→,-0.5,0,0
TCEC_Cup14_SF_vs_Lc0_2024.pgn,8,b,b5,,,,,,0,0,0
TCEC_Cup14_SF_vs_Lc0_2024.pgn,9,w,h4,95,111,0.6,sustained,→,0,0,1
TCEC_Cup14_SF_vs_Lc0_2024.pgn,10,b,h6,-95,-79,0.6,sustained,→,0,0,1
TCEC_Cup14_SF_vs_Lc0_2024.pgn,11,w,e5,,,,,,0,0,0
TCEC_Cup14_SF_vs_Lc0_2024.pgn,12,b,d6,-70,-53,0.6,sustained,→,0,0,1
TCEC_Cup14_SF_vs_Lc0_2024.pgn,13,w,Bf4,95,112,0.6,sustained,→,0.5,0,1
TCEC_Cup14_SF_vs_Lc0_2024.pgn,14,b,Bg4,-93,-77,0.6,sustained,→,-0.5,0,1
TCEC_Cup14_SF_vs_Lc0_2024.pgn,15,w,Qd3,93,110,0.6,sustained,→,1,0,1
TCEC_Cup14_SF_vs_Lc0_2024.pgn,16,b,Nc6,-91,-76,0.6,sustained,→,-1,0,1
TCEC_Cup14_SF_vs_Lc0_2024.pgn,17,w,Qe4,91,109,0.6,sustained,→,1,0,1
TCEC_Cup14_SF_vs_Lc0_2024.pgn,18,b,Qd7,-91,-76,0.6,sustained,→,-1,0,1
TCEC_Cup14_SF_vs_Lc0_2024.pgn,19,w,O-O-O,91,109,0.6,sustained,→,1,0,1
TCEC_Cup14_SF_vs_Lc0_2024.pgn,20,b,Bf5,-91,-76,0.6,sustained,→,-1.8,0,1
TCEC_Cup14_SF_vs_Lc0_2024.pgn,21,w,Qe3,,,,,,0,0,0
TCEC_Cup14_SF_vs_Lc0_2024.pgn,22,b,h5,-62,-58,0.4,mixed,→,1,0,1
TCEC_Cup14_SF_vs_Lc0_2024.pgn,23,w,Ng5,75,90,0.5,sustained,→,0,0,1
TCEC_Cup14_SF_vs_Lc0_2024.pgn,24,b,Nh6,-75,-59,0.5,sustained,→,1.3,0,1
TCEC_Cup14_SF_vs_Lc0_2024.pgn,25,w,f3,75,86,0.333,sustained,→,0,0,1
TCEC_Cup14_SF_vs_Lc0_2024.pgn,26,b,d5,-75,-62,0.333,sustained,→,2,0,1
TCEC_Cup14_SF_vs_Lc0_2024.pgn,27,w,Bd3,75,80,0,sustained,→,0,0,1
TCEC_Cup14_SF_vs_Lc0_2024.pgn,28,b,e6,-75,-66,0,sustained,→,4,0,1
TCEC_Cup14_SF_vs_Lc0_2024.pgn,29,w,Kb1,,,,,,0,0,0
TCEC_Cup14_SF_vs_Lc0_2024.pgn,30,b,O-O-O,-65,-64,0,sustained,→,-4,0,1
TCEC_Cup14_SF_vs_Lc0_2024.pgn,31,w,Ne2,65,80,0.5,sustained,→,0,0,1
TCEC_Cup14_SF_vs_Lc0_2024.pgn,32,b,Bxd3,-65,-50,0.5,sustained,→,0,0,1
TCEC_Cup14_SF_vs_Lc0_2024.pgn,33,w,Qxd3,,,,,,0,0,0
TCEC_Cup14_SF_vs_Lc0_2024.pgn,34,b,Kb7,,,,,,0,0,0
TCEC_Cup14_SF_vs_Lc0_2024.pgn,35,w,Nh3,87,102,0.5,sustained,→,0,0,1
TCEC_Cup14_SF_vs_Lc0_2024.pgn,36,b,Nb8,-87,-82,0.5,unknown,→,0,0,1
TCEC_Cup14_SF_vs_Lc0_2024.pgn,37,w,Nf2,,,,,,0,0,0
TCEC_Cup14_SF_vs_Lc0_2024.pgn,38,b,Rc8,-86,-75,0.333,sustained,→,-0.5,0,1
TCEC_Cup14_SF_vs_Lc0_2024.pgn,39,w,Qc3,86,92,0,sustained,→,2,0,1
TCEC_Cup14_SF_vs_Lc0_2024.pgn,40,b,Qc6,-88,-84,0,sustained,→,-1,0,1
TCEC_Cup14_SF_vs_Lc0_2024.pgn,41,w,Qd2,88,103,0.5,sustained,→,0,0,1
TCEC_Cup14_SF_vs_Lc0_2024.pgn,42,b,Qb6,-90,-75,0.5,sustained,→,0,0,1
TCEC_Cup14_SF_vs_Lc0_2024.pgn,43,w,Nd3,90,95,0.5,unknown,→,0,0,1
TCEC_Cup14_SF_vs_Lc0_2024.pgn,44,b,Nd7,,,,,,0,0,0
TCEC_Cup14_SF_vs_Lc0_2024.pgn,45,w,Bg5,99,104,0.5,unknown,→,0,0,1
TCEC_Cup14_SF_vs_Lc0_2024.pgn,46,b,Bf8,,,,,,0,0,0
TCEC_Cup14_SF_vs_Lc0_2024.pgn,47,w,Qf4,106,111,0,sustained,→,0,0,1
TCEC_Cup14_SF_vs_Lc0_2024.pgn,48,b,Rh7,-106,-91,0.5,sustained,→,0,0,1
TCEC_Cup14_SF_vs_Lc0_2024.pgn,49,w,g4,106,121,0.5,sustained,→,0,0,1
TCEC_Cup14_SF_vs_Lc0_2024.pgn,50,b,c5,-106,-101,0.5,unknown,→,0,0,1
TCEC_Cup14_SF_vs_Lc0_2024.pgn,51,w,Nxc5+,,,,,,0,0,0
TCEC_Cup14_SF_vs_Lc0_2024.pgn,52,b,Nxc5,-104,-90,0.5,sustained,→,0,0,1
TCEC_Cup14_SF_vs_Lc0_2024.pgn,53,w,dxc5,104,118,0.5,sustained,→,0,0,1
TCEC_Cup14_SF_vs_Lc0_2024.pgn,54,b,Rxc5,-104,-100,0.5,unknown,→,0,0,1
TCEC_Cup14_SF_vs_Lc0_2024.pgn,55,w,Rd3,,,,,,0,0,0
TCEC_Cup14_SF_vs_Lc0_2024.pgn,56,b,Rc4,-90,-76,0.5,sustained,→,0,0,1
TCEC_Cup14_SF_vs_Lc0_2024.pgn,57,w,Nd4,91,95,0.5,unknown,→,0,0,1
TCEC_Cup14_SF_vs_Lc0_2024.pgn,58,b,Ng8,,,,,,0,0,0
TCEC_Cup14_SF_vs_Lc0_2024.pgn,59,w,gxh5,114,125,0.333,sustained,→,0,0,1
TCEC_Cup14_SF_vs_Lc0_2024.pgn,60,b,gxh5,-114,-103,0.333,sustained,→,0,0,1
TCEC_Cup14_SF_vs_Lc0_2024.pgn,61,w,Qd2,114,118,0,sustained,→,0,0,1
TCEC_Cup14_SF_vs_Lc0_2024.pgn,62,b,Ne7,-114,-110,0,sustained,→,0,0,1
TCEC_Cup14_SF_vs_Lc0_2024.pgn,63,w,Be3,114,128,0.5,sustained,→,0,0,1
TCEC_Cup14_SF_vs_Lc0_2024.pgn,64,b,Ng6,-114,-100,0.5,sustained,→,0,0,1
TCEC_Cup14_SF_vs_Lc0_2024.pgn,65,w,Nb3,114,118,0.5,unknown,→,0,0,1
TCEC_Cup14_SF_vs_Lc0_2024.pgn,66,b,Qc7,,,,,,0,0,0
TCEC_Cup14_SF_vs_Lc0_2024.pgn,67,w,f4,125,140,0.5,sustained,→,0,0,1
TCEC_Cup14_SF_vs_Lc0_2024.pgn,68,b,Ka8,-125,-121,0.5,unknown,→,0,0,1
TCEC_Cup14_SF_vs_Lc0_2024.pgn,69,w,Nd4,,,,,,0,0,0
TCEC_Cup14_SF_vs_Lc0_2024.pgn,70,b,Rh8,,,,,,0,0,0
TCEC_Cup14_SF_vs_Lc0_2024.pgn,71,w,Rg1,112,116,0.5,unknown,→,0,0,1
TCEC_Cup14_SF_vs_Lc0_2024.pgn,72,b,Nxh4,,,,,,0,0,0
TCEC_Cup14_SF_vs_Lc0_2024.pgn,73,w,Qf2,135,151,0.6,sustained,→,0,0,1
TCEC_Cup14_SF_vs_Lc0_2024.pgn,74,b,Be7,-135,-119,0.6,sustained,→,0,0,1
TCEC_Cup14_SF_vs_Lc0_2024.pgn,75,w,Rg7,135,151,0.6,sustained,→,0,0,1
TCEC_Cup14_SF_vs_Lc0_2024.pgn,76,b,Rf8,-135,-119,0.6,sustained,→,0,0,1
TCEC_Cup14_SF_vs_Lc0_2024.pgn,77,w,b3,135,149,0.5,sustained,→,0,0,1
TCEC_Cup14_SF_vs_Lc0_2024.pgn,78,b,Rxd4,-135,-121,0.5,sustained,→,0,0,1
TCEC_Cup14_SF_vs_Lc0_2024.pgn,79,w,Bxd4,135,146,0.333,sustained,→,0,0,1
TCEC_Cup14_SF_vs_Lc0_2024.pgn,80,b,Nf5,-135,-124,0.333,sustained,→,0,0,1
TCEC_Cup14_SF_vs_Lc0_2024.pgn,81,w,Rh7,135,115,0,collapse,→,15,0,1
TCEC_Cup14_SF_vs_Lc0_2024.pgn,82,b,h4,-120,-116,0,building,→,-15,0,1
TCEC_Cup14_SF_vs_Lc0_2024.pgn,83,w,Rc3,120,104,0.5,collapse,→,0,0,1
TCEC_Cup14_SF_vs_Lc0_2024.pgn,84,b,Qb7,-120,-101,0.5,building,→,0,0,1
TCEC_Cup14_SF_vs_Lc0_2024.pgn,85,w,Bc5,120,124,0.5,unknown,→,0,0,1
TCEC_Cup14_SF_vs_Lc0_2024.pgn,86,b,Rc8,,,,,,0,0,0
TCEC_Cup14_SF_vs_Lc0_2024.pgn,87,w,a3,153,169,0.6,sustained,→,0,0,1
TCEC_Cup14_SF_vs_Lc0_2024.pgn,88,b,Bxc5,-153,-137,0.6,sustained,→,0,0,1
TCEC_Cup14_SF_vs_Lc0_2024.pgn,89,w,Rxc5,153,169,0.6,sustained,→,0.5,0,1
TCEC_Cup14_SF_vs_Lc0_2024.pgn,90,b,Rb8,-151,-136,0.6,sustained,→,-1,0,1
TCEC_Cup14_SF_vs_Lc0_2024.pgn,91,w,Qd2,151,168,0.6,sustained,→,1,0,1
TCEC_Cup14_SF_vs_Lc0_2024.pgn,92,b,Qe7,-151,-139,0.5,sustained,→,-1.3,0,1
TCEC_Cup14_SF_vs_Lc0_2024.pgn,93,w,Qc3,151,166,0.5,sustained,→,1.3,0,1
TCEC_Cup14_SF_vs_Lc0_2024.pgn,94,b,Kb7,-151,-144,0.333,sustained,→,-3,0,1
TCEC_Cup14_SF_vs_Lc0_2024.pgn,95,w,Rc6,149,164,0.333,sustained,→,4,0,1
TCEC_Cup14_SF_vs_Lc0_2024.pgn,96,b,d4,-149,-150,0,sustained,→,-6,0,1
TCEC_Cup14_SF_vs_Lc0_2024.pgn,97,w,Qf3,149,159,0,sustained,→,8,0,1
TCEC_Cup14_SF_vs_Lc0_2024.pgn,98,b,Ka7,-149,-135,0.5,sustained,→,0,0,1
TCEC_Cup14_SF_vs_Lc0_2024.pgn,99,w,Qh5,146,162,0.6,sustained,→,0,0,1
TCEC_Cup14_SF_vs_Lc0_2024.pgn,100,b,Rb7,-146,-132,0.5,sustained,→,0,0,1
TCEC_Cup14_SF_vs_Lc0_2024.pgn,101,w,Ka2,146,160,0.5,sustained,→,0,0,1
TCEC_Cup14_SF_vs_Lc0_2024.pgn,102,b,Qd7,-146,-135,0.333,sustained,→,0,0,1
TCEC_Cup14_SF_vs_Lc0_2024.pgn,103,w,Qf3,146,157,0.333,sustained,→,0,0,1
TCEC_Cup14_SF_vs_Lc0_2024.pgn,104,b,Rb8,-146,-122,0,building,↑,41.5,1,1
TCEC_Cup14_SF_vs_Lc0_2024.pgn,105,w,Rc5,170,175,0.5,unknown,→,0,0,1
TCEC_Cup14_SF_vs_Lc0_2024.pgn,106,b,Kb6,,,,,,0,0,0
TCEC_Cup14_SF_vs_Lc0_2024.pgn,107,w,b4,181,185,0.5,unknown,→,0,0,1
TCEC_Cup14_SF_vs_Lc0_2024.pgn,108,b,Rf8,,,,,,0,0,0
TCEC_Cup14_SF_vs_Lc0_2024.pgn,109,w,Qd3,227,243,0.6,sustained,→,0,0,1
TCEC_Cup14_SF_vs_Lc0_2024.pgn,110,b,Rg8,-227,-211,0.6,sustained,→,0,0,1
TCEC_Cup14_SF_vs_Lc0_2024.pgn,111,w,a4,188,175,0.4,collapse,↓,9.8,0,1
TCEC_Cup14_SF_vs_Lc0_2024.pgn,112,b,bxa4,-188,-172,0.6,sustained,→,0,0,1
TCEC_Cup14_SF_vs_Lc0_2024.pgn,113,w,Ra5,188,175,0.4,collapse,↓,9.8,0,1
TCEC_Cup14_SF_vs_Lc0_2024.pgn,114,b,Qc8,-188,-204,0.25,collapse,↓,28.3,0,1
TCEC_Cup14_SF_vs_Lc0_2024.pgn,115,w,Rxf7,273,282,0.25,building,↑,-15.3,0,1
TCEC_Cup14_SF_vs_Lc0_2024.pgn,116,b,Rg3,-273,-294,0,collapse,↓,42.5,0,1
TCEC_Cup14_SF_vs_Lc0_2024.pgn,117,w,Rc5,273,277,0,building,↑,-23,0,1
TCEC_Cup14_SF_vs_Lc0_2024.pgn,118,b,Rxd3,-273,-294,0,collapse,↓,26,0,1
TCEC_Cup14_SF_vs_Lc0_2024.pgn,119,w,Rxc8,214,193,0,collapse,→,13,0,1
TCEC_Cup14_SF_vs_Lc0_2024.pgn,120,b,Re3,,,,,,0,0,0
TCEC_Cup14_SF_vs_Lc0_2024.pgn,121,w,Re8,329,334,0.5,unknown,→,0,0,1
TCEC_Cup14_SF_vs_Lc0_2024.pgn,122,b,Kb5,,,,,,0,0,0
TCEC_Cup14_SF_vs_Lc0_2024.pgn,123,w,Rxe6,345,349,0.5,unknown,→,0,0,1
TCEC_Cup14_SF_vs_Lc0_2024.pgn,124,b,Ng3,,,,,,0,0,0
TCEC_Cup14_SF_vs_Lc0_2024.pgn,125,w,f5,483,487,0.5,unknown,→,0,0,1
TCEC_Cup14_SF_vs_Lc0_2024.pgn,126,b,Ne4,-483,-479,0,sustained,→,0,0,1
TCEC_Cup14_SF_vs_Lc0_2024.pgn,127,w,Rb7+,483,497,0.5,sustained,→,0,0,1
TCEC_Cup14_SF_vs_Lc0_2024.pgn,128,b,Kc4,-483,-469,0.5,sustained,→,0,0,1
TCEC_Cup14_SF_vs_Lc0_2024.pgn,129,w,Rc7+,483,487,0.5,unknown,→,0,0,1
TCEC_Cup14_SF_vs_Lc0_2024.pgn,130,b,Kd5,,,,,,0,0,0
TCEC_Cup14_SF_vs_Lc0_2024.pgn,131,w,Rd7+,526,540,0.5,sustained,→,0,0,1
TCEC_Cup14_SF_vs_Lc0_2024.pgn,132,b,Kc4,-526,-512,0.5,sustained,→,0,0,1
TCEC_Cup14_SF_vs_Lc0_2024.pgn,133,w,f6,526,530,0.5,unknown,→,0,0,1
TCEC_Cup14_SF_vs_Lc0_2024.pgn,134,b,Nc3+,,,,,,0,0,0
TCEC_Cup14_SF_vs_Lc0_2024.pgn,135,w,Ka3,635,639,0.5,unknown,→,0,0,1
TCEC_Cup14_SF_vs_Lc0_2024.pgn,136,b,Ne4+,,,,,,0,0,0
TCEC_Cup14_SF_vs_Lc0_2024.pgn,137,w,Kxa4,821,836,0.5,sustained,→,0,0,1
TCEC_Cup14_SF_vs_Lc0_2024.pgn,138,b,Kc3,-821,-807,0.5,sustained,→,0,0,1
TCEC_Cup14_SF_vs_Lc0_2024.pgn,139,w,f7,821,825,0.5,unknown,→,0,0,1
TCEC_Cup14_SF_vs_Lc0_2024.pgn,140,b,Kb2,,,,,,0,0,0
TCEC_Cup14_SF_vs_Lc0_2024.pgn,141,w,Ka5,856,860,0.5,unknown,→,0,0,1
TCEC_Cup14_SF_vs_Lc0_2024.pgn,142,b,Rf3,,,,,,0,0,0
TCEC_Cup14_SF_vs_Lc0_2024.pgn,143,w,Re8,861,865,0.5,unknown,→,0,0,1
TCEC_Cup14_SF_vs_Lc0_2024.pgn,144,b,Nc3,,,,,,0,0,0
TCEC_Cup14_SF_vs_Lc0_2024.pgn,145,w,f8=Q,985,989,0.5,unknown,→,0,0,1
TCEC_Cup14_SF_vs_Lc0_2024.pgn,146,b,Re3,,,,,,0,0,0
TCEC_Cup14_SF_vs_Lc0_2024.pgn,147,w,Rxd4,,,,,,0,0,0
TCEC_Cup14_SF_vs_Lc0_2024.pgn,148,b,Re1,,,,,,0,0,0
TCEC_Cup14_SF_vs_Lc0_2024.pgn,149,w,b5,1679,1692,0.5,sustained,→,0,0,1
TCEC_Cup14_SF_vs_Lc0_2024.pgn,150,b,Ra1+,-1679,-1666,0.5,sustained,→,0,0,1
TCEC_Cup14_SF_vs_Lc0_2024.pgn,151,w,Kb6,1679,1682,0.5,unknown,→,0,0,1
TCEC_Cup14_SF_vs_Lc0_2024.pgn,152,b,Rb1,,,,,,0,0,0
TCEC_Cup14_SF_vs_Lc0_2024.pgn,153,w,Rc8,,,,,,0,0,0
TCEC_Cup14_SF_vs_Lc0_2024.pgn,154,b,Na2,,,,,,0,0,0
TCEC_Cup14_SF_vs_Lc0_2024.pgn,155,w,Rd3,,,,,,0,0,0
TCEC_Cup14_SF_vs_Lc0_2024.pgn,156,b,Ka1,-29966,-29952,0.5,sustained,→,0,0,1
TCEC_Cup14_SF_vs_Lc0_2024.pgn,157,w,Qa3,29967,29970,0.5,unknown,→,0,0,1
TCEC_Cup14_SF_vs_Lc0_2024.pgn,158,b,h3,,,,,,0,0,0
TCEC_Cup14_SF_vs_Lc0_2024.pgn,159,w,Rb3,29989,29994,0,sustained,→,1,0,1
TCEC_Cup14_SF_vs_Lc0_2024.pgn,160,b,Rxb3,-29990,-29980,0.333,sustained,→,-0.5,0,1
TCEC_Cup14_SF_vs_Lc0_2024.pgn,161,w,cxb3,29991,29994,0,sustained,→,0,0,1
TCEC_Cup14_SF_vs_Lc0_2024.pgn,162,b,Kb1,-29992,-29982,0.333,sustained,→,0,0,1
TCEC_Cup14_SF_vs_Lc0_2024.pgn,163,w,b4,29993,29997,0,sustained,→,0,0,1
TCEC_Cup14_SF_vs_Lc0_2024.pgn,164,b,h2,,,,,,0,0,0
TCEC_Cup14_SF_vs_Lc0_2024.pgn,165,w,Qb3+,29995,30009,0.5,sustained,→,0,0,1
TCEC_Cup14_SF_vs_Lc0_2024.pgn,166,b,Ka1,-29996,-29982,0.5,sustained,→,0,0,1
TCEC_Cup14_SF_vs_Lc0_2024.pgn,167,w,Rc2,29997,30001,0.5,unknown,→,0,0,1
TCEC_Cup14_SF_vs_Lc0_2024.pgn,168,b,a5,,,,,,0,0,0
TCEC_Cup14_SF_vs_Lc0_2024.pgn,169,w,Qxa2#,,,,,,0,0,
TCEC_Cup14_SF_vs_Lc0_2024.pgn,1,w,d4,,,,,,0,0,0
TCEC_Cup14_SF_vs_Lc0_2024.pgn,2,b,Nf6,-1,17,0.6,sustained,→,1,0,1
TCEC_Cup14_SF_vs_Lc0_2024.pgn,3,w,c4,1,18,0.6,sustained,→,0.3,0,1
TCEC_Cup14_SF_vs_Lc0_2024.pgn,4,b,d6,,,,,,0,0,0
TCEC_Cup14_SF_vs_Lc0_2024.pgn,5,w,Nc3,12,29,0.6,sustained,→,0.8,0,1
TCEC_Cup14_SF_vs_Lc0_2024.pgn,6,b,e5,,,,,,0,0,0
TCEC_Cup14_SF_vs_Lc0_2024.pgn,7,w,Nf3,26,43,0.6,sustained,→,0,0,1
TCEC_Cup14_SF_vs_Lc0_2024.pgn,8,b,Nc6,,,,,,0,0,0
TCEC_Cup14_SF_vs_Lc0_2024.pgn,9,w,e3,,,,,,0,0,0
TCEC_Cup14_SF_vs_Lc0_2024.pgn,10,b,Bg4,,,,,,0,0,0
TCEC_Cup14_SF_vs_Lc0_2024.pgn,11,w,d5,93,109,0.6,sustained,→,0,0,1
TCEC_Cup14_SF_vs_Lc0_2024.pgn,12,b,Nb8,,,,,,0,0,0
TCEC_Cup14_SF_vs_Lc0_2024.pgn,13,w,h3,104,117,0.2,building,→,-0.8,0,1
TCEC_Cup14_SF_vs_Lc0_2024.pgn,14,b,Bd7,-101,-85,0.6,sustained,→,-0.5,0,1
TCEC_Cup14_SF_vs_Lc0_2024.pgn,15,w,e4,101,115,0.4,building,→,-3.5,0,1
TCEC_Cup14_SF_vs_Lc0_2024.pgn,16,b,a5,-101,-93,0.2,sustained,→,0,0,1
TCEC_Cup14_SF_vs_Lc0_2024.pgn,17,w,Be3,99,112,0.4,sustained,→,0,0,1
TCEC_Cup14_SF_vs_Lc0_2024.pgn,18,b,Na6,-100,-83,0.6,sustained,→,0,0,1
TCEC_Cup14_SF_vs_Lc0_2024.pgn,19,w,g4,100,117,0.6,sustained,→,0,0,1
TCEC_Cup14_SF_vs_Lc0_2024.pgn,20,b,g6,-100,-83,0.6,sustained,→,0,0,1
TCEC_Cup14_SF_vs_Lc0_2024.pgn,21,w,Qc2,98,114,0.6,sustained,→,-0.8,0,1
TCEC_Cup14_SF_vs_Lc0_2024.pgn,22,b,Bg7,,,,,,0,0,0
TCEC_Cup14_SF_vs_Lc0_2024.pgn,23,w,O-O-O,,,,,,0,0,0
TCEC_Cup14_SF_vs_Lc0_2024.pgn,24,b,b6,-102,-84,0.6,sustained,→,0.5,0,1
TCEC_Cup14_SF_vs_Lc0_2024.pgn,25,w,Rg1,,,,,,0,0,0
TCEC_Cup14_SF_vs_Lc0_2024.pgn,26,b,h5,-92,-84,0.333,sustained,→,-4,0,1
TCEC_Cup14_SF_vs_Lc0_2024.pgn,27,w,g5,89,81,0,mixed,→,-3.3,0,1
TCEC_Cup14_SF_vs_Lc0_2024.pgn,28,b,Ng8,-102,-102,0,mixed,→,4.3,0,1
TCEC_Cup14_SF_vs_Lc0_2024.pgn,29,w,a4,102,114,0.333,sustained,→,0,0,1
TCEC_Cup14_SF_vs_Lc0_2024.pgn,30,b,Nc5,-102,-91,0.333,sustained,→,-1,0,1
TCEC_Cup14_SF_vs_Lc0_2024.pgn,31,w,h4,102,119,0.6,sustained,→,0,0,1
TCEC_Cup14_SF_vs_Lc0_2024.pgn,32,b,Ne7,-104,-87,0.6,sustained,→,0,0,1
TCEC_Cup14_SF_vs_Lc0_2024.pgn,33,w,Be2,104,121,0.6,sustained,→,0,0,1
TCEC_Cup14_SF_vs_Lc0_2024.pgn,34,b,O-O,-104,-89,0.5,sustained,→,0,0,1
TCEC_Cup14_SF_vs_Lc0_2024.pgn,35,w,b3,104,116,0.333,sustained,→,0,0,1
TCEC_Cup14_SF_vs_Lc0_2024.pgn,36,b,c6,-104,-93,0.333,sustained,→,0,0,1
TCEC_Cup14_SF_vs_Lc0_2024.pgn,37,w,Kb2,104,115,0.333,sustained,→,0,0,1
TCEC_Cup14_SF_vs_Lc0_2024.pgn,38,b,Rc8,,,,,,0,0,0
TCEC_Cup14_SF_vs_Lc0_2024.pgn,39,w,Nd2,114,119,0,sustained,→,0,0,1
TCEC_Cup14_SF_vs_Lc0_2024.pgn,40,b,Kh7,,,,,,0,0,0
TCEC_Cup14_SF_vs_Lc0_2024.pgn,41,w,Rc1,114,128,0.5,sustained,→,0,0,1
TCEC_Cup14_SF_vs_Lc0_2024.pgn,42,b,Rc7,,,,,,0,0,0
TCEC_Cup14_SF_vs_Lc0_2024.pgn,43,w,Qd1,,,,,,0,0,0
TCEC_Cup14_SF_vs_Lc0_2024.pgn,44,b,Rb7,,,,,,0,0,0
TCEC_Cup14_SF_vs_Lc0_2024.pgn,45,w,Ka2,,,,,,0,0,0
TCEC_Cup14_SF_vs_Lc0_2024.pgn,46,b,Qe8,,,,,,0,0,0
TCEC_Cup14_SF_vs_Lc0_2024.pgn,47,w,Rg3,,,,,,0,0,0
TCEC_Cup14_SF_vs_Lc0_2024.pgn,48,b,Qc8,-111,-96,0.5,sustained,→,0,0,1
TCEC_Cup14_SF_vs_Lc0_2024.pgn,49,w,Rg1,,,,,,0,0,0
TCEC_Cup14_SF_vs_Lc0_2024.pgn,50,b,Rh8,,,,,,0,0,0
TCEC_Cup14_SF_vs_Lc0_2024.pgn,51,w,Ndb1,112,116,0.5,unknown,→,0,0,1
TCEC_Cup14_SF_vs_Lc0_2024.pgn,52,b,Rf8,,,,,,0,0,0
TCEC_Cup14_SF_vs_Lc0_2024.pgn,53,w,Na3,,,,,,0,0,0
TCEC_Cup14_SF_vs_Lc0_2024.pgn,54,b,Be8,-112,-97,0.5,sustained,→,0,0,1
TCEC_Cup14_SF_vs_Lc0_2024.pgn,55,w,Qf1,,,,,,0,0,0
TCEC_Cup14_SF_vs_Lc0_2024.pgn,56,b,Rc7,,,,,,0,0,0
TCEC_Cup14_SF_vs_Lc0_2024.pgn,57,w,Qg2,,,,,,0,0,0
TCEC_Cup14_SF_vs_Lc0_2024.pgn,58,b,Bd7,,,,,,0,0,0
TCEC_Cup14_SF_vs_Lc0_2024.pgn,59,w,Qg3,,,,,,0,0,0
TCEC_Cup14_SF_vs_Lc0_2024.pgn,60,b,Qa8,,,,,,0,0,0
TCEC_Cup14_SF_vs_Lc0_2024.pgn,61,w,f3,,,,,,0,0,0
TCEC_Cup14_SF_vs_Lc0_2024.pgn,62,b,Be8,,,,,,0,0,0
TCEC_Cup14_SF_vs_Lc0_2024.pgn,63,w,Kb2,,,,,,0,0,0
TCEC_Cup14_SF_vs_Lc0_2024.pgn,64,b,Qc8,,,,,,0,0,0
TCEC_Cup14_SF_vs_Lc0_2024.pgn,65,w,Rgd1,107,122,0.5,sustained,→,0,0,1
TCEC_Cup14_SF_vs_Lc0_2024.pgn,66,b,Qd8,-107,-103,0.5,unknown,→,0,0,1
TCEC_Cup14_SF_vs_Lc0_2024.pgn,67,w,dxc6,,,,,,0,0,0
TCEC_Cup14_SF_vs_Lc0_2024.pgn,68,b,Nxc6,-105,-88,0.6,sustained,→,0,0,1
TCEC_Cup14_SF_vs_Lc0_2024.pgn,69,w,Nab5,105,122,0.6,sustained,→,0,0,1
TCEC_Cup14_SF_vs_Lc0_2024.pgn,70,b,Rd7,-105,-88,0.6,sustained,→,0,0,1
TCEC_Cup14_SF_vs_Lc0_2024.pgn,71,w,Nd5,105,120,0.5,sustained,→,0,0,1
TCEC_Cup14_SF_vs_Lc0_2024.pgn,72,b,Nb4,-105,-91,0.5,sustained,→,0,0,1
TCEC_Cup14_SF_vs_Lc0_2024.pgn,73,w,Qe1,105,116,0.333,sustained,→,0,0,1
TCEC_Cup14_SF_vs_Lc0_2024.pgn,74,b,Nxd5,-105,-97,0,sustained,→,3,0,1
TCEC_Cup14_SF_vs_Lc0_2024.pgn,75,w,Rxd5,111,111,0,sustained,→,-6,0,1
TCEC_Cup14_SF_vs_Lc0_2024.pgn,76,b,f5,-111,-101,0,sustained,→,6,0,1
TCEC_Cup14_SF_vs_Lc0_2024.pgn,77,w,Rcd1,111,126,0.5,sustained,→,0,0,1
TCEC_Cup14_SF_vs_Lc0_2024.pgn,78,b,fxe4,-111,-96,0.5,sustained,→,0,0,1
TCEC_Cup14_SF_vs_Lc0_2024.pgn,79,w,fxe4,111,116,0.5,unknown,→,0,0,1
TCEC_Cup14_SF_vs_Lc0_2024.pgn,80,b,Nxe4,,,,,,0,0,0
TCEC_Cup14_SF_vs_Lc0_2024.pgn,81,w,Bd3,161,178,0.6,sustained,→,0,0,1
TCEC_Cup14_SF_vs_Lc0_2024.pgn,82,b,Nc5,-161,-145,0.6,sustained,→,0,0,1
TCEC_Cup14_SF_vs_Lc0_2024.pgn,83,w,Bxc5,161,177,0.6,sustained,→,0,0,1
TCEC_Cup14_SF_vs_Lc0_2024.pgn,84,b,Bf7,-161,-145,0.6,sustained,→,0,0,1
TCEC_Cup14_SF_vs_Lc0_2024.pgn,85,w,Rxd6,161,147,0.4,collapse,→,3.3,0,1
TCEC_Cup14_SF_vs_Lc0_2024.pgn,86,b,e4+,-148,-134,0.4,building,→,-3.3,0,1
TCEC_Cup14_SF_vs_Lc0_2024.pgn,87,w,Ka2,148,131,0.25,collapse,→,4.3,0,1
TCEC_Cup14_SF_vs_Lc0_2024.pgn,88,b,bxc5,-148,-139,0.25,building,↑,-7,0,1
TCEC_Cup14_SF_vs_Lc0_2024.pgn,89,w,Bxe4,140,119,0,collapse,↓,10.5,0,1
TCEC_Cup14_SF_vs_Lc0_2024.pgn,90,b,Rxd6,-140,-136,0,building,↑,-10.5,0,1
TCEC_Cup14_SF_vs_Lc0_2024.pgn,91,w,Nxd6,140,119,0,collapse,↓,21,0,1
TCEC_Cup14_SF_vs_Lc0_2024.pgn,92,b,Qb6,-140,-136,0,building,↑,-21,0,1
TCEC_Cup14_SF_vs_Lc0_2024.pgn,93,w,Qe2,140,124,0.5,collapse,↓,0,0,1
TCEC_Cup14_SF_vs_Lc0_2024.pgn,94,b,Kh8,-140,-121,0.5,building,↑,0,0,1
TCEC_Cup14_SF_vs_Lc0_2024.pgn,95,w,Bc2,140,154,0.5,sustained,→,0,0,1
TCEC_Cup14_SF_vs_Lc0_2024.pgn,96,b,Qc7,,,,,,0,0,0
TCEC_Cup14_SF_vs_Lc0_2024.pgn,97,w,Qd2,164,175,0.333,sustained,→,0,0,0
TCEC_Cup14_SF_vs_Lc0_2024.pgn,98,b,Kh7,-164,-159,0,sustained,→,1,0,1
TCEC_Cup14_SF_vs_Lc0_2024.pgn,99,w,Qe1,163,147,0,spike,→,-11.5,0,1
TCEC_Cup14_SF_vs_Lc0_2024.pgn,100,b,Kh8,,,,,,0,0,0
TCEC_Cup14_SF_vs_Lc0_2024.pgn,101,w,Kb1,186,190,0,sustained,→,0,0,1
TCEC_Cup14_SF_vs_Lc0_2024.pgn,102,b,Kh7,-186,-182,0,sustained,→,0,0,1
TCEC_Cup14_SF_vs_Lc0_2024.pgn,103,w,Nxf7,186,200,0.5,sustained,→,0,0,1
TCEC_Cup14_SF_vs_Lc0_2024.pgn,104,b,Qxf7,-186,-172,0.5,sustained,→,0,0,1
TCEC_Cup14_SF_vs_Lc0_2024.pgn,105,w,Rd6,186,190,0.5,unknown,→,0,0,1
TCEC_Cup14_SF_vs_Lc0_2024.pgn,106,b,Qf4,,,,,,0,0,0
TCEC_Cup14_SF_vs_Lc0_2024.pgn,107,w,Bxg6+,264,278,0.5,sustained,→,0,0,1
TCEC_Cup14_SF_vs_Lc0_2024.pgn,108,b,Kh8,-264,-250,0.5,sustained,→,0,0,1
TCEC_Cup14_SF_vs_Lc0_2024.pgn,109,w,Rd5,264,268,0.5,unknown,→,0,0,1
TCEC_Cup14_SF_vs_Lc0_2024.pgn,110,b,Qf3,,,,,,0,0,0
TCEC_Cup14_SF_vs_Lc0_2024.pgn,111,w,Qd1,272,276,0.5,unknown,→,0,0,1
TCEC_Cup14_SF_vs_Lc0_2024.pgn,112,b,Bd4,,,,,,0,0,0
TCEC_Cup14_SF_vs_Lc0_2024.pgn,113,w,Rxd4,329,345,0.6,sustained,→,0,0,1
TCEC_Cup14_SF_vs_Lc0_2024.pgn,114,b,cxd4,-329,-313,0.6,sustained,→,0,0,1
TCEC_Cup14_SF_vs_Lc0_2024.pgn,115,w,Qxd4+,329,338,0.25,building,↑,-5.7,0,1
TCEC_Cup14_SF_vs_Lc0_2024.pgn,116,b,Kg8,-346,-347,0,mixed,→,34,0,1
TCEC_Cup14_SF_vs_Lc0_2024.pgn,117,w,Bc2,346,365,0.5,building,↑,0,0,1
TCEC_Cup14_SF_vs_Lc0_2024.pgn,118,b,Qf4,-346,-332,0.5,sustained,→,0,0,1
TCEC_Cup14_SF_vs_Lc0_2024.pgn,119,w,Qd5+,346,350,0.5,unknown,→,0,0,1
TCEC_Cup14_SF_vs_Lc0_2024.pgn,120,b,Kg7,,,,,,0,0,0
TCEC_Cup14_SF_vs_Lc0_2024.pgn,121,w,Qxa5,363,382,0.5,building,↑,0,0,1
TCEC_Cup14_SF_vs_Lc0_2024.pgn,122,b,Qd4,-363,-350,0.5,sustained,→,0,0,1
TCEC_Cup14_SF_vs_Lc0_2024.pgn,123,w,Qe1,363,367,0.5,unknown,→,0,0,1
TCEC_Cup14_SF_vs_Lc0_2024.pgn,124,b,Rf3,,,,,,0,0,0
TCEC_Cup14_SF_vs_Lc0_2024.pgn,125,w,a5,393,397,0,sustained,→,0,0,1
TCEC_Cup14_SF_vs_Lc0_2024.pgn,126,b,Re3,-393,-389,0,sustained,→,0,0,1
TCEC_Cup14_SF_vs_Lc0_2024.pgn,127,w,Qd1,393,407,0.5,sustained,→,0,0,1
TCEC_Cup14_SF_vs_Lc0_2024.pgn,128,b,Qc3,-393,-379,0.5,sustained,→,0,0,1
TCEC_Cup14_SF_vs_Lc0_2024.pgn,129,w,Qd7+,393,397,0.5,unknown,→,0,0,1
TCEC_Cup14_SF_vs_Lc0_2024.pgn,130,b,Kg8,,,,,,0,0,0
TCEC_Cup14_SF_vs_Lc0_2024.pgn,131,w,Qd8+,507,521,0.5,sustained,→,0,0,1
TCEC_Cup14_SF_vs_Lc0_2024.pgn,132,b,Kf7,,,,,,0,0,0
TCEC_Cup14_SF_vs_Lc0_2024.pgn,133,w,Qf6+,,,,,,0,0,0
TCEC_Cup14_SF_vs_Lc0_2024.pgn,134,b,Qxf6,-485,-471,0.5,sustained,→,0,0,1
TCEC_Cup14_SF_vs_Lc0_2024.pgn,135,w,gxf6,485,499,0.5,sustained,→,0,0,1
TCEC_Cup14_SF_vs_Lc0_2024.pgn,136,b,Kxf6,-485,-471,0.5,sustained,→,0,0,1
TCEC_Cup14_SF_vs_Lc0_2024.pgn,137,w,b4,,,,,,0,0,0
TCEC_Cup14_SF_vs_Lc0_2024.pgn,138,b,Ke5,,,,,,0,0,0
TCEC_Cup14_SF_vs_Lc0_2024.pgn,139,w,Kb2,553,557,0.5,unknown,→,0,0,1
TCEC_Cup14_SF_vs_Lc0_2024.pgn,140,b,Kd4,,,,,,0,0,0
TCEC_Cup14_SF_vs_Lc0_2024.pgn,141,w,Bb3,574,578,0.5,unknown,→,0,0,1
TCEC_Cup14_SF_vs_Lc0_2024.pgn,142,b,Re1,,,,,,0,0,0
TCEC_Cup14_SF_vs_Lc0_2024.pgn,143,w,c5,,,,,,0,0,0
TCEC_Cup14_SF_vs_Lc0_2024.pgn,144,b,Rf1,,,,,,0,0,0
TCEC_Cup14_SF_vs_Lc0_2024.pgn,145,w,Ka3,716,720,0.5,unknown,→,0,0,1
TCEC_Cup14_SF_vs_Lc0_2024.pgn,146,b,Ra1+,,,,,,0,0,0
TCEC_Cup14_SF_vs_Lc0_2024.pgn,147,w,Ba2,782,796,0.5,sustained,→,0,0,1
TCEC_Cup14_SF_vs_Lc0_2024.pgn,148,b,Rf1,-782,-768,0.5,sustained,→,0,0,1
TCEC_Cup14_SF_vs_Lc0_2024.pgn,149,w,a6,782,786,0.5,unknown,→,0,0,1
TCEC_Cup14_SF_vs_Lc0_2024.pgn,150,b,Rf6,,,,,,0,0,0
TCEC_Cup14_SF_vs_Lc0_2024.pgn,151,w,c6,937,941,0.5,unknown,→,0,0,1
TCEC_Cup14_SF_vs_Lc0_2024.pgn,152,b,Rxc6,,,,,,0,0,0
TCEC_Cup14_SF_vs_Lc0_2024.pgn,153,w,b5,1173,1187,0.5,sustained,→,0,0,1
TCEC_Cup14_SF_vs_Lc0_2024.pgn,154,b,Rc8,-1173,-1159,0.5,sustained,→,0,0,1
TCEC_Cup14_SF_vs_Lc0_2024.pgn,155,w,Kb4,1173,1177,0.5,unknown,→,0,0,1
TCEC_Cup14_SF_vs_Lc0_2024.pgn,156,b,Ke5,,,,,,0,0,0
TCEC_Cup14_SF_vs_Lc0_2024.pgn,157,w,b6,,,,,,0,0,0
TCEC_Cup14_SF_vs_Lc0_2024.pgn,158,b,Kd6,-1199,-1196,0,sustained,→,0,0,1
TCEC_Cup14_SF_vs_Lc0_2024.pgn,159,w,a7,1199,1213,0.5,sustained,→,0,0,1
TCEC_Cup14_SF_vs_Lc0_2024.pgn,160,b,Kc6,-1199,-1185,0.5,sustained,→,0,0,1
TCEC_Cup14_SF_vs_Lc0_2024.pgn,161,w,Ka5,1199,1203,0.5,unknown,→,0,0,1
TCEC_Cup14_SF_vs_Lc0_2024.pgn,162,b,Rd8,,,,,,0,0,0
TCEC_Cup14_SF_vs_Lc0_2024.pgn,163,w,Bb1,29965,29978,0.5,sustained,→,0,0,1
TCEC_Cup14_SF_vs_Lc0_2024.pgn,164,b,Rd5+,-29966,-29953,0.5,sustained,→,0,0,1
TCEC_Cup14_SF_vs_Lc0_2024.pgn,165,w,Ka6,29967,29971,0.5,unknown,→,0,0,1
TCEC_Cup14_SF_vs_Lc0_2024.pgn,166,b,Rd8,,,,,,0,0,0
TCEC_Cup14_SF_vs_Lc0_2024.pgn,167,w,b7,29975,29988,0.5,sustained,→,0,0,1
TCEC_Cup14_SF_vs_Lc0_2024.pgn,168,b,Rd7,,,,,,0,0,0
TCEC_Cup14_SF_vs_Lc0_2024.pgn,169,w,b8=Q,,,,,,0,0,0
TCEC_Cup14_SF_vs_Lc0_2024.pgn,170,b,Rxa7+,-29972,-29933,0.5,sustained,→,0,0,1
TCEC_Cup14_SF_vs_Lc0_2024.pgn,171,w,Qxa7,24996,25034,0.5,sustained,→,0,0,1
TCEC_Cup14_SF_vs_Lc0_2024.pgn,1,w,c4,,,,,,0,0,0
TCEC_Cup14_SF_vs_Lc0_2024.pgn,2,b,Nf6,-1,16,0.6,sustained,→,1,0,1
TCEC_Cup14_SF_vs_Lc0_2024.pgn,3,w,Nc3,,,,,,0,0,0
TCEC_Cup14_SF_vs_Lc0_2024.pgn,4,b,e5,0,16,0.6,sustained,→,-0.3,0,1
TCEC_Cup14_SF_vs_Lc0_2024.pgn,5,w,e4,-1,,,,,0,0,0
TCEC_Cup14_SF_vs_Lc0_2024.pgn,6,b,c6,,,,,,0,0,0
TCEC_Cup14_SF_vs_Lc0_2024.pgn,7,w,Nf3,23,41,0.6,sustained,→,0.8,0,1
TCEC_Cup14_SF_vs_Lc0_2024.pgn,8,b,Qc7,,,,,,0,0,0
TCEC_Cup14_SF_vs_Lc0_2024.pgn,9,w,d4,101,118,0.6,sustained,→,0,0,1
TCEC_Cup14_SF_vs_Lc0_2024.pgn,10,b,d6,-101,-92,0.2,sustained,→,0.3,0,1
TCEC_Cup14_SF_vs_Lc0_2024.pgn,11,w,h3,101,118,0.6,sustained,→,0,0,1
TCEC_Cup14_SF_vs_Lc0_2024.pgn,12,b,a6,,,,,,0,0,0
TCEC_Cup14_SF_vs_Lc0_2024.pgn,13,w,Be2,101,118,0.6,sustained,→,0,0,1
TCEC_Cup14_SF_vs_Lc0_2024.pgn,14,b,Be7,,,,,,0,0,0
TCEC_Cup14_SF_vs_Lc0_2024.pgn,15,w,O-O,101,117,0.6,sustained,→,0,0,0
TCEC_Cup14_SF_vs_Lc0_2024.pgn,16,b,O-O,,,,,,0,0,0
TCEC_Cup14_SF_vs_Lc0_2024.pgn,17,w,Be3,101,115,0.6,sustained,→,-2,0,1
TCEC_Cup14_SF_vs_Lc0_2024.pgn,18,b,exd4,,,,,,0,0,0
TCEC_Cup14_SF_vs_Lc0_2024.pgn,19,w,Qxd4,107,123,0.6,sustained,→,0,0,1
TCEC_Cup14_SF_vs_Lc0_2024.pgn,20,b,b5,,,,,,0,0,0
TCEC_Cup14_SF_vs_Lc0_2024.pgn,21,w,Bf4,108,125,0.6,sustained,→,0,0,1
TCEC_Cup14_SF_vs_Lc0_2024.pgn,22,b,b4,-108,-92,0.6,sustained,→,0,0,1
TCEC_Cup14_SF_vs_Lc0_2024.pgn,23,w,c5,108,125,0.6,sustained,→,0,0,1
TCEC_Cup14_SF_vs_Lc0_2024.pgn,24,b,dxc5,-108,-91,0.6,sustained,→,0,0,1
TCEC_Cup14_SF_vs_Lc0_2024.pgn,25,w,Bxc7,108,124,0.6,sustained,→,0,0,1
TCEC_Cup14_SF_vs_Lc0_2024.pgn,26,b,cxd4,-108,-91,0.6,sustained,→,0,0,1
TCEC_Cup14_SF_vs_Lc0_2024.pgn,27,w,Na4,108,124,0.6,sustained,→,0,0,1
TCEC_Cup14_SF_vs_Lc0_2024.pgn,28,b,Bd7,-108,-92,0.6,sustained,→,0,0,1
TCEC_Cup14_SF_vs_Lc0_2024.pgn,29,w,Nxd4,108,124,0.6,sustained,→,0,0,1
TCEC_Cup14_SF_vs_Lc0_2024.pgn,30,b,c5,-108,-92,0.6,sustained,→,0,0,1
TCEC_Cup14_SF_vs_Lc0_2024.pgn,31,w,Nf5,108,124,0.6,sustained,→,0,0,1
TCEC_Cup14_SF_vs_Lc0_2024.pgn,32,b,Bxf5,-108,-92,0.6,sustained,→,0,0,1
TCEC_Cup14_SF_vs_Lc0_2024.pgn,33,w,exf5,108,125,0.6,sustained,→,0.8,0,1
TCEC_Cup14_SF_vs_Lc0_2024.pgn,34,b,Nc6,-105,-89,0.6,sustained,→,-0.8,0,1
TCEC_Cup14_SF_vs_Lc0_2024.pgn,35,w,Rfe1,105,122,0.6,sustained,→,1,0,1
TCEC_Cup14_SF_vs_Lc0_2024.pgn,36,b,Nd4,-104,-89,0.6,sustained,→,-1,0,1
TCEC_Cup14_SF_vs_Lc0_2024.pgn,37,w,Bd3,104,122,0.6,sustained,→,2,0,1
TCEC_Cup14_SF_vs_Lc0_2024.pgn,38,b,Rfe8,-104,-89,0.6,sustained,→,-2,0,1
TCEC_Cup14_SF_vs_Lc0_2024.pgn,39,w,Rac1,104,118,0.4,sustained,→,1.3,0,1
TCEC_Cup14_SF_vs_Lc0_2024.pgn,40,b,Nd7,-103,-88,0.5,sustained,→,1,0,1
TCEC_Cup14_SF_vs_Lc0_2024.pgn,41,w,Bf4,105,120,0.5,sustained,→,0.7,0,1
TCEC_Cup14_SF_vs_Lc0_2024.pgn,42,b,g6,-106,-96,0.333,sustained,→,-1,0,1
TCEC_Cup14_SF_vs_Lc0_2024.pgn,43,w,fxg6,106,118,0.333,sustained,→,1,0,1
TCEC_Cup14_SF_vs_Lc0_2024.pgn,44,b,hxg6,-106,-106,0,sustained,→,-4,0,1
TCEC_Cup14_SF_vs_Lc0_2024.pgn,45,w,Kf1,,,,,,0,0,0
TCEC_Cup14_SF_vs_Lc0_2024.pgn,46,b,a5,,,,,,0,0,0
TCEC_Cup14_SF_vs_Lc0_2024.pgn,47,w,Bc4,,,,,,0,0,0
TCEC_Cup14_SF_vs_Lc0_2024.pgn,48,b,Bf6,,,,,,0,0,0
TCEC_Cup14_SF_vs_Lc0_2024.pgn,49,w,Re3,96,101,0.5,unknown,→,0,0,1
TCEC_Cup14_SF_vs_Lc0_2024.pgn,50,b,Rac8,,,,,,0,0,0
TCEC_Cup14_SF_vs_Lc0_2024.pgn,51,w,Ba6,107,118,0.333,sustained,→,0,0,1
TCEC_Cup14_SF_vs_Lc0_2024.pgn,52,b,Rcd8,-107,-96,0.333,sustained,→,0,0,1
TCEC_Cup14_SF_vs_Lc0_2024.pgn,53,w,Bc7,107,112,0,sustained,→,0,0,1
TCEC_Cup14_SF_vs_Lc0_2024.pgn,54,b,Ra8,-107,-102,0,sustained,→,0,0,1
TCEC_Cup14_SF_vs_Lc0_2024.pgn,55,w,Bb7,107,122,0.5,sustained,→,0,0,1
TCEC_Cup14_SF_vs_Lc0_2024.pgn,56,b,Rxe3,-107,-93,0.5,sustained,→,0,0,1
TCEC_Cup14_SF_vs_Lc0_2024.pgn,57,w,Bxa8,107,111,0.5,unknown,→,0,0,1
TCEC_Cup14_SF_vs_Lc0_2024.pgn,58,b,Re8,,,,,,0,0,0
TCEC_Cup14_SF_vs_Lc0_2024.pgn,59,w,Bd5,111,122,0.333,sustained,→,0,0,1
TCEC_Cup14_SF_vs_Lc0_2024.pgn,60,b,Ne6,-111,-100,0.333,sustained,→,0,0,1
TCEC_Cup14_SF_vs_Lc0_2024.pgn,61,w,Bxa5,111,115,0,sustained,→,0,0,1
TCEC_Cup14_SF_vs_Lc0_2024.pgn,62,b,Bd4,-111,-107,0,sustained,→,0,0,1
TCEC_Cup14_SF_vs_Lc0_2024.pgn,63,w,g3,111,125,0.5,sustained,→,0,0,1
TCEC_Cup14_SF_vs_Lc0_2024.pgn,64,b,Rb8,-111,-97,0.5,sustained,→,0,0,1
TCEC_Cup14_SF_vs_Lc0_2024.pgn,65,w,a3,111,115,0.5,unknown,→,0,0,1
TCEC_Cup14_SF_vs_Lc0_2024.pgn,66,b,bxa3,,,,,,0,0,0
TCEC_Cup14_SF_vs_Lc0_2024.pgn,67,w,bxa3,116,130,0.5,sustained,→,0,0,1
TCEC_Cup14_SF_vs_Lc0_2024.pgn,68,b,Kf8,,,,,,0,0,0
TCEC_Cup14_SF_vs_Lc0_2024.pgn,69,w,Bc3,122,127,0.5,unknown,→,0,0,1
TCEC_Cup14_SF_vs_Lc0_2024.pgn,70,b,Ke7,,,,,,0,0,0
TCEC_Cup14_SF_vs_Lc0_2024.pgn,71,w,Rd1,124,140,0.6,sustained,→,0,0,1
TCEC_Cup14_SF_vs_Lc0_2024.pgn,72,b,Ndf8,-124,-108,0.6,sustained,→,0,0,1
TCEC_Cup14_SF_vs_Lc0_2024.pgn,73,w,Bd2,124,138,0.5,sustained,→,0,0,1
TCEC_Cup14_SF_vs_Lc0_2024.pgn,74,b,Nd7,-124,-110,0.5,sustained,→,0,0,1
TCEC_Cup14_SF_vs_Lc0_2024.pgn,75,w,Nc3,124,135,0.333,sustained,→,0,0,1
TCEC_Cup14_SF_vs_Lc0_2024.pgn,76,b,Nc7,-124,-114,0.333,sustained,→,0,0,1
TCEC_Cup14_SF_vs_Lc0_2024.pgn,77,w,Bg2,124,123,0,sustained,→,-6,0,1
TCEC_Cup14_SF_vs_Lc0_2024.pgn,78,b,Rb3,-130,-124,0,sustained,→,2,0,1
TCEC_Cup14_SF_vs_Lc0_2024.pgn,79,w,Ne2,130,131,0,sustained,→,-3,0,1
TCEC_Cup14_SF_vs_Lc0_2024.pgn,80,b,Be5,-130,-120,0.333,sustained,→,0,0,1
TCEC_Cup14_SF_vs_Lc0_2024.pgn,81,w,Bg5+,130,134,0,sustained,→,0,0,1
TCEC_Cup14_SF_vs_Lc0_2024.pgn,82,b,Nf6,-130,-126,0,sustained,→,0,0,1
TCEC_Cup14_SF_vs_Lc0_2024.pgn,83,w,a4,130,144,0.5,sustained,→,0,0,1
TCEC_Cup14_SF_vs_Lc0_2024.pgn,84,b,Ne6,-130,-116,0.5,sustained,→,0,0,1
TCEC_Cup14_SF_vs_Lc0_2024.pgn,85,w,Bc1,130,134,0.5,unknown,→,0,0,1
TCEC_Cup14_SF_vs_Lc0_2024.pgn,86,b,Ne8,,,,,,0,0,0
TCEC_Cup14_SF_vs_Lc0_2024.pgn,87,w,Be4,,,,,,0,0,0
TCEC_Cup14_SF_vs_Lc0_2024.pgn,88,b,Nd6,-141,-127,0.5,sustained,→,0,0,1
TCEC_Cup14_SF_vs_Lc0_2024.pgn,89,w,Bc2,141,155,0.5,sustained,→,0,0,1
TCEC_Cup14_SF_vs_Lc0_2024.pgn,90,b,Rb8,-141,-130,0.333,sustained,→,0,0,1
TCEC_Cup14_SF_vs_Lc0_2024.pgn,91,w,h4,141,152,0.333,sustained,→,0,0,1
TCEC_Cup14_SF_vs_Lc0_2024.pgn,92,b,Nc4,-141,-137,0,sustained,→,0,0,1
TCEC_Cup14_SF_vs_Lc0_2024.pgn,93,w,Rd3,141,145,0,sustained,→,0,0,1
TCEC_Cup14_SF_vs_Lc0_2024.pgn,94,b,Na5,,,,,,0,0,0
TCEC_Cup14_SF_vs_Lc0_2024.pgn,95,w,Kg2,,,,,,0,0,0
TCEC_Cup14_SF_vs_Lc0_2024.pgn,96,b,Bb2,-146,-142,0,sustained,→,0,0,1
TCEC_Cup14_SF_vs_Lc0_2024.pgn,97,w,Be3,146,160,0.5,sustained,→,0,0,1
TCEC_Cup14_SF_vs_Lc0_2024.pgn,98,b,c4,-146,-132,0.5,sustained,→,0,0,1
TCEC_Cup14_SF_vs_Lc0_2024.pgn,99,w,Rd1,146,150,0.5,unknown,→,0,0,1
TCEC_Cup14_SF_vs_Lc0_2024.pgn,100,b,Nc6,,,,,,0,0,0
TCEC_Cup14_SF_vs_Lc0_2024.pgn,101,w,Be4,207,218,0.333,sustained,→,0,0,1
TCEC_Cup14_SF_vs_Lc0_2024.pgn,102,b,Nb4,-207,-196,0.333,sustained,→,0,0,1
TCEC_Cup14_SF_vs_Lc0_2024.pgn,103,w,Nf4,207,211,0,sustained,→,0,0,1
TCEC_Cup14_SF_vs_Lc0_2024.pgn,104,b,c3,-207,-203,0,sustained,→,0,0,1
TCEC_Cup14_SF_vs_Lc0_2024.pgn,105,w,Nd5+,207,221,0.5,sustained,→,0,0,1
TCEC_Cup14_SF_vs_Lc0_2024.pgn,106,b,Nxd5,-207,-193,0.5,sustained,→,0,0,1
TCEC_Cup14_SF_vs_Lc0_2024.pgn,107,w,Rxd5,207,211,0.5,unknown,→,0,0,1
TCEC_Cup14_SF_vs_Lc0_2024.pgn,108,b,Rc8,,,,,,0,0,0
TCEC_Cup14_SF_vs_Lc0_2024.pgn,109,w,Rb5,217,231,0.5,sustained,→,0,0,1
TCEC_Cup14_SF_vs_Lc0_2024.pgn,110,b,Ba3,-217,-203,0.5,sustained,→,0,0,1
TCEC_Cup14_SF_vs_Lc0_2024.pgn,111,w,Rb3,217,228,0.333,sustained,→,0,0,1
TCEC_Cup14_SF_vs_Lc0_2024.pgn,112,b,Bd6,-217,-206,0.333,sustained,→,0,0,1
TCEC_Cup14_SF_vs_Lc0_2024.pgn,113,w,Bc2,217,217,0,sustained,→,-4,0,1
TCEC_Cup14_SF_vs_Lc0_2024.pgn,114,b,Be5,-221,-208,0.333,sustained,→,2,0,1
TCEC_Cup14_SF_vs_Lc0_2024.pgn,115,w,Rb4,221,235,0,building,↑,10,0,1
TCEC_Cup14_SF_vs_Lc0_2024.pgn,116,b,Bd6,-221,-242,0,volatile,→,-36,0,1
TCEC_Cup14_SF_vs_Lc0_2024.pgn,117,w,Rg4,,,,,,0,0,0
TCEC_Cup14_SF_vs_Lc0_2024.pgn,118,b,Rc6,-203,-189,0.5,sustained,→,0,0,1
TCEC_Cup14_SF_vs_Lc0_2024.pgn,119,w,Kf1,203,216,0.5,sustained,→,0,0,1
TCEC_Cup14_SF_vs_Lc0_2024.pgn,120,b,Bc7,,,,,,0,0,0
TCEC_Cup14_SF_vs_Lc0_2024.pgn,121,w,Rb4,267,271,0.5,unknown,→,0,0,1
TCEC_Cup14_SF_vs_Lc0_2024.pgn,122,b,Ba5,,,,,,0,0,0
TCEC_Cup14_SF_vs_Lc0_2024.pgn,123,w,Rb5,279,293,0.5,sustained,→,0,0,1
TCEC_Cup14_SF_vs_Lc0_2024.pgn,124,b,Bc7,-279,-265,0.5,sustained,→,0,0,1
TCEC_Cup14_SF_vs_Lc0_2024.pgn,125,w,Ke2,279,283,0.5,unknown,→,0,0,1
TCEC_Cup14_SF_vs_Lc0_2024.pgn,126,b,Rd6,,,,,,0,0,0
TCEC_Cup14_SF_vs_Lc0_2024.pgn,127,w,Rb4,,,,,,0,0,0
TCEC_Cup14_SF_vs_Lc0_2024.pgn,128,b,Ba5,,,,,,0,0,0
TCEC_Cup14_SF_vs_Lc0_2024.pgn,129,w,Rc4,295,309,0.5,sustained,→,0,0,1
TCEC_Cup14_SF_vs_Lc0_2024.pgn,130,b,Rd8,-295,-280,0.5,sustained,→,0,0,1
TCEC_Cup14_SF_vs_Lc0_2024.pgn,131,w,f4,295,299,0.5,unknown,→,0,0,1
TCEC_Cup14_SF_vs_Lc0_2024.pgn,132,b,f5,,,,,,0,0,0
TCEC_Cup14_SF_vs_Lc0_2024.pgn,133,w,g4,370,374,0.5,unknown,→,0,0,1
TCEC_Cup14_SF_vs_Lc0_2024.pgn,134,b,fxg4,,,,,,0,0,0
TCEC_Cup14_SF_vs_Lc0_2024.pgn,135,w,Bxg6,386,390,0.5,unknown,→,0,0,1
TCEC_Cup14_SF_vs_Lc0_2024.pgn,136,b,Rh8,,,,,,0,0,0
TCEC_Cup14_SF_vs_Lc0_2024.pgn,137,w,f5,436,440,0.5,unknown,→,0,0,1
TCEC_Cup14_SF_vs_Lc0_2024.pgn,138,b,Rxh4,,,,,,0,0,0
TCEC_Cup14_SF_vs_Lc0_2024.pgn,139,w,Re4,486,500,0.5,sustained,→,0,0,1
TCEC_Cup14_SF_vs_Lc0_2024.pgn,140,b,Rh2+,-486,-472,0.5,sustained,→,0,0,1
TCEC_Cup14_SF_vs_Lc0_2024.pgn,141,w,Kd3,486,490,0.5,unknown,→,0,0,1
TCEC_Cup14_SF_vs_Lc0_2024.pgn,142,b,Rh3,,,,,,0,0,0
TCEC_Cup14_SF_vs_Lc0_2024.pgn,143,w,Rxe6+,589,592,0,sustained,→,0,0,1
TCEC_Cup14_SF_vs_Lc0_2024.pgn,144,b,Kd7,-589,-576,0.5,sustained,→,0,0,1
TCEC_Cup14_SF_vs_Lc0_2024.pgn,145,w,Be8+,589,603,0.5,sustained,→,0,0,1
TCEC_Cup14_SF_vs_Lc0_2024.pgn,146,b,Kc8,,,,,,0,0,0
TCEC_Cup14_SF_vs_Lc0_2024.pgn,147,w,f6,594,597,0.5,unknown,→,0,0,1
TCEC_Cup14_SF_vs_Lc0_2024.pgn,148,b,Rh1,,,,,,0,0,0
TCEC_Cup14_SF_vs_Lc0_2024.pgn,149,w,f7,1069,1072,0.5,unknown,→,0,0,1
TCEC_Cup14_SF_vs_Lc0_2024.pgn,150,b,Rf1,,,,,,0,0,0
TCEC_Cup14_SF_vs_Lc0_2024.pgn,151,w,Re4,,,,,,0,0,0
TCEC_Cup14_SF_vs_Lc0_2024.pgn,152,b,Kb7,,,,,,0,0,0
TCEC_Cup14_SF_vs_Lc0_2024.pgn,153,w,Bf4,29945,29958,0.5,sustained,→,0,0,1
TCEC_Cup14_SF_vs_Lc0_2024.pgn,154,b,Rf3+,-29946,-29942,0.5,unknown,→,0,0,1
TCEC_Cup14_SF_vs_Lc0_2024.pgn,155,w,Ke2,,,,,,0,0,0
TCEC_Cup14_SF_vs_Lc0_2024.pgn,156,b,c2,,,,,,0,0,0
TCEC_Cup14_SF_vs_Lc0_2024.pgn,157,w,Re7+,29975,29979,0.5,unknown,→,0,0,1
TCEC_Cup14_SF_vs_Lc0_2024.pgn,158,b,Bc7,,,,,,0,0,0
TCEC_Cup14_SF_vs_Lc0_2024.pgn,159,w,Rxc7+,29985,29989,0.5,unknown,→,0,0,1
TCEC_Cup14_SF_vs_Lc0_2024.pgn,160,b,Ka6,,,,,,0,0,0
TCEC_Cup14_SF_vs_Lc0_2024.pgn,161,w,f8=Q,29987,30001,0.5,sustained,→,0.3,0,1
TCEC_Cup14_SF_vs_Lc0_2024.pgn,162,b,c1=N+,-29988,-29993,0.333,mixed,↓,-2498,0,1
TCEC_Cup14_SF_vs_Lc0_2024.pgn,163,w,Rxc1,29989,30002,0,building,↑,4995,0,1
TCEC_Cup14_SF_vs_Lc0_2024.pgn,164,b,Rf2+,-29990,-30021,0,collapse,↓,-4996,0,1
TCEC_Cup14_SF_vs_Lc0_2024.pgn,165,w,Kxf2,29991,30010,0.5,building,↑,0,0,1
TCEC_Cup14_SF_vs_Lc0_2024.pgn,166,b,g3+,-29992,-30008,0.5,collapse,↓,0,0,1
TCEC_Cup14_SF_vs_Lc0_2024.pgn,167,w,Kxg3,29993,30032,0.5,sustained,→,0,0,1
TCEC_Cup14_SF_vs_Lc0_2024.pgn,168,b,Kb7,-24999,-24960,0.5,sustained,→,0,0,1
TCEC_Cup14_SF_vs_Lc0_2024.pgn,169,w,Bb5,24998,,,,,0,0,0
TCEC_Cup14_SF_vs_Lc0_2024.pgn,170,b,Kb6,-24999,-24960,0.5,sustained,→,0,0,1
TCEC_Cup14_SF_vs_Lc0_2024.pgn,171,w,Qd8+,24998,,,,,0,0,0
TCEC_Cup14_SF_vs_Lc0_2024.pgn,172,b,Kb7,-24999,-24970,0.5,unknown,→,0,0,1
TCEC_Cup14_SF_vs_Lc0_2024.pgn,173,w,Qb8#,24999,,,,,0,0,0
TCEC_Cup14_SF_vs_Lc0_2024.pgn,1,w,d4,,,,,,0,0,0
TCEC_Cup14_SF_vs_Lc0_2024.pgn,2,b,g6,,,,,,0,0,0
TCEC_Cup14_SF_vs_Lc0_2024.pgn,3,w,c4,,,,,,0,0,0
TCEC_Cup14_SF_vs_Lc0_2024.pgn,4,b,Bg7,,,,,,0,0,0
TCEC_Cup14_SF_vs_Lc0_2024.pgn,5,w,Nc3,12,28,0.6,sustained,→,0,0,0
TCEC_Cup14_SF_vs_Lc0_2024.pgn,6,b,d6,-12,3,0.6,sustained,→,-0.5,0,0
TCEC_Cup14_SF_vs_Lc0_2024.pgn,7,w,e4,12,28,0.6,sustained,→,0.3,0,0
TCEC_Cup14_SF_vs_Lc0_2024.pgn,8,b,e5,,,,,,0,0,0
TCEC_Cup14_SF_vs_Lc0_2024.pgn,9,w,Nf3,,,,,,0,0,0
TCEC_Cup14_SF_vs_Lc0_2024.pgn,10,b,Bg4,,,,,,0,0,0
TCEC_Cup14_SF_vs_Lc0_2024.pgn,11,w,d5,30,47,0.6,sustained,→,0,0,1
TCEC_Cup14_SF_vs_Lc0_2024.pgn,12,b,a5,,,,,,0,0,0
TCEC_Cup14_SF_vs_Lc0_2024.pgn,13,w,c5,116,133,0.6,sustained,→,0,0,1
TCEC_Cup14_SF_vs_Lc0_2024.pgn,14,b,Nd7,-116,-100,0.6,sustained,→,0,0,1
TCEC_Cup14_SF_vs_Lc0_2024.pgn,15,w,Bb5,116,132,0.6,sustained,→,0,0,1
TCEC_Cup14_SF_vs_Lc0_2024.pgn,16,b,dxc5,-116,-100,0.6,sustained,→,0,0,1
TCEC_Cup14_SF_vs_Lc0_2024.pgn,17,w,h3,116,132,0.6,sustained,→,0,0,1
TCEC_Cup14_SF_vs_Lc0_2024.pgn,18,b,Bxf3,-116,-100,0.6,sustained,→,0,0,1
TCEC_Cup14_SF_vs_Lc0_2024.pgn,19,w,Qxf3,116,131,0.6,sustained,→,-1,0,1
TCEC_Cup14_SF_vs_Lc0_2024.pgn,20,b,Nf6,-120,-104,0.6,sustained,→,0,0,1
TCEC_Cup14_SF_vs_Lc0_2024.pgn,21,w,Be3,,,,,,0,0,0
TCEC_Cup14_SF_vs_Lc0_2024.pgn,22,b,O-O,-101,-90,0.333,sustained,→,0,0,1
TCEC_Cup14_SF_vs_Lc0_2024.pgn,23,w,O-O-O,101,106,0,sustained,→,0,0,1
TCEC_Cup14_SF_vs_Lc0_2024.pgn,24,b,Rb8,,,,,,0,0,0
TCEC_Cup14_SF_vs_Lc0_2024.pgn,25,w,Kb1,,,,,,0,0,0
TCEC_Cup14_SF_vs_Lc0_2024.pgn,26,b,Qe7,-120,-105,0.5,sustained,→,0,0,1
TCEC_Cup14_SF_vs_Lc0_2024.pgn,27,w,h4,120,135,0.5,sustained,→,0,0,1
TCEC_Cup14_SF_vs_Lc0_2024.pgn,28,b,Rfd8,-120,-115,0.5,unknown,→,0,0,1
TCEC_Cup14_SF_vs_Lc0_2024.pgn,29,w,g4,,,,,,0,0,0
TCEC_Cup14_SF_vs_Lc0_2024.pgn,30,b,c6,-112,-95,0.6,sustained,→,0,0,1
TCEC_Cup14_SF_vs_Lc0_2024.pgn,31,w,dxc6,112,129,0.6,sustained,→,0,0,1
TCEC_Cup14_SF_vs_Lc0_2024.pgn,32,b,bxc6,-112,-96,0.6,sustained,→,0,0,1
TCEC_Cup14_SF_vs_Lc0_2024.pgn,33,w,Bxc6,112,126,0.5,sustained,→,0,0,1
TCEC_Cup14_SF_vs_Lc0_2024.pgn,34,b,Nb6,-112,-97,0.5,sustained,→,0,0,1
TCEC_Cup14_SF_vs_Lc0_2024.pgn,35,w,Rxd8+,112,123,0.333,sustained,→,0,0,1
TCEC_Cup14_SF_vs_Lc0_2024.pgn,36,b,Qxd8,-112,-101,0.333,sustained,→,0,0,1
TCEC_Cup14_SF_vs_Lc0_2024.pgn,37,w,Bb5,112,116,0,sustained,→,0,0,1
TCEC_Cup14_SF_vs_Lc0_2024.pgn,38,b,Qc8,-112,-108,0,sustained,→,0,0,1
TCEC_Cup14_SF_vs_Lc0_2024.pgn,39,w,g5,112,126,0.5,sustained,→,0,0,1
TCEC_Cup14_SF_vs_Lc0_2024.pgn,40,b,Nh5,-112,-98,0.5,sustained,→,0,0,1
TCEC_Cup14_SF_vs_Lc0_2024.pgn,41,w,a4,,,,,,0,0,0
TCEC_Cup14_SF_vs_Lc0_2024.pgn,42,b,Nf4,-107,-91,0.6,sustained,→,0,0,1
TCEC_Cup14_SF_vs_Lc0_2024.pgn,43,w,Rc1,107,121,0.5,sustained,→,0,0,1
TCEC_Cup14_SF_vs_Lc0_2024.pgn,44,b,Qb7,-107,-93,0.5,sustained,→,0,0,1
TCEC_Cup14_SF_vs_Lc0_2024.pgn,45,w,Nd1,107,118,0.333,sustained,→,0,0,1
TCEC_Cup14_SF_vs_Lc0_2024.pgn,46,b,Bf8,-107,-96,0.333,sustained,→,0,0,1
TCEC_Cup14_SF_vs_Lc0_2024.pgn,47,w,Bxf4,107,112,0,sustained,→,0,0,1
TCEC_Cup14_SF_vs_Lc0_2024.pgn,48,b,exf4,-107,-103,0,sustained,→,0,0,1
TCEC_Cup14_SF_vs_Lc0_2024.pgn,49,w,Qxf4,107,122,0.5,sustained,→,0,0,1
TCEC_Cup14_SF_vs_Lc0_2024.pgn,50,b,Rd8,-107,-122,0.5,collapse,→,0,0,1
TCEC_Cup14_SF_vs_Lc0_2024.pgn,51,w,Nc3,118,129,0.333,sustained,→,0,0,1
TCEC_Cup14_SF_vs_Lc0_2024.pgn,52,b,Rd4,,,,,,0,0,0
TCEC_Cup14_SF_vs_Lc0_2024.pgn,53,w,Qe5,118,122,0,sustained,→,0,0,1
TCEC_Cup14_SF_vs_Lc0_2024.pgn,54,b,Qe7,-118,-104,0.5,sustained,→,0,0,1
TCEC_Cup14_SF_vs_Lc0_2024.pgn,55,w,Qxe7,118,102,0.5,collapse,↓,0,0,1
TCEC_Cup14_SF_vs_Lc0_2024.pgn,56,b,Bxe7,-102,-98,0.5,unknown,→,0,0,1
TCEC_Cup14_SF_vs_Lc0_2024.pgn,57,w,f4,,,,,,0,0,0
TCEC_Cup14_SF_vs_Lc0_2024.pgn,58,b,h6,-100,-86,0.5,sustained,→,0,0,1
TCEC_Cup14_SF_vs_Lc0_2024.pgn,59,w,Kc2,100,114,0.5,sustained,→,0,0,1
TCEC_Cup14_SF_vs_Lc0_2024.pgn,60,b,c4,-100,-96,0.5,unknown,→,0,0,1
TCEC_Cup14_SF_vs_Lc0_2024.pgn,61,w,Rf1,,,,,,0,0,0
TCEC_Cup14_SF_vs_Lc0_2024.pgn,62,b,hxg5,,,,,,0,0,
TCEC_Cup14_SF_vs_Lc0_2024.pgn,63,w,fxg5,161,175,0.5,sustained,→,0,0,1
TCEC_Cup14_SF_vs_Lc0_2024.pgn,64,b,Rd8,-161,-157,0.5,unknown,→,0,0,1
TCEC_Cup14_SF_vs_Lc0_2024.pgn,65,w,Bc6,,,,,,0,0,0
TCEC_Cup14_SF_vs_Lc0_2024.pgn,66,b,Kg7,-139,-125,0.5,sustained,→,0,0,1
TCEC_Cup14_SF_vs_Lc0_2024.pgn,67,w,e5,139,143,0.5,unknown,→,0,0,1
TCEC_Cup14_SF_vs_Lc0_2024.pgn,68,b,Bb4,,,,,,0,0,0
TCEC_Cup14_SF_vs_Lc0_2024.pgn,69,w,Bb5,176,180,0.5,unknown,→,0,0,1
TCEC_Cup14_SF_vs_Lc0_2024.pgn,70,b,Bc5,,,,,,0,0,0
TCEC_Cup14_SF_vs_Lc0_2024.pgn,71,w,Kb1,181,185,0.5,unknown,→,0,0,1
TCEC_Cup14_SF_vs_Lc0_2024.pgn,72,b,Rb8,,,,,,0,0,0
TCEC_Cup14_SF_vs_Lc0_2024.pgn,73,w,Rf4,193,209,0.6,sustained,→,0,0,1
TCEC_Cup14_SF_vs_Lc0_2024.pgn,74,b,Rb7,-193,-177,0.6,sustained,→,0,0,1
TCEC_Cup14_SF_vs_Lc0_2024.pgn,75,w,Ne4,193,204,0.333,sustained,→,0,0,1
TCEC_Cup14_SF_vs_Lc0_2024.pgn,76,b,Bd4,-193,-177,0.6,sustained,→,0,0,1
TCEC_Cup14_SF_vs_Lc0_2024.pgn,77,w,e6,193,209,0.6,sustained,→,0,0,1
TCEC_Cup14_SF_vs_Lc0_2024.pgn,78,b,Be5,-193,-181,0.4,building,↑,-6.5,0,1
TCEC_Cup14_SF_vs_Lc0_2024.pgn,79,w,Nc5,167,151,0.25,collapse,↓,8.7,0,1
TCEC_Cup14_SF_vs_Lc0_2024.pgn,80,b,Re7,-167,-153,0.5,sustained,→,0,0,1
TCEC_Cup14_SF_vs_Lc0_2024.pgn,81,w,Re4,193,204,0.333,sustained,→,0,0,1
TCEC_Cup14_SF_vs_Lc0_2024.pgn,82,b,Bc7,-193,-182,0.333,sustained,→,0,0,1
TCEC_Cup14_SF_vs_Lc0_2024.pgn,83,w,Ka2,193,198,0,sustained,→,0,0,1
TCEC_Cup14_SF_vs_Lc0_2024.pgn,84,b,Kf8,-193,-189,0,sustained,→,0,0,1
TCEC_Cup14_SF_vs_Lc0_2024.pgn,85,w,Ka1,193,207,0.5,sustained,→,0,0,1
TCEC_Cup14_SF_vs_Lc0_2024.pgn,86,b,Kg7,-193,-179,0.5,sustained,→,0,0,1
TCEC_Cup14_SF_vs_Lc0_2024.pgn,87,w,Kb1,193,198,0.5,unknown,→,0,0,1
TCEC_Cup14_SF_vs_Lc0_2024.pgn,88,b,Kf8,,,,,,0,0,0
TCEC_Cup14_SF_vs_Lc0_2024.pgn,89,w,Kc2,199,213,0.5,sustained,→,0,0,1
TCEC_Cup14_SF_vs_Lc0_2024.pgn,90,b,Kg7,-199,-188,0.333,sustained,→,0,0,1
TCEC_Cup14_SF_vs_Lc0_2024.pgn,91,w,Bxc4,199,178,0,collapse,↓,10,0,1
TCEC_Cup14_SF_vs_Lc0_2024.pgn,92,b,Bd6,-179,-175,0,building,↑,-20,0,1
TCEC_Cup14_SF_vs_Lc0_2024.pgn,93,w,Nd3,179,192,0.5,sustained,→,-0.7,0,1
TCEC_Cup14_SF_vs_Lc0_2024.pgn,94,b,f5,,,,,,0,0,0
TCEC_Cup14_SF_vs_Lc0_2024.pgn,95,w,gxf6+,225,235,0.333,sustained,→,0,0,1
TCEC_Cup14_SF_vs_Lc0_2024.pgn,96,b,Kxf6,-225,-215,0.333,sustained,→,0,0,1
TCEC_Cup14_SF_vs_Lc0_2024.pgn,97,w,Bb3,225,228,0,sustained,→,0,0,1
TCEC_Cup14_SF_vs_Lc0_2024.pgn,98,b,Nc8,-225,-222,0,sustained,→,0,0,1
TCEC_Cup14_SF_vs_Lc0_2024.pgn,99,w,Re1,225,238,0.5,sustained,→,0,0,1
TCEC_Cup14_SF_vs_Lc0_2024.pgn,100,b,Rc7+,-225,-212,0.5,sustained,→,0,0,1
TCEC_Cup14_SF_vs_Lc0_2024.pgn,101,w,Kb1,225,229,0.5,unknown,→,0,0,1
TCEC_Cup14_SF_vs_Lc0_2024.pgn,102,b,Ne7,,,,,,0,0,0
TCEC_Cup14_SF_vs_Lc0_2024.pgn,103,w,Nf2,232,245,0.5,sustained,→,0,0,1
TCEC_Cup14_SF_vs_Lc0_2024.pgn,104,b,Kg7,-232,-218,0.5,sustained,→,0,0,1
TCEC_Cup14_SF_vs_Lc0_2024.pgn,105,w,Ne4,232,246,0.5,sustained,→,0,0,1
TCEC_Cup14_SF_vs_Lc0_2024.pgn,106,b,Be5,,,,,,0,0,0
TCEC_Cup14_SF_vs_Lc0_2024.pgn,107,w,h5,323,327,0.5,unknown,→,0,0,1
TCEC_Cup14_SF_vs_Lc0_2024.pgn,108,b,Ra7,,,,,,0,0,0
TCEC_Cup14_SF_vs_Lc0_2024.pgn,109,w,Rg1,326,330,0,sustained,→,0,0,1
TCEC_Cup14_SF_vs_Lc0_2024.pgn,110,b,Bd4,-326,-312,0.5,sustained,→,0,0,1
TCEC_Cup14_SF_vs_Lc0_2024.pgn,111,w,Rg2,326,339,0.5,sustained,→,0,0,1
TCEC_Cup14_SF_vs_Lc0_2024.pgn,112,b,Rb7,-326,-322,0.5,unknown,→,0,0,1
TCEC_Cup14_SF_vs_Lc0_2024.pgn,113,w,Bc4,,,,,,0,0,0
TCEC_Cup14_SF_vs_Lc0_2024.pgn,114,b,Be5,,,,,,0,0,0
TCEC_Cup14_SF_vs_Lc0_2024.pgn,115,w,b3,347,361,0.5,sustained,→,0,0,1
TCEC_Cup14_SF_vs_Lc0_2024.pgn,116,b,Kh6,-347,-333,0.5,sustained,→,0,0,1
TCEC_Cup14_SF_vs_Lc0_2024.pgn,117,w,hxg6,347,351,0.5,unknown,→,0,0,1
TCEC_Cup14_SF_vs_Lc0_2024.pgn,118,b,Rb8,,,,,,0,0,0
TCEC_Cup14_SF_vs_Lc0_2024.pgn,119,w,Kc2,357,361,0.5,unknown,→,0,0,1
TCEC_Cup14_SF_vs_Lc0_2024.pgn,120,b,Rg8,,,,,,0,0,0
TCEC_Cup14_SF_vs_Lc0_2024.pgn,121,w,Rg5,368,382,0.5,sustained,→,0,0,1
TCEC_Cup14_SF_vs_Lc0_2024.pgn,122,b,Bc7,-368,-354,0.5,sustained,→,0,0,1
TCEC_Cup14_SF_vs_Lc0_2024.pgn,123,w,b4,,,,,,0,0,0
TCEC_Cup14_SF_vs_Lc0_2024.pgn,124,b,axb4,-350,-336,0.5,sustained,→,0,0,1
TCEC_Cup14_SF_vs_Lc0_2024.pgn,125,w,a5,350,353,0.5,unknown,→,0,0,1
TCEC_Cup14_SF_vs_Lc0_2024.pgn,126,b,Bf4,,,,,,0,0,0
TCEC_Cup14_SF_vs_Lc0_2024.pgn,127,w,Rg1,,,,,,0,0,0
TCEC_Cup14_SF_vs_Lc0_2024.pgn,128,b,b3+,,,,,,0,0,
TCEC_Cup14_SF_vs_Lc0_2024.pgn,129,w,Kxb3,425,428,0.5,unknown,→,0,0,1
TCEC_Cup14_SF_vs_Lc0_2024.pgn,130,b,Rb8+,,,,,,0,0,0
TCEC_Cup14_SF_vs_Lc0_2024.pgn,131,w,Ka4,446,449,0.5,unknown,→,0,0,1
TCEC_Cup14_SF_vs_Lc0_2024.pgn,132,b,Be3,,,,,,0,0,0
TCEC_Cup14_SF_vs_Lc0_2024.pgn,133,w,Rg3,,,,,,0,0,
TCEC_Cup14_SF_vs_Lc0_2024.pgn,134,b,Bf4,,,,,,0,0,0
TCEC_Cup14_SF_vs_Lc0_2024.pgn,135,w,Rf3,469,472,0.5,unknown,→,0,0,1
TCEC_Cup14_SF_vs_Lc0_2024.pgn,136,b,Rf8,,,,,,0,0,0
TCEC_Cup14_SF_vs_Lc0_2024.pgn,137,w,Nc3,578,582,0.5,unknown,→,0,0,1
TCEC_Cup14_SF_vs_Lc0_2024.pgn,138,b,Rf5,,,,,,0,0,0
TCEC_Cup14_SF_vs_Lc0_2024.pgn,139,w,a6,672,676,0.5,unknown,→,0,0,1
TCEC_Cup14_SF_vs_Lc0_2024.pgn,140,b,Nc8,,,,,,0,0,0
TCEC_Cup14_SF_vs_Lc0_2024.pgn,141,w,Nd5,875,879,0.5,unknown,→,0,0,1
TCEC_Cup14_SF_vs_Lc0_2024.pgn,142,b,Rg5,,,,,,0,0,0
TCEC_Cup14_SF_vs_Lc0_2024.pgn,143,w,e7,,,,,,0,0,0
TCEC_Cup14_SF_vs_Lc0_2024.pgn,144,b,Re5,,,,,,0,0,0
TCEC_Cup14_SF_vs_Lc0_2024.pgn,145,w,Rxf4,1272,1275,0.5,unknown,→,0,0,1
TCEC_Cup14_SF_vs_Lc0_2024.pgn,146,b,Na7,,,,,,0,0,0
TCEC_Cup14_SF_vs_Lc0_2024.pgn,147,w,Rg4,29969,29983,0.5,sustained,→,0,0,1
TCEC_Cup14_SF_vs_Lc0_2024.pgn,148,b,Kg7,-29970,-29956,0.5,sustained,→,0,0,1
TCEC_Cup14_SF_vs_Lc0_2024.pgn,149,w,Bd3,,,,,,0,0,0
TCEC_Cup14_SF_vs_Lc0_2024.pgn,150,b,Nc8,,,,,,0,0,0
TCEC_Cup14_SF_vs_Lc0_2024.pgn,151,w,a7,29977,29981,0,sustained,→,0,0,1
TCEC_Cup14_SF_vs_Lc0_2024.pgn,152,b,Nxe7,,,,,,0,0,0
TCEC_Cup14_SF_vs_Lc0_2024.pgn,153,w,Nxe7,29979,29992,0.5,sustained,→,0,0,1
TCEC_Cup14_SF_vs_Lc0_2024.pgn,154,b,Re1,-29980,-29977,0.5,unknown,→,0,0,1
TCEC_Cup14_SF_vs_Lc0_2024.pgn,155,w,Kb3,,,,,,0,0,0
TCEC_Cup14_SF_vs_Lc0_2024.pgn,156,b,Ra1,-29976,-29972,0.5,unknown,→,0,0,1
TCEC_Cup14_SF_vs_Lc0_2024.pgn,157,w,a8=Q,,,,,,0,0,0
TCEC_Cup14_SF_vs_Lc0_2024.pgn,158,b,Rxa8,-29964,-29925,0.5,sustained,→,0,0,1
TCEC_Cup14_SF_vs_Lc0_2024.pgn,159,w,Rf4,24994,,,,,0,0,0
TCEC_Cup14_SF_vs_Lc0_2024.pgn,160,b,Rb8+,-24995,-24956,0.5,sustained,→,0,0,1
TCEC_Cup14_SF_vs_Lc0_2024.pgn,161,w,Kc4,24996,25035,0.5,sustained,→,0,0,1
TCEC_Cup14_SF_vs_Lc0_2024.pgn,162,b,Kh6,-24999,,,,,0,0,0
TCEC_Cup14_SF_vs_Lc0_2024.pgn,163,w,Kd5,24994,,,,,0,0,0
TCEC_Cup14_SF_vs_Lc0_2024.pgn,164,b,Rd8+,-24995,-24956,0.5,sustained,→,0,0,1
TCEC_Cup14_SF_vs_Lc0_2024.pgn,165,w,Ke4,24996,25034,0.5,sustained,→,0,0,1
TCEC_Cup14_SF_vs_Lc0_2024.pgn,166,b,Rb8,-24999,,,,,0,0,0
TCEC_Cup14_SF_vs_Lc0_2024.pgn,167,w,Ke5,24996,,,,,0,0,0
TCEC_Cup14_SF_vs_Lc0_2024.pgn,168,b,Rd8,-24999,,,,,0,0,0
TCEC_Cup14_SF_vs_Lc0_2024.pgn,169,w,Be2,24996,,,,,0,0,0
TCEC_Cup14_SF_vs_Lc0_2024.pgn,170,b,Rb8,-24999,,,,,0,0,0
TCEC_Cup14_SF_vs_Lc0_2024.pgn,171,w,Rh4+,24996,,,,,0,0,0
TCEC_Cup14_SF_vs_Lc0_2024.pgn,172,b,Kg7,-24997,-24958,0.5,sustained,→,0,0,1
TCEC_Cup14_SF_vs_Lc0_2024.pgn,173,w,Rh7+,24998,25037,0.5,sustained,→,0,0,1
TCEC_Cup14_SF_vs_Lc0_2024.pgn,174,b,Kf8,-24999,-24960,0.5,sustained,→,0,0,1
TCEC_Cup14_SF_vs_Lc0_2024.pgn,175,w,g7+,24998,25037,0.5,sustained,→,0,0,1
TCEC_Cup14_SF_vs_Lc0_2024.pgn,176,b,Ke8,-24999,-24960,0.5,sustained,→,0,0,1
TCEC_Cup14_SF_vs_Lc0_2024.pgn,177,w,g8=Q+,24998,,,,,0,0,0
TCEC_Cup14_SF_vs_Lc0_2024.pgn,178,b,Kd7,-24999,-24960,0.5,sustained,→,0,0,1
TCEC_Cup14_SF_vs_Lc0_2024.pgn,179,w,Nd5+,24998,25037,0.5,sustained,→,0,0,1
TCEC_Cup14_SF_vs_Lc0_2024.pgn,180,b,Kc6,-24999,-24971,0.5,unknown,→,0,0,1
TCEC_Cup14_SF_vs_Lc0_2024.pgn,181,w,Rc7#,24999,,,,,0,0,0
